source_path,title,domain_or_collection,document_type,current_classification,proposed_disposition,proposed_archive_path,reason,superseded_by,canonical_replacement,historical_value,referenced_by_canonical_docs,incoming_repo_links_count,link_break_risk,special_handling,confidence
docs/architecture_audits/2026-09-05-storefront-appearance-builder-architecture-audit.md,2026-09-05-storefront-appearance-builder-architecture-audit.md,storefront_presentation,QA_EVIDENCE,QA_EVIDENCE,ARCHIVE_CANDIDATE,docs/archive/architecture_audits/2026-09-05-storefront-appearance-builder-architecture-audit.md,Phase-4 archive group C_audits_qa; historical/superseded report/audit/reference with no canonical dependency,,,MEDIUM,0,0,LOW,C_audits_qa,MEDIUM
docs/architecture_audits/final_closure_pack/01-current-product-capability-inventory.md,01-current-product-capability-inventory.md,cross_cutting,QA_EVIDENCE,QA_EVIDENCE,ARCHIVE_CANDIDATE,docs/archive/architecture_audits/final_closure_pack/01-current-product-capability-inventory.md,Phase-4 archive group C_audits_qa; historical/superseded report/audit/reference with no canonical dependency,,,MEDIUM,0,0,LOW,C_audits_qa,MEDIUM
docs/architecture_audits/final_closure_pack/02-source-of-truth-and-writer-census.md,02-source-of-truth-and-writer-census.md,cross_cutting,QA_EVIDENCE,QA_EVIDENCE,ARCHIVE_CANDIDATE,docs/archive/architecture_audits/final_closure_pack/02-source-of-truth-and-writer-census.md,Phase-4 archive group C_audits_qa; historical/superseded report/audit/reference with no canonical dependency,,,MEDIUM,0,0,LOW,C_audits_qa,MEDIUM
docs/architecture_audits/final_closure_pack/03-component-contract-and-builder-coverage.md,03-component-contract-and-builder-coverage.md,storefront_presentation,QA_EVIDENCE,QA_EVIDENCE,ARCHIVE_CANDIDATE,docs/archive/architecture_audits/final_closure_pack/03-component-contract-and-builder-coverage.md,Phase-4 archive group C_audits_qa; historical/superseded report/audit/reference with no canonical dependency,,,MEDIUM,0,0,LOW,C_audits_qa,MEDIUM
docs/architecture_audits/final_closure_pack/04-50-template-dna-reality-check.md,04-50-template-dna-reality-check.md,storefront_presentation,QA_EVIDENCE,QA_EVIDENCE,ARCHIVE_CANDIDATE,docs/archive/architecture_audits/final_closure_pack/04-50-template-dna-reality-check.md,Phase-4 archive group C_audits_qa; historical/superseded report/audit/reference with no canonical dependency,,,MEDIUM,0,0,LOW,C_audits_qa,MEDIUM
docs/architecture_audits/final_closure_pack/05-runtime-parity-and-quality-readiness.md,05-runtime-parity-and-quality-readiness.md,cross_cutting,QA_EVIDENCE,QA_EVIDENCE,ARCHIVE_CANDIDATE,docs/archive/architecture_audits/final_closure_pack/05-runtime-parity-and-quality-readiness.md,Phase-4 archive group C_audits_qa; historical/superseded report/audit/reference with no canonical dependency,,,MEDIUM,0,0,LOW,C_audits_qa,MEDIUM
docs/architecture_audits/final_closure_pack/06-legacy-retirement-and-migration-readiness.md,06-legacy-retirement-and-migration-readiness.md,cross_cutting,QA_EVIDENCE,QA_EVIDENCE,ARCHIVE_CANDIDATE,docs/archive/architecture_audits/final_closure_pack/06-legacy-retirement-and-migration-readiness.md,Phase-4 archive group C_audits_qa; historical/superseded report/audit/reference with no canonical dependency,,,MEDIUM,0,0,LOW,C_audits_qa,MEDIUM
docs/architecture_audits/final_closure_pack/07-master-current-state-blueprint.md,07-master-current-state-blueprint.md,cross_cutting,QA_EVIDENCE,QA_EVIDENCE,ARCHIVE_CANDIDATE,docs/archive/architecture_audits/final_closure_pack/07-master-current-state-blueprint.md,Phase-4 archive group C_audits_qa; historical/superseded report/audit/reference with no canonical dependency,,,MEDIUM,0,0,LOW,C_audits_qa,MEDIUM
docs/architecture_decisions/2026-09-05-storefront-appearance-convergence-decision-baseline.md,2026-09-05-storefront-appearance-convergence-decision-baseline.md,storefront_presentation,SUPPORTING,SUPPORTING,KEEP_CANONICAL_SUPPORT,,SUPPORTING doc supporting current architecture; retain as canonical support,,,SUPPORTS_CURRENT,0,0,NONE,,MEDIUM
docs/architecture_reviews/2026-09-05-kiro-storefront-appearance-convergence-workflow-review.md,2026-09-05-kiro-storefront-appearance-convergence-workflow-review.md,storefront_presentation,HISTORICAL,HISTORICAL,KEEP_HISTORICAL_REFERENCE,,Historical/evidence doc (HISTORICAL) not in a Phase-4 archive group; retain as historical reference (conservative default),,,HIGH,0,0,NONE,,MEDIUM
docs/architecture/STOREFRONT_BUILDER_V2_DATA_LIFECYCLE.md,STOREFRONT_BUILDER_V2_DATA_LIFECYCLE.md,storefront_presentation,SUPPORTING,SUPPORTING,KEEP_CANONICAL_SUPPORT,,SUPPORTING doc supporting current architecture; retain as canonical support,,,SUPPORTS_CURRENT,0,0,NONE,,MEDIUM
docs/architecture/STOREFRONT_BUILDER_V2_EXISTING_CAPABILITY_AUDIT.md,STOREFRONT_BUILDER_V2_EXISTING_CAPABILITY_AUDIT.md,storefront_presentation,QA_EVIDENCE,QA_EVIDENCE,KEEP_HISTORICAL_REFERENCE,,Historical/evidence doc (QA_EVIDENCE) not in a Phase-4 archive group; retain as historical reference (conservative default),,,MEDIUM,0,0,NONE,,MEDIUM
docs/architecture/STOREFRONT_BUILDER_V2_IMPLEMENTATION_PLAN.md,STOREFRONT_BUILDER_V2_IMPLEMENTATION_PLAN.md,storefront_presentation,PLAN_ONLY,PLAN_ONLY,DEFER_REVIEW,,Plan-only doc outside superpowers tree; completion unverified; defer to human review,,,MEDIUM,0,0,NONE,PLAN_COMPLETION_UNVERIFIED,LOW
docs/architecture/STOREFRONT_BUILDER_V2_LEGACY_RETIREMENT_MAP.md,STOREFRONT_BUILDER_V2_LEGACY_RETIREMENT_MAP.md,storefront_presentation,SUPPORTING,SUPPORTING,KEEP_CANONICAL_SUPPORT,,PROTECTED: canonical source-of-truth doc referenced by the canonical pack,,,SUPPORTS_CURRENT,2,4,NONE,PROTECTED_CANONICAL_SOURCE,HIGH
docs/architecture/STOREFRONT_BUILDER_V2_LEGACY_VISUAL_PATTERN_EXTRACTION.md,STOREFRONT_BUILDER_V2_LEGACY_VISUAL_PATTERN_EXTRACTION.md,storefront_presentation,SUPPORTING,SUPPORTING,KEEP_CANONICAL_SUPPORT,,SUPPORTING doc supporting current architecture; retain as canonical support,,,SUPPORTS_CURRENT,0,0,NONE,,MEDIUM
docs/architecture/STOREFRONT_BUILDER_V2_PHASE_0_5_REPORT.md,STOREFRONT_BUILDER_V2_PHASE_0_5_REPORT.md,storefront_presentation,HISTORICAL,HISTORICAL,ARCHIVE_CANDIDATE,docs/archive/architecture/STOREFRONT_BUILDER_V2_PHASE_0_5_REPORT.md,Phase-4 archive group A_architecture_history; historical/superseded report/audit/reference with no canonical dependency,,,HIGH,0,0,LOW,A_architecture_history,MEDIUM
docs/architecture/STOREFRONT_BUILDER_V2_PHASE_1A_REPORT.md,STOREFRONT_BUILDER_V2_PHASE_1A_REPORT.md,storefront_presentation,HISTORICAL,HISTORICAL,KEEP_HISTORICAL_REFERENCE,,Archive-group A_architecture_history BUT referenced by 1 code/template/script reference(s); HIGH-RISK -> keep as historical reference (code paths must not be auto-changed),,,HIGH,0,1,NONE,CODE_REFERENCE_DO_NOT_CHANGE_AUTOMATICALLY,MEDIUM
docs/architecture/STOREFRONT_BUILDER_V2_PHASE_1B_AUDIT.md,STOREFRONT_BUILDER_V2_PHASE_1B_AUDIT.md,storefront_presentation,QA_EVIDENCE,QA_EVIDENCE,ARCHIVE_CANDIDATE,docs/archive/architecture/STOREFRONT_BUILDER_V2_PHASE_1B_AUDIT.md,Phase-4 archive group A_architecture_history; historical/superseded report/audit/reference with no canonical dependency,,,MEDIUM,0,0,LOW,A_architecture_history,MEDIUM
docs/architecture/STOREFRONT_BUILDER_V2_PHASE_1B_REPORT.md,STOREFRONT_BUILDER_V2_PHASE_1B_REPORT.md,storefront_presentation,HISTORICAL,HISTORICAL,ARCHIVE_CANDIDATE,docs/archive/architecture/STOREFRONT_BUILDER_V2_PHASE_1B_REPORT.md,Phase-4 archive group A_architecture_history; historical/superseded report/audit/reference with no canonical dependency,,,HIGH,0,0,LOW,A_architecture_history,MEDIUM
docs/architecture/STOREFRONT_BUILDER_V2_PHASE_2_AUDIT.md,STOREFRONT_BUILDER_V2_PHASE_2_AUDIT.md,storefront_presentation,QA_EVIDENCE,QA_EVIDENCE,ARCHIVE_CANDIDATE,docs/archive/architecture/STOREFRONT_BUILDER_V2_PHASE_2_AUDIT.md,Phase-4 archive group A_architecture_history; historical/superseded report/audit/reference with no canonical dependency,,,MEDIUM,0,0,LOW,A_architecture_history,MEDIUM
docs/architecture/STOREFRONT_BUILDER_V2_PHASE_2_REPORT.md,STOREFRONT_BUILDER_V2_PHASE_2_REPORT.md,storefront_presentation,HISTORICAL,HISTORICAL,ARCHIVE_CANDIDATE,docs/archive/architecture/STOREFRONT_BUILDER_V2_PHASE_2_REPORT.md,Phase-4 archive group A_architecture_history; historical/superseded report/audit/reference with no canonical dependency,,,HIGH,0,0,LOW,A_architecture_history,MEDIUM
docs/architecture/STOREFRONT_BUILDER_V2_PHASE_3_AUDIT.md,STOREFRONT_BUILDER_V2_PHASE_3_AUDIT.md,storefront_presentation,QA_EVIDENCE,QA_EVIDENCE,ARCHIVE_CANDIDATE,docs/archive/architecture/STOREFRONT_BUILDER_V2_PHASE_3_AUDIT.md,Phase-4 archive group A_architecture_history; historical/superseded report/audit/reference with no canonical dependency,,,MEDIUM,0,0,LOW,A_architecture_history,MEDIUM
docs/architecture/STOREFRONT_BUILDER_V2_PHASE_3_REPORT.md,STOREFRONT_BUILDER_V2_PHASE_3_REPORT.md,storefront_presentation,HISTORICAL,HISTORICAL,ARCHIVE_CANDIDATE,docs/archive/architecture/STOREFRONT_BUILDER_V2_PHASE_3_REPORT.md,Phase-4 archive group A_architecture_history; historical/superseded report/audit/reference with no canonical dependency,,,HIGH,0,0,LOW,A_architecture_history,MEDIUM
docs/architecture/STOREFRONT_BUILDER_V2_PHASE_4_AUDIT.md,STOREFRONT_BUILDER_V2_PHASE_4_AUDIT.md,storefront_presentation,QA_EVIDENCE,QA_EVIDENCE,ARCHIVE_CANDIDATE,docs/archive/architecture/STOREFRONT_BUILDER_V2_PHASE_4_AUDIT.md,Phase-4 archive group A_architecture_history; historical/superseded report/audit/reference with no canonical dependency,,,MEDIUM,0,0,LOW,A_architecture_history,MEDIUM
docs/architecture/STOREFRONT_BUILDER_V2_PHASE_4_REPORT.md,STOREFRONT_BUILDER_V2_PHASE_4_REPORT.md,storefront_presentation,HISTORICAL,HISTORICAL,ARCHIVE_CANDIDATE,docs/archive/architecture/STOREFRONT_BUILDER_V2_PHASE_4_REPORT.md,Phase-4 archive group A_architecture_history; historical/superseded report/audit/reference with no canonical dependency,,,HIGH,0,0,LOW,A_architecture_history,MEDIUM
docs/architecture/STOREFRONT_BUILDER_V2_PHASE_5_AUDIT.md,STOREFRONT_BUILDER_V2_PHASE_5_AUDIT.md,storefront_presentation,QA_EVIDENCE,QA_EVIDENCE,ARCHIVE_CANDIDATE,docs/archive/architecture/STOREFRONT_BUILDER_V2_PHASE_5_AUDIT.md,Phase-4 archive group A_architecture_history; historical/superseded report/audit/reference with no canonical dependency,,,MEDIUM,0,0,LOW,A_architecture_history,MEDIUM
docs/architecture/STOREFRONT_BUILDER_V2_PHASE_5_REPORT.md,STOREFRONT_BUILDER_V2_PHASE_5_REPORT.md,storefront_presentation,HISTORICAL,HISTORICAL,ARCHIVE_CANDIDATE,docs/archive/architecture/STOREFRONT_BUILDER_V2_PHASE_5_REPORT.md,Phase-4 archive group A_architecture_history; historical/superseded report/audit/reference with no canonical dependency,,,HIGH,0,0,LOW,A_architecture_history,MEDIUM
docs/architecture/STOREFRONT_BUILDER_V2_PHASE_6_AUDIT.md,STOREFRONT_BUILDER_V2_PHASE_6_AUDIT.md,storefront_presentation,QA_EVIDENCE,QA_EVIDENCE,ARCHIVE_CANDIDATE,docs/archive/architecture/STOREFRONT_BUILDER_V2_PHASE_6_AUDIT.md,Phase-4 archive group A_architecture_history; historical/superseded report/audit/reference with no canonical dependency,,,MEDIUM,0,0,LOW,A_architecture_history,MEDIUM
docs/architecture/STOREFRONT_BUILDER_V2_PHASE_6_REPORT.md,STOREFRONT_BUILDER_V2_PHASE_6_REPORT.md,storefront_presentation,HISTORICAL,HISTORICAL,ARCHIVE_CANDIDATE,docs/archive/architecture/STOREFRONT_BUILDER_V2_PHASE_6_REPORT.md,Phase-4 archive group A_architecture_history; historical/superseded report/audit/reference with no canonical dependency,,,HIGH,0,0,LOW,A_architecture_history,MEDIUM
docs/architecture/STOREFRONT_BUILDER_V2_PHASE_7_AUDIT.md,STOREFRONT_BUILDER_V2_PHASE_7_AUDIT.md,storefront_presentation,QA_EVIDENCE,QA_EVIDENCE,ARCHIVE_CANDIDATE,docs/archive/architecture/STOREFRONT_BUILDER_V2_PHASE_7_AUDIT.md,Phase-4 archive group A_architecture_history; historical/superseded report/audit/reference with no canonical dependency,,,MEDIUM,0,0,LOW,A_architecture_history,MEDIUM
docs/architecture/STOREFRONT_BUILDER_V2_PHASE_7_REPORT.md,STOREFRONT_BUILDER_V2_PHASE_7_REPORT.md,storefront_presentation,HISTORICAL,HISTORICAL,KEEP_HISTORICAL_REFERENCE,,Archive-group A_architecture_history BUT referenced by 1 code/template/script reference(s); HIGH-RISK -> keep as historical reference (code paths must not be auto-changed),,,HIGH,0,1,NONE,CODE_REFERENCE_DO_NOT_CHANGE_AUTOMATICALLY,MEDIUM
docs/architecture/STOREFRONT_BUILDER_V2_PHASE_8_DESIGN_FREEDOM_PROOF.md,STOREFRONT_BUILDER_V2_PHASE_8_DESIGN_FREEDOM_PROOF.md,storefront_presentation,SUPPORTING,SUPPORTING,ARCHIVE_CANDIDATE,docs/archive/architecture/STOREFRONT_BUILDER_V2_PHASE_8_DESIGN_FREEDOM_PROOF.md,Phase-4 archive group A_architecture_history; historical/superseded report/audit/reference with no canonical dependency,,,LOW,0,0,LOW,A_architecture_history,MEDIUM
docs/architecture/STOREFRONT_BUILDER_V2_PHASE_8_FIDELITY_AUDIT.md,STOREFRONT_BUILDER_V2_PHASE_8_FIDELITY_AUDIT.md,storefront_presentation,QA_EVIDENCE,QA_EVIDENCE,ARCHIVE_CANDIDATE,docs/archive/architecture/STOREFRONT_BUILDER_V2_PHASE_8_FIDELITY_AUDIT.md,Phase-4 archive group A_architecture_history; historical/superseded report/audit/reference with no canonical dependency,,,MEDIUM,0,0,LOW,A_architecture_history,MEDIUM
docs/architecture/STOREFRONT_BUILDER_V2_PHASE_8_GAP_MATRIX.md,STOREFRONT_BUILDER_V2_PHASE_8_GAP_MATRIX.md,storefront_presentation,SUPPORTING,SUPPORTING,ARCHIVE_CANDIDATE,docs/archive/architecture/STOREFRONT_BUILDER_V2_PHASE_8_GAP_MATRIX.md,Phase-4 archive group A_architecture_history; historical/superseded report/audit/reference with no canonical dependency,,,LOW,0,0,LOW,A_architecture_history,MEDIUM
docs/architecture/STOREFRONT_BUILDER_V2_PHASE_8_IMPLEMENTATION_PLAN.md,STOREFRONT_BUILDER_V2_PHASE_8_IMPLEMENTATION_PLAN.md,storefront_presentation,PLAN_ONLY,PLAN_ONLY,ARCHIVE_CANDIDATE,docs/archive/architecture/STOREFRONT_BUILDER_V2_PHASE_8_IMPLEMENTATION_PLAN.md,Phase-4 archive group A_architecture_history; historical/superseded report/audit/reference with no canonical dependency,,,MEDIUM,0,0,LOW,A_architecture_history,MEDIUM
docs/architecture/STOREFRONT_BUILDER_V2_PHASE_8_REPORT.md,STOREFRONT_BUILDER_V2_PHASE_8_REPORT.md,storefront_presentation,HISTORICAL,HISTORICAL,ARCHIVE_CANDIDATE,docs/archive/architecture/STOREFRONT_BUILDER_V2_PHASE_8_REPORT.md,Phase-4 archive group A_architecture_history; historical/superseded report/audit/reference with no canonical dependency,,,HIGH,0,0,LOW,A_architecture_history,MEDIUM
docs/architecture/STOREFRONT_BUILDER_V2_REUSE_MATRIX.md,STOREFRONT_BUILDER_V2_REUSE_MATRIX.md,storefront_presentation,SUPPORTING,SUPPORTING,KEEP_CANONICAL_SUPPORT,,SUPPORTING doc supporting current architecture; retain as canonical support,,,SUPPORTS_CURRENT,0,1,NONE,,MEDIUM
docs/architecture/STOREFRONT_BUILDER_V2_ROUTE_RENDERER_MAP.md,STOREFRONT_BUILDER_V2_ROUTE_RENDERER_MAP.md,storefront_presentation,SUPPORTING,SUPPORTING,KEEP_CANONICAL_SUPPORT,,SUPPORTING doc supporting current architecture; retain as canonical support,,,SUPPORTS_CURRENT,0,0,NONE,,MEDIUM
docs/architecture/UNIVERSAL_STOREFRONT_BUILDER_V2_SPEC.md,UNIVERSAL_STOREFRONT_BUILDER_V2_SPEC.md,storefront_presentation,DESIGN_INTENT,DESIGN_INTENT,KEEP_CANONICAL_SUPPORT,,PROTECTED: canonical source-of-truth doc referenced by the canonical pack,,,SUPPORTS_CURRENT,2,2,NONE,PROTECTED_CANONICAL_SOURCE,HIGH
docs/architecture/UNIVERSAL_STOREFRONT_PHASE1_ARCHITECTURE.md,UNIVERSAL_STOREFRONT_PHASE1_ARCHITECTURE.md,storefront_presentation,SUPPORTING,SUPPORTING,KEEP_CANONICAL_SUPPORT,,SUPPORTING doc supporting current architecture; retain as canonical support,,,SUPPORTS_CURRENT,0,0,NONE,,MEDIUM
docs/architecture/UNIVERSAL_STOREFRONT_PHASE2_RENDERER.md,UNIVERSAL_STOREFRONT_PHASE2_RENDERER.md,storefront_presentation,SUPPORTING,SUPPORTING,KEEP_CANONICAL_SUPPORT,,SUPPORTING doc supporting current architecture; retain as canonical support,,,SUPPORTS_CURRENT,0,0,NONE,,MEDIUM
docs/architecture/UNIVERSAL_STOREFRONT_U1A_TEMPLATE_REGISTRY_DECISION.md,UNIVERSAL_STOREFRONT_U1A_TEMPLATE_REGISTRY_DECISION.md,storefront_presentation,SUPPORTING,SUPPORTING,KEEP_CANONICAL_SUPPORT,,SUPPORTING doc supporting current architecture; retain as canonical support,,,SUPPORTS_CURRENT,0,1,NONE,,MEDIUM
docs/audits/2026-09-03-storefront-unified-architecture-gap-audit.md,2026-09-03-storefront-unified-architecture-gap-audit.md,storefront_presentation,QA_EVIDENCE,QA_EVIDENCE,ARCHIVE_CANDIDATE,docs/archive/audits/2026-09-03-storefront-unified-architecture-gap-audit.md,Phase-4 archive group C_audits_qa; historical/superseded report/audit/reference with no canonical dependency,,,MEDIUM,0,0,LOW,C_audits_qa,MEDIUM
docs/audits/universal_storefront_engine_u3_u11_execution.md,universal_storefront_engine_u3_u11_execution.md,storefront_presentation,QA_EVIDENCE,QA_EVIDENCE,ARCHIVE_CANDIDATE,docs/archive/audits/universal_storefront_engine_u3_u11_execution.md,Phase-4 archive group C_audits_qa; historical/superseded report/audit/reference with no canonical dependency,,,MEDIUM,0,0,LOW,C_audits_qa,MEDIUM
docs/docs/product/00_PROJECT_MASTER_REFERENCE.md,00_PROJECT_MASTER_REFERENCE.md,platform_wide,CURRENT_CANDIDATE,CURRENT_CANDIDATE,KEEP_CANONICAL_SUPPORT,,PROTECTED: canonical source-of-truth doc referenced by the canonical pack,,,SUPPORTS_CURRENT,0,5,NONE,PROTECTED_CANONICAL_SOURCE,HIGH
docs/docs/product/architecture/PAYMENT_ARCHITECTURE.md,PAYMENT_ARCHITECTURE.md,orders_payments,CURRENT_CANDIDATE,CURRENT_CANDIDATE,KEEP_CANONICAL_SUPPORT,,PROTECTED: canonical source-of-truth doc referenced by the canonical pack,,,SUPPORTS_CURRENT,2,2,NONE,PROTECTED_CANONICAL_SOURCE,HIGH
docs/docs/product/architecture/SAAS_ARCHITECTURE.md,SAAS_ARCHITECTURE.md,saas_billing_subscriptions,CURRENT_CANDIDATE,CURRENT_CANDIDATE,KEEP_CANONICAL_SUPPORT,,PROTECTED: canonical source-of-truth doc referenced by the canonical pack,,,SUPPORTS_CURRENT,1,4,NONE,PROTECTED_CANONICAL_SOURCE,HIGH
docs/docs/product/architecture/SAAS_DOMAIN_DECISIONS.md,SAAS_DOMAIN_DECISIONS.md,saas_billing_subscriptions,CURRENT_CANDIDATE,CURRENT_CANDIDATE,KEEP_CANONICAL_SUPPORT,,PROTECTED: canonical source-of-truth doc referenced by the canonical pack,,,SUPPORTS_CURRENT,2,8,NONE,PROTECTED_CANONICAL_SOURCE,HIGH
docs/docs/product/architecture/SAAS_MIGRATION_PLAN.md,SAAS_MIGRATION_PLAN.md,saas_billing_subscriptions,CURRENT_CANDIDATE,CURRENT_CANDIDATE,KEEP_CANONICAL_SUPPORT,,PROTECTED: canonical source-of-truth doc referenced by the canonical pack,,,SUPPORTS_CURRENT,0,1,NONE,PROTECTED_CANONICAL_SOURCE,HIGH
docs/docs/product/deployment/PRODUCTION_CONFIGURATION.md,PRODUCTION_CONFIGURATION.md,cross_cutting,SUPPORTING,SUPPORTING,KEEP_CANONICAL_SUPPORT,,PROTECTED: canonical source-of-truth doc referenced by the canonical pack,,,SUPPORTS_CURRENT,1,2,NONE,PROTECTED_CANONICAL_SOURCE,HIGH
docs/docs/product/Final Result At Last/novinshop-video-rich-products/README-X22.txt,README-X22.txt,cross_cutting,EVIDENCE_ONLY,EVIDENCE_ONLY,ARCHIVE_CANDIDATE,docs/archive/docs/product/Final Result At Last/novinshop-video-rich-products/README-X22.txt,Phase-4 archive group D_reference_material; historical/superseded report/audit/reference with no canonical dependency,,,MEDIUM,0,0,LOW,D_reference_material,MEDIUM
docs/docs/product/Final Result At Last/novinshop-video-rich-products/README-X23.txt,README-X23.txt,cross_cutting,EVIDENCE_ONLY,EVIDENCE_ONLY,ARCHIVE_CANDIDATE,docs/archive/docs/product/Final Result At Last/novinshop-video-rich-products/README-X23.txt,Phase-4 archive group D_reference_material; historical/superseded report/audit/reference with no canonical dependency,,,MEDIUM,0,0,LOW,D_reference_material,MEDIUM
docs/docs/product/Final Result At Last/novinshop-video-rich-products/README-X24.txt,README-X24.txt,cross_cutting,EVIDENCE_ONLY,EVIDENCE_ONLY,ARCHIVE_CANDIDATE,docs/archive/docs/product/Final Result At Last/novinshop-video-rich-products/README-X24.txt,Phase-4 archive group D_reference_material; historical/superseded report/audit/reference with no canonical dependency,,,MEDIUM,0,0,LOW,D_reference_material,MEDIUM
docs/docs/product/Final Result At Last/novinshop-video-rich-products/README-X25.txt,README-X25.txt,cross_cutting,EVIDENCE_ONLY,EVIDENCE_ONLY,ARCHIVE_CANDIDATE,docs/archive/docs/product/Final Result At Last/novinshop-video-rich-products/README-X25.txt,Phase-4 archive group D_reference_material; historical/superseded report/audit/reference with no canonical dependency,,,MEDIUM,0,0,LOW,D_reference_material,MEDIUM
docs/docs/product/Final Result At Last/Rastisi_Product_and_Technical_Blueprint_Volume_1.md,Rastisi_Product_and_Technical_Blueprint_Volume_1.md,cross_cutting,EVIDENCE_ONLY,EVIDENCE_ONLY,ARCHIVE_CANDIDATE,docs/archive/docs/product/Final Result At Last/Rastisi_Product_and_Technical_Blueprint_Volume_1.md,Phase-4 archive group D_reference_material; historical/superseded report/audit/reference with no canonical dependency,,,MEDIUM,0,0,LOW,D_reference_material,MEDIUM
docs/docs/product/reports/ADMIN_PANEL_COMPLETION_REPORT.md,ADMIN_PANEL_COMPLETION_REPORT.md,dashboard_merchant_admin,HISTORICAL,HISTORICAL,KEEP_HISTORICAL_REFERENCE,,Archive-group B_implementation_reports BUT referenced by 2 canonical/domain AKS doc(s); keep as historical reference to avoid breaking canonical links,,,HIGH,2,2,NONE,REFERENCED_BY_CANONICAL,MEDIUM
docs/docs/product/reports/PHASE_1B_ADMIN_FOUNDATION_REPORT.md,PHASE_1B_ADMIN_FOUNDATION_REPORT.md,dashboard_merchant_admin,HISTORICAL,HISTORICAL,ARCHIVE_CANDIDATE,docs/archive/docs/product/reports/PHASE_1B_ADMIN_FOUNDATION_REPORT.md,Phase-4 archive group B_implementation_reports; historical/superseded report/audit/reference with no canonical dependency,,,HIGH,0,0,LOW,B_implementation_reports,MEDIUM
docs/docs/product/reports/PHASE_1C_PRODUCT_MANAGEMENT_REPORT.md,PHASE_1C_PRODUCT_MANAGEMENT_REPORT.md,cross_cutting,HISTORICAL,HISTORICAL,KEEP_HISTORICAL_REFERENCE,,Archive-group B_implementation_reports BUT referenced by 1 canonical/domain AKS doc(s); keep as historical reference to avoid breaking canonical links,,,HIGH,1,1,NONE,REFERENCED_BY_CANONICAL,MEDIUM
docs/docs/product/reports/PHASE_1D_ATTRIBUTE_VARIANT_ENGINE_REPORT.md,PHASE_1D_ATTRIBUTE_VARIANT_ENGINE_REPORT.md,cross_cutting,HISTORICAL,HISTORICAL,ARCHIVE_CANDIDATE,docs/archive/docs/product/reports/PHASE_1D_ATTRIBUTE_VARIANT_ENGINE_REPORT.md,Phase-4 archive group B_implementation_reports; historical/superseded report/audit/reference with no canonical dependency,,,HIGH,0,0,LOW,B_implementation_reports,MEDIUM
docs/docs/product/reports/PHASE_1E_INDUSTRY_ATTRIBUTE_TEMPLATES_REPORT.md,PHASE_1E_INDUSTRY_ATTRIBUTE_TEMPLATES_REPORT.md,storefront_presentation,HISTORICAL,HISTORICAL,ARCHIVE_CANDIDATE,docs/archive/docs/product/reports/PHASE_1E_INDUSTRY_ATTRIBUTE_TEMPLATES_REPORT.md,Phase-4 archive group B_implementation_reports; historical/superseded report/audit/reference with no canonical dependency,,,HIGH,0,0,LOW,B_implementation_reports,MEDIUM
docs/docs/product/reports/PHASE_1F_TEMPLATE_QUALITY_UPDATES_REPORT.md,PHASE_1F_TEMPLATE_QUALITY_UPDATES_REPORT.md,storefront_presentation,HISTORICAL,HISTORICAL,ARCHIVE_CANDIDATE,docs/archive/docs/product/reports/PHASE_1F_TEMPLATE_QUALITY_UPDATES_REPORT.md,Phase-4 archive group B_implementation_reports; historical/superseded report/audit/reference with no canonical dependency,,,HIGH,0,0,LOW,B_implementation_reports,MEDIUM
docs/docs/product/reports/PHASE_1_MERCHANT_ADMIN_IMPLEMENTATION_REPORT.md,PHASE_1_MERCHANT_ADMIN_IMPLEMENTATION_REPORT.md,dashboard_merchant_admin,HISTORICAL,HISTORICAL,KEEP_HISTORICAL_REFERENCE,,Historical/evidence doc (HISTORICAL) not in a Phase-4 archive group; retain as historical reference (conservative default),,,HIGH,0,0,NONE,,MEDIUM
docs/docs/product/reports/PROTOTYPE_IMPLEMENTATION_GAP_AUDIT.md,PROTOTYPE_IMPLEMENTATION_GAP_AUDIT.md,cross_cutting,HISTORICAL,HISTORICAL,ARCHIVE_CANDIDATE,docs/archive/docs/product/reports/PROTOTYPE_IMPLEMENTATION_GAP_AUDIT.md,Phase-4 archive group B_implementation_reports; historical/superseded report/audit/reference with no canonical dependency,,,HIGH,0,0,LOW,B_implementation_reports,MEDIUM
docs/docs/product/reports/PROTOTYPE_SCREEN_COVERAGE_MATRIX.md,PROTOTYPE_SCREEN_COVERAGE_MATRIX.md,cross_cutting,HISTORICAL,HISTORICAL,ARCHIVE_CANDIDATE,docs/archive/docs/product/reports/PROTOTYPE_SCREEN_COVERAGE_MATRIX.md,Phase-4 archive group B_implementation_reports; historical/superseded report/audit/reference with no canonical dependency,,,HIGH,0,0,LOW,B_implementation_reports,MEDIUM
docs/docs/product/reports/STOREFRONT_AUDIT_REPORT.md,STOREFRONT_AUDIT_REPORT.md,storefront_presentation,HISTORICAL,HISTORICAL,KEEP_HISTORICAL_REFERENCE,,Historical/evidence doc (HISTORICAL) not in a Phase-4 archive group; retain as historical reference (conservative default),,,HIGH,0,0,NONE,,MEDIUM
docs/docs/product/reports/STOREFRONT_MANUAL_QA_CHECKLIST.md,STOREFRONT_MANUAL_QA_CHECKLIST.md,storefront_presentation,HISTORICAL,HISTORICAL,KEEP_HISTORICAL_REFERENCE,,Historical/evidence doc (HISTORICAL) not in a Phase-4 archive group; retain as historical reference (conservative default),,,HIGH,0,0,NONE,,MEDIUM
docs/docs/product/reports/STOREFRONT_SCREEN_INVENTORY.md,STOREFRONT_SCREEN_INVENTORY.md,storefront_presentation,HISTORICAL,HISTORICAL,KEEP_HISTORICAL_REFERENCE,,Historical/evidence doc (HISTORICAL) not in a Phase-4 archive group; retain as historical reference (conservative default),,,HIGH,0,0,NONE,,MEDIUM
docs/docs/product/spec/01-PROJECT-SPEC.md,01-PROJECT-SPEC.md,platform_wide,DESIGN_INTENT,DESIGN_INTENT,KEEP_CANONICAL_SUPPORT,,DESIGN_INTENT doc supporting current architecture; retain as canonical support,,,SUPPORTS_CURRENT,0,4,NONE,,MEDIUM
docs/docs/product/spec/02-BUILD-INSTRUCTIONS.md,02-BUILD-INSTRUCTIONS.md,platform_wide,DESIGN_INTENT,DESIGN_INTENT,KEEP_CANONICAL_SUPPORT,,DESIGN_INTENT doc supporting current architecture; retain as canonical support,,,SUPPORTS_CURRENT,0,7,NONE,,MEDIUM
docs/docs/README.md,README.md,cross_cutting,SUPPORTING,SUPPORTING,CORRECT_IN_PLACE_LATER,,"Live index/README known-stale; fix content in place in a later phase, do not archive",,docs/architecture_knowledge_system/README.md,LOW,1,1,NONE,LIVE_INDEX_FIX_LATER,MEDIUM
docs/project_status/2026-09-20-rastisi-phase5-project-status.md,2026-09-20-rastisi-phase5-project-status.md,platform_wide,HISTORICAL,HISTORICAL,KEEP_HISTORICAL_REFERENCE,,Historical/evidence doc (HISTORICAL) not in a Phase-4 archive group; retain as historical reference (conservative default),,,HIGH,0,0,NONE,,MEDIUM
docs/prototypes/README.md,README.md,cross_cutting,EVIDENCE_ONLY,EVIDENCE_ONLY,KEEP_HISTORICAL_REFERENCE,,Archive-group D_reference_material BUT referenced by 1 canonical/domain AKS doc(s); keep as historical reference to avoid breaking canonical links,,,MEDIUM,1,1,NONE,REFERENCED_BY_CANONICAL,MEDIUM
docs/qa_evidence/phase5_uiux_agent_foundation/fresh_session_runtime_acceptance.md,fresh_session_runtime_acceptance.md,cross_cutting,QA_EVIDENCE,QA_EVIDENCE,ARCHIVE_CANDIDATE,docs/archive/qa_evidence/phase5_uiux_agent_foundation/fresh_session_runtime_acceptance.md,Phase-4 archive group C_audits_qa; historical/superseded report/audit/reference with no canonical dependency,,,MEDIUM,0,0,LOW,C_audits_qa,MEDIUM
docs/qa_evidence/phase5_uiux_agent_foundation/frontend_design_cloud_load_diagnostic.md,frontend_design_cloud_load_diagnostic.md,storefront_presentation,QA_EVIDENCE,QA_EVIDENCE,ARCHIVE_CANDIDATE,docs/archive/qa_evidence/phase5_uiux_agent_foundation/frontend_design_cloud_load_diagnostic.md,Phase-4 archive group C_audits_qa; historical/superseded report/audit/reference with no canonical dependency,,,MEDIUM,0,0,LOW,C_audits_qa,MEDIUM
docs/qa_evidence/phase5_uiux_agent_foundation/read_only_design_review_smoke_test.md,read_only_design_review_smoke_test.md,storefront_presentation,QA_EVIDENCE,QA_EVIDENCE,ARCHIVE_CANDIDATE,docs/archive/qa_evidence/phase5_uiux_agent_foundation/read_only_design_review_smoke_test.md,Phase-4 archive group C_audits_qa; historical/superseded report/audit/reference with no canonical dependency,,,MEDIUM,0,0,LOW,C_audits_qa,MEDIUM
docs/qa_evidence/storefront_appearance_convergence/phase1/baseline.md,baseline.md,storefront_presentation,QA_EVIDENCE,QA_EVIDENCE,ARCHIVE_CANDIDATE,docs/archive/qa_evidence/storefront_appearance_convergence/phase1/baseline.md,Phase-4 archive group C_audits_qa; historical/superseded report/audit/reference with no canonical dependency,,,MEDIUM,0,0,LOW,C_audits_qa,MEDIUM
docs/qa_evidence/storefront_appearance_convergence/phase1/final_gate.md,final_gate.md,storefront_presentation,QA_EVIDENCE,QA_EVIDENCE,ARCHIVE_CANDIDATE,docs/archive/qa_evidence/storefront_appearance_convergence/phase1/final_gate.md,Phase-4 archive group C_audits_qa; historical/superseded report/audit/reference with no canonical dependency,,,MEDIUM,0,0,LOW,C_audits_qa,MEDIUM
docs/qa_evidence/storefront_appearance_convergence/phase1/recipe_fidelity.md,recipe_fidelity.md,storefront_presentation,QA_EVIDENCE,QA_EVIDENCE,ARCHIVE_CANDIDATE,docs/archive/qa_evidence/storefront_appearance_convergence/phase1/recipe_fidelity.md,Phase-4 archive group C_audits_qa; historical/superseded report/audit/reference with no canonical dependency,,,MEDIUM,0,0,LOW,C_audits_qa,MEDIUM
docs/qa_evidence/storefront_appearance_convergence/phase1/task1_red_characterization.md,task1_red_characterization.md,storefront_presentation,QA_EVIDENCE,QA_EVIDENCE,ARCHIVE_CANDIDATE,docs/archive/qa_evidence/storefront_appearance_convergence/phase1/task1_red_characterization.md,Phase-4 archive group C_audits_qa; historical/superseded report/audit/reference with no canonical dependency,,,MEDIUM,0,0,LOW,C_audits_qa,MEDIUM
docs/qa_evidence/storefront_appearance_convergence/phase1/task2_authority_service.md,task2_authority_service.md,storefront_presentation,QA_EVIDENCE,QA_EVIDENCE,ARCHIVE_CANDIDATE,docs/archive/qa_evidence/storefront_appearance_convergence/phase1/task2_authority_service.md,Phase-4 archive group C_audits_qa; historical/superseded report/audit/reference with no canonical dependency,,,MEDIUM,0,0,LOW,C_audits_qa,MEDIUM
docs/qa_evidence/storefront_appearance_convergence/phase1/task3_legacy_writer_delegation.md,task3_legacy_writer_delegation.md,storefront_presentation,QA_EVIDENCE,QA_EVIDENCE,ARCHIVE_CANDIDATE,docs/archive/qa_evidence/storefront_appearance_convergence/phase1/task3_legacy_writer_delegation.md,Phase-4 archive group C_audits_qa; historical/superseded report/audit/reference with no canonical dependency,,,MEDIUM,0,0,LOW,C_audits_qa,MEDIUM
docs/qa_evidence/storefront_appearance_convergence/phase1/task4_r4_writer_delegation.md,task4_r4_writer_delegation.md,storefront_presentation,QA_EVIDENCE,QA_EVIDENCE,ARCHIVE_CANDIDATE,docs/archive/qa_evidence/storefront_appearance_convergence/phase1/task4_r4_writer_delegation.md,Phase-4 archive group C_audits_qa; historical/superseded report/audit/reference with no canonical dependency,,,MEDIUM,0,0,LOW,C_audits_qa,MEDIUM
docs/qa_evidence/storefront_appearance_convergence/phase1/task5_ready_template_authority.md,task5_ready_template_authority.md,storefront_presentation,QA_EVIDENCE,QA_EVIDENCE,ARCHIVE_CANDIDATE,docs/archive/qa_evidence/storefront_appearance_convergence/phase1/task5_ready_template_authority.md,Phase-4 archive group C_audits_qa; historical/superseded report/audit/reference with no canonical dependency,,,MEDIUM,0,0,LOW,C_audits_qa,MEDIUM
docs/qa_evidence/storefront_appearance_convergence/phase1/task6_explicit_local_variant.md,task6_explicit_local_variant.md,storefront_presentation,QA_EVIDENCE,QA_EVIDENCE,KEEP_HISTORICAL_REFERENCE,,Archive-group C_audits_qa BUT referenced by 1 code/template/script reference(s); HIGH-RISK -> keep as historical reference (code paths must not be auto-changed),,,MEDIUM,0,1,NONE,CODE_REFERENCE_DO_NOT_CHANGE_AUTOMATICALLY,MEDIUM
docs/qa_evidence/storefront_appearance_convergence/phase2/baseline.md,baseline.md,storefront_presentation,QA_EVIDENCE,QA_EVIDENCE,ARCHIVE_CANDIDATE,docs/archive/qa_evidence/storefront_appearance_convergence/phase2/baseline.md,Phase-4 archive group C_audits_qa; historical/superseded report/audit/reference with no canonical dependency,,,MEDIUM,0,0,LOW,C_audits_qa,MEDIUM
docs/qa_evidence/storefront_appearance_convergence/phase2/final_gate.md,final_gate.md,storefront_presentation,QA_EVIDENCE,QA_EVIDENCE,ARCHIVE_CANDIDATE,docs/archive/qa_evidence/storefront_appearance_convergence/phase2/final_gate.md,Phase-4 archive group C_audits_qa; historical/superseded report/audit/reference with no canonical dependency,,,MEDIUM,0,0,LOW,C_audits_qa,MEDIUM
docs/qa_evidence/storefront_appearance_convergence/phase2/lifecycle_media_inventory.md,lifecycle_media_inventory.md,storefront_presentation,QA_EVIDENCE,QA_EVIDENCE,KEEP_HISTORICAL_REFERENCE,,Archive-group C_audits_qa BUT referenced by 1 code/template/script reference(s); HIGH-RISK -> keep as historical reference (code paths must not be auto-changed),,,MEDIUM,0,1,NONE,CODE_REFERENCE_DO_NOT_CHANGE_AUTOMATICALLY,MEDIUM
docs/qa_evidence/storefront_appearance_convergence/phase2/task1_red_characterization.md,task1_red_characterization.md,storefront_presentation,QA_EVIDENCE,QA_EVIDENCE,ARCHIVE_CANDIDATE,docs/archive/qa_evidence/storefront_appearance_convergence/phase2/task1_red_characterization.md,Phase-4 archive group C_audits_qa; historical/superseded report/audit/reference with no canonical dependency,,,MEDIUM,0,0,LOW,C_audits_qa,MEDIUM
docs/qa_evidence/storefront_appearance_convergence/phase2/task2_published_archived_protection.md,task2_published_archived_protection.md,storefront_presentation,QA_EVIDENCE,QA_EVIDENCE,ARCHIVE_CANDIDATE,docs/archive/qa_evidence/storefront_appearance_convergence/phase2/task2_published_archived_protection.md,Phase-4 archive group C_audits_qa; historical/superseded report/audit/reference with no canonical dependency,,,MEDIUM,0,0,LOW,C_audits_qa,MEDIUM
docs/qa_evidence/storefront_appearance_convergence/phase2/task3_revision_convergence.md,task3_revision_convergence.md,storefront_presentation,QA_EVIDENCE,QA_EVIDENCE,ARCHIVE_CANDIDATE,docs/archive/qa_evidence/storefront_appearance_convergence/phase2/task3_revision_convergence.md,Phase-4 archive group C_audits_qa; historical/superseded report/audit/reference with no canonical dependency,,,MEDIUM,0,0,LOW,C_audits_qa,MEDIUM
docs/qa_evidence/storefront_appearance_convergence/phase2/task4_publish_history_recovery.md,task4_publish_history_recovery.md,storefront_presentation,QA_EVIDENCE,QA_EVIDENCE,ARCHIVE_CANDIDATE,docs/archive/qa_evidence/storefront_appearance_convergence/phase2/task4_publish_history_recovery.md,Phase-4 archive group C_audits_qa; historical/superseded report/audit/reference with no canonical dependency,,,MEDIUM,0,0,LOW,C_audits_qa,MEDIUM
docs/qa_evidence/storefront_appearance_convergence/phase2/task5_lock_template_lifecycle.md,task5_lock_template_lifecycle.md,storefront_presentation,QA_EVIDENCE,QA_EVIDENCE,ARCHIVE_CANDIDATE,docs/archive/qa_evidence/storefront_appearance_convergence/phase2/task5_lock_template_lifecycle.md,Phase-4 archive group C_audits_qa; historical/superseded report/audit/reference with no canonical dependency,,,MEDIUM,0,0,LOW,C_audits_qa,MEDIUM
docs/qa_evidence/storefront_appearance_convergence/phase2/task6_media_reachability.md,task6_media_reachability.md,storefront_presentation,QA_EVIDENCE,QA_EVIDENCE,ARCHIVE_CANDIDATE,docs/archive/qa_evidence/storefront_appearance_convergence/phase2/task6_media_reachability.md,Phase-4 archive group C_audits_qa; historical/superseded report/audit/reference with no canonical dependency,,,MEDIUM,0,0,LOW,C_audits_qa,MEDIUM
docs/qa_evidence/storefront_appearance_convergence/phase2/task7_cross_entry_convergence.md,task7_cross_entry_convergence.md,storefront_presentation,QA_EVIDENCE,QA_EVIDENCE,ARCHIVE_CANDIDATE,docs/archive/qa_evidence/storefront_appearance_convergence/phase2/task7_cross_entry_convergence.md,Phase-4 archive group C_audits_qa; historical/superseded report/audit/reference with no canonical dependency,,,MEDIUM,0,0,LOW,C_audits_qa,MEDIUM
docs/qa_evidence/storefront_appearance_convergence/phase3/2026-09-06-141946-review.md,2026-09-06-141946-review.md,storefront_presentation,QA_EVIDENCE,QA_EVIDENCE,ARCHIVE_CANDIDATE,docs/archive/qa_evidence/storefront_appearance_convergence/phase3/2026-09-06-141946-review.md,Phase-4 archive group C_audits_qa; historical/superseded report/audit/reference with no canonical dependency,,,MEDIUM,0,0,LOW,C_audits_qa,MEDIUM
docs/qa_evidence/storefront_appearance_convergence/phase3/2026-09-06-144255-review.md,2026-09-06-144255-review.md,storefront_presentation,QA_EVIDENCE,QA_EVIDENCE,ARCHIVE_CANDIDATE,docs/archive/qa_evidence/storefront_appearance_convergence/phase3/2026-09-06-144255-review.md,Phase-4 archive group C_audits_qa; historical/superseded report/audit/reference with no canonical dependency,,,MEDIUM,0,0,LOW,C_audits_qa,MEDIUM
docs/qa_evidence/storefront_appearance_convergence/phase3/2026-09-06-180333-review.md,2026-09-06-180333-review.md,storefront_presentation,QA_EVIDENCE,QA_EVIDENCE,ARCHIVE_CANDIDATE,docs/archive/qa_evidence/storefront_appearance_convergence/phase3/2026-09-06-180333-review.md,Phase-4 archive group C_audits_qa; historical/superseded report/audit/reference with no canonical dependency,,,MEDIUM,0,0,LOW,C_audits_qa,MEDIUM
docs/qa_evidence/storefront_appearance_convergence/phase3/baseline.md,baseline.md,storefront_presentation,QA_EVIDENCE,QA_EVIDENCE,ARCHIVE_CANDIDATE,docs/archive/qa_evidence/storefront_appearance_convergence/phase3/baseline.md,Phase-4 archive group C_audits_qa; historical/superseded report/audit/reference with no canonical dependency,,,MEDIUM,0,0,LOW,C_audits_qa,MEDIUM
docs/qa_evidence/storefront_appearance_convergence/phase3/execution_ledger.md,execution_ledger.md,storefront_presentation,QA_EVIDENCE,QA_EVIDENCE,ARCHIVE_CANDIDATE,docs/archive/qa_evidence/storefront_appearance_convergence/phase3/execution_ledger.md,Phase-4 archive group C_audits_qa; historical/superseded report/audit/reference with no canonical dependency,,,MEDIUM,0,0,LOW,C_audits_qa,MEDIUM
docs/qa_evidence/storefront_appearance_convergence/phase3/final_gate.md,final_gate.md,storefront_presentation,QA_EVIDENCE,QA_EVIDENCE,ARCHIVE_CANDIDATE,docs/archive/qa_evidence/storefront_appearance_convergence/phase3/final_gate.md,Phase-4 archive group C_audits_qa; historical/superseded report/audit/reference with no canonical dependency,,,MEDIUM,0,0,LOW,C_audits_qa,MEDIUM
docs/qa_evidence/storefront_appearance_convergence/phase3/task1_red_characterization.md,task1_red_characterization.md,storefront_presentation,QA_EVIDENCE,QA_EVIDENCE,ARCHIVE_CANDIDATE,docs/archive/qa_evidence/storefront_appearance_convergence/phase3/task1_red_characterization.md,Phase-4 archive group C_audits_qa; historical/superseded report/audit/reference with no canonical dependency,,,MEDIUM,0,0,LOW,C_audits_qa,MEDIUM
docs/qa_evidence/storefront_appearance_convergence/phase3/task2_brand_contract.md,task2_brand_contract.md,storefront_presentation,QA_EVIDENCE,QA_EVIDENCE,ARCHIVE_CANDIDATE,docs/archive/qa_evidence/storefront_appearance_convergence/phase3/task2_brand_contract.md,Phase-4 archive group C_audits_qa; historical/superseded report/audit/reference with no canonical dependency,,,MEDIUM,0,0,LOW,C_audits_qa,MEDIUM
docs/qa_evidence/storefront_appearance_convergence/phase3/task3_brand_gate.md,task3_brand_gate.md,storefront_presentation,QA_EVIDENCE,QA_EVIDENCE,ARCHIVE_CANDIDATE,docs/archive/qa_evidence/storefront_appearance_convergence/phase3/task3_brand_gate.md,Phase-4 archive group C_audits_qa; historical/superseded report/audit/reference with no canonical dependency,,,MEDIUM,0,0,LOW,C_audits_qa,MEDIUM
docs/qa_evidence/storefront_appearance_convergence/phase3/task4_collection_contract.md,task4_collection_contract.md,storefront_presentation,QA_EVIDENCE,QA_EVIDENCE,ARCHIVE_CANDIDATE,docs/archive/qa_evidence/storefront_appearance_convergence/phase3/task4_collection_contract.md,Phase-4 archive group C_audits_qa; historical/superseded report/audit/reference with no canonical dependency,,,MEDIUM,0,0,LOW,C_audits_qa,MEDIUM
docs/qa_evidence/storefront_appearance_convergence/phase3/task5_collection_gate.md,task5_collection_gate.md,storefront_presentation,QA_EVIDENCE,QA_EVIDENCE,ARCHIVE_CANDIDATE,docs/archive/qa_evidence/storefront_appearance_convergence/phase3/task5_collection_gate.md,Phase-4 archive group C_audits_qa; historical/superseded report/audit/reference with no canonical dependency,,,MEDIUM,0,0,LOW,C_audits_qa,MEDIUM
docs/qa_evidence/storefront_appearance_convergence/phase3/task6_shared_contract.md,task6_shared_contract.md,storefront_presentation,QA_EVIDENCE,QA_EVIDENCE,ARCHIVE_CANDIDATE,docs/archive/qa_evidence/storefront_appearance_convergence/phase3/task6_shared_contract.md,Phase-4 archive group C_audits_qa; historical/superseded report/audit/reference with no canonical dependency,,,MEDIUM,0,0,LOW,C_audits_qa,MEDIUM
docs/qa_evidence/storefront_appearance_convergence/phase3/task7_browser_matrix.md,task7_browser_matrix.md,storefront_presentation,QA_EVIDENCE,QA_EVIDENCE,ARCHIVE_CANDIDATE,docs/archive/qa_evidence/storefront_appearance_convergence/phase3/task7_browser_matrix.md,Phase-4 archive group C_audits_qa; historical/superseded report/audit/reference with no canonical dependency,,,MEDIUM,0,0,LOW,C_audits_qa,MEDIUM
docs/qa_evidence/storefront_appearance_convergence/phase3/vertical_slice_inventory.md,vertical_slice_inventory.md,storefront_presentation,QA_EVIDENCE,QA_EVIDENCE,ARCHIVE_CANDIDATE,docs/archive/qa_evidence/storefront_appearance_convergence/phase3/vertical_slice_inventory.md,Phase-4 archive group C_audits_qa; historical/superseded report/audit/reference with no canonical dependency,,,MEDIUM,0,0,LOW,C_audits_qa,MEDIUM
docs/qa_evidence/storefront_appearance_convergence/phase4/baseline.md,baseline.md,storefront_presentation,QA_EVIDENCE,QA_EVIDENCE,ARCHIVE_CANDIDATE,docs/archive/qa_evidence/storefront_appearance_convergence/phase4/baseline.md,Phase-4 archive group C_audits_qa; historical/superseded report/audit/reference with no canonical dependency,,,MEDIUM,0,0,LOW,C_audits_qa,MEDIUM
docs/qa_evidence/storefront_appearance_convergence/phase4/browser_final/RECOVERY.txt,RECOVERY.txt,storefront_presentation,QA_EVIDENCE,QA_EVIDENCE,ARCHIVE_CANDIDATE,docs/archive/qa_evidence/storefront_appearance_convergence/phase4/browser_final/RECOVERY.txt,Phase-4 archive group C_audits_qa; historical/superseded report/audit/reference with no canonical dependency,,,MEDIUM,0,0,LOW,C_audits_qa,MEDIUM
docs/qa_evidence/storefront_appearance_convergence/phase4/execution_ledger.md,execution_ledger.md,storefront_presentation,QA_EVIDENCE,QA_EVIDENCE,ARCHIVE_CANDIDATE,docs/archive/qa_evidence/storefront_appearance_convergence/phase4/execution_ledger.md,Phase-4 archive group C_audits_qa; historical/superseded report/audit/reference with no canonical dependency,,,MEDIUM,0,0,LOW,C_audits_qa,MEDIUM
docs/qa_evidence/storefront_appearance_convergence/phase4/family_certification_matrix.md,family_certification_matrix.md,storefront_presentation,QA_EVIDENCE,QA_EVIDENCE,ARCHIVE_CANDIDATE,docs/archive/qa_evidence/storefront_appearance_convergence/phase4/family_certification_matrix.md,Phase-4 archive group C_audits_qa; historical/superseded report/audit/reference with no canonical dependency,,,MEDIUM,0,0,LOW,C_audits_qa,MEDIUM
docs/qa_evidence/storefront_appearance_convergence/phase4/final_gate.md,final_gate.md,storefront_presentation,QA_EVIDENCE,QA_EVIDENCE,ARCHIVE_CANDIDATE,docs/archive/qa_evidence/storefront_appearance_convergence/phase4/final_gate.md,Phase-4 archive group C_audits_qa; historical/superseded report/audit/reference with no canonical dependency,,,MEDIUM,0,0,LOW,C_audits_qa,MEDIUM
docs/qa_evidence/storefront_appearance_convergence/phase4/legacy_disposition.md,legacy_disposition.md,storefront_presentation,QA_EVIDENCE,QA_EVIDENCE,ARCHIVE_CANDIDATE,docs/archive/qa_evidence/storefront_appearance_convergence/phase4/legacy_disposition.md,Phase-4 archive group C_audits_qa; historical/superseded report/audit/reference with no canonical dependency,,,MEDIUM,0,0,LOW,C_audits_qa,MEDIUM
docs/qa_evidence/storefront_appearance_convergence/phase4/phase4_architecture_audit.md,phase4_architecture_audit.md,storefront_presentation,QA_EVIDENCE,QA_EVIDENCE,ARCHIVE_CANDIDATE,docs/archive/qa_evidence/storefront_appearance_convergence/phase4/phase4_architecture_audit.md,Phase-4 archive group C_audits_qa; historical/superseded report/audit/reference with no canonical dependency,,,MEDIUM,0,0,LOW,C_audits_qa,MEDIUM
docs/qa_evidence/storefront_appearance_convergence/phase4/pre_task10_r4_cutover.md,pre_task10_r4_cutover.md,storefront_presentation,QA_EVIDENCE,QA_EVIDENCE,KEEP_HISTORICAL_REFERENCE,,Archive-group C_audits_qa BUT referenced by 1 code/template/script reference(s); HIGH-RISK -> keep as historical reference (code paths must not be auto-changed),,,MEDIUM,0,1,NONE,CODE_REFERENCE_DO_NOT_CHANGE_AUTOMATICALLY,MEDIUM
docs/qa_evidence/storefront_appearance_convergence/phase4/task10_blocker_task8_reset_fix.md,task10_blocker_task8_reset_fix.md,storefront_presentation,QA_EVIDENCE,QA_EVIDENCE,ARCHIVE_CANDIDATE,docs/archive/qa_evidence/storefront_appearance_convergence/phase4/task10_blocker_task8_reset_fix.md,Phase-4 archive group C_audits_qa; historical/superseded report/audit/reference with no canonical dependency,,,MEDIUM,0,0,LOW,C_audits_qa,MEDIUM
docs/qa_evidence/storefront_appearance_convergence/phase4/task1_authority.md,task1_authority.md,storefront_presentation,QA_EVIDENCE,QA_EVIDENCE,ARCHIVE_CANDIDATE,docs/archive/qa_evidence/storefront_appearance_convergence/phase4/task1_authority.md,Phase-4 archive group C_audits_qa; historical/superseded report/audit/reference with no canonical dependency,,,MEDIUM,0,0,LOW,C_audits_qa,MEDIUM
docs/qa_evidence/storefront_appearance_convergence/phase4/task2_resource_source.md,task2_resource_source.md,storefront_presentation,QA_EVIDENCE,QA_EVIDENCE,ARCHIVE_CANDIDATE,docs/archive/qa_evidence/storefront_appearance_convergence/phase4/task2_resource_source.md,Phase-4 archive group C_audits_qa; historical/superseded report/audit/reference with no canonical dependency,,,MEDIUM,0,0,LOW,C_audits_qa,MEDIUM
docs/qa_evidence/storefront_appearance_convergence/phase4/task3c_page_appearance.md,task3c_page_appearance.md,storefront_presentation,QA_EVIDENCE,QA_EVIDENCE,ARCHIVE_CANDIDATE,docs/archive/qa_evidence/storefront_appearance_convergence/phase4/task3c_page_appearance.md,Phase-4 archive group C_audits_qa; historical/superseded report/audit/reference with no canonical dependency,,,MEDIUM,0,0,LOW,C_audits_qa,MEDIUM
docs/qa_evidence/storefront_appearance_convergence/phase4/task3_non_home_page_appearance.md,task3_non_home_page_appearance.md,storefront_presentation,QA_EVIDENCE,QA_EVIDENCE,ARCHIVE_CANDIDATE,docs/archive/qa_evidence/storefront_appearance_convergence/phase4/task3_non_home_page_appearance.md,Phase-4 archive group C_audits_qa; historical/superseded report/audit/reference with no canonical dependency,,,MEDIUM,0,0,LOW,C_audits_qa,MEDIUM
docs/qa_evidence/storefront_appearance_convergence/phase4/task4_qa_harness.md,task4_qa_harness.md,storefront_presentation,QA_EVIDENCE,QA_EVIDENCE,ARCHIVE_CANDIDATE,docs/archive/qa_evidence/storefront_appearance_convergence/phase4/task4_qa_harness.md,Phase-4 archive group C_audits_qa; historical/superseded report/audit/reference with no canonical dependency,,,MEDIUM,0,0,LOW,C_audits_qa,MEDIUM
docs/qa_evidence/storefront_appearance_convergence/phase4/task5_cross_page_css.md,task5_cross_page_css.md,storefront_presentation,QA_EVIDENCE,QA_EVIDENCE,ARCHIVE_CANDIDATE,docs/archive/qa_evidence/storefront_appearance_convergence/phase4/task5_cross_page_css.md,Phase-4 archive group C_audits_qa; historical/superseded report/audit/reference with no canonical dependency,,,MEDIUM,0,0,LOW,C_audits_qa,MEDIUM
docs/qa_evidence/storefront_appearance_convergence/phase4/task6_family_convergence.md,task6_family_convergence.md,storefront_presentation,QA_EVIDENCE,QA_EVIDENCE,ARCHIVE_CANDIDATE,docs/archive/qa_evidence/storefront_appearance_convergence/phase4/task6_family_convergence.md,Phase-4 archive group C_audits_qa; historical/superseded report/audit/reference with no canonical dependency,,,MEDIUM,0,0,LOW,C_audits_qa,MEDIUM
docs/qa_evidence/storefront_appearance_convergence/phase4/task7_r4_composition_media_parity.md,task7_r4_composition_media_parity.md,storefront_presentation,QA_EVIDENCE,QA_EVIDENCE,ARCHIVE_CANDIDATE,docs/archive/qa_evidence/storefront_appearance_convergence/phase4/task7_r4_composition_media_parity.md,Phase-4 archive group C_audits_qa; historical/superseded report/audit/reference with no canonical dependency,,,MEDIUM,0,0,LOW,C_audits_qa,MEDIUM
docs/qa_evidence/storefront_appearance_convergence/phase4/task8_template_switch_lifecycle.md,task8_template_switch_lifecycle.md,storefront_presentation,QA_EVIDENCE,QA_EVIDENCE,ARCHIVE_CANDIDATE,docs/archive/qa_evidence/storefront_appearance_convergence/phase4/task8_template_switch_lifecycle.md,Phase-4 archive group C_audits_qa; historical/superseded report/audit/reference with no canonical dependency,,,MEDIUM,0,0,LOW,C_audits_qa,MEDIUM
docs/qa_evidence/storefront_appearance_convergence/phase4/task9_legacy_retirement.md,task9_legacy_retirement.md,storefront_presentation,QA_EVIDENCE,QA_EVIDENCE,KEEP_HISTORICAL_REFERENCE,,Archive-group C_audits_qa BUT referenced by 2 code/template/script reference(s); HIGH-RISK -> keep as historical reference (code paths must not be auto-changed),,,MEDIUM,0,2,NONE,CODE_REFERENCE_DO_NOT_CHANGE_AUTOMATICALLY,MEDIUM
docs/qa_evidence/storefront_builder/r4/PHASE1_ARCHITECTURE_GATE.md,PHASE1_ARCHITECTURE_GATE.md,storefront_presentation,QA_EVIDENCE,QA_EVIDENCE,ARCHIVE_CANDIDATE,docs/archive/qa_evidence/storefront_builder/r4/PHASE1_ARCHITECTURE_GATE.md,Phase-4 archive group C_audits_qa; historical/superseded report/audit/reference with no canonical dependency,,,MEDIUM,0,0,LOW,C_audits_qa,MEDIUM
docs/qa_evidence/storefront_design_engine/a8_component_coverage.md,a8_component_coverage.md,storefront_presentation,QA_EVIDENCE,QA_EVIDENCE,ARCHIVE_CANDIDATE,docs/archive/qa_evidence/storefront_design_engine/a8_component_coverage.md,Phase-4 archive group C_audits_qa; historical/superseded report/audit/reference with no canonical dependency,,,MEDIUM,0,0,LOW,C_audits_qa,MEDIUM
docs/qa_evidence/storefront_design_engine/a8_component_inventory.md,a8_component_inventory.md,storefront_presentation,QA_EVIDENCE,QA_EVIDENCE,ARCHIVE_CANDIDATE,docs/archive/qa_evidence/storefront_design_engine/a8_component_inventory.md,Phase-4 archive group C_audits_qa; historical/superseded report/audit/reference with no canonical dependency,,,MEDIUM,0,0,LOW,C_audits_qa,MEDIUM
docs/qa_evidence/storefront_design_engine/a8_diversity_matrix.md,a8_diversity_matrix.md,storefront_presentation,QA_EVIDENCE,QA_EVIDENCE,ARCHIVE_CANDIDATE,docs/archive/qa_evidence/storefront_design_engine/a8_diversity_matrix.md,Phase-4 archive group C_audits_qa; historical/superseded report/audit/reference with no canonical dependency,,,MEDIUM,0,0,LOW,C_audits_qa,MEDIUM
docs/qa_evidence/storefront_design_engine/a8_template_mapping.md,a8_template_mapping.md,storefront_presentation,QA_EVIDENCE,QA_EVIDENCE,ARCHIVE_CANDIDATE,docs/archive/qa_evidence/storefront_design_engine/a8_template_mapping.md,Phase-4 archive group C_audits_qa; historical/superseded report/audit/reference with no canonical dependency,,,MEDIUM,0,0,LOW,C_audits_qa,MEDIUM
docs/qa_evidence/storefront_design_engine/phase5/67_family_production_map.md,67_family_production_map.md,storefront_presentation,QA_EVIDENCE,QA_EVIDENCE,ARCHIVE_CANDIDATE,docs/archive/qa_evidence/storefront_design_engine/phase5/67_family_production_map.md,Phase-4 archive group C_audits_qa; historical/superseded report/audit/reference with no canonical dependency,,,MEDIUM,0,0,LOW,C_audits_qa,MEDIUM
docs/qa_evidence/storefront_design_engine/phase5/demo_store_inventory.md,demo_store_inventory.md,storefront_presentation,QA_EVIDENCE,QA_EVIDENCE,ARCHIVE_CANDIDATE,docs/archive/qa_evidence/storefront_design_engine/phase5/demo_store_inventory.md,Phase-4 archive group C_audits_qa; historical/superseded report/audit/reference with no canonical dependency,,,MEDIUM,0,0,LOW,C_audits_qa,MEDIUM
docs/qa_evidence/storefront_design_engine/phase5/kickoff_capability_map.md,kickoff_capability_map.md,storefront_presentation,QA_EVIDENCE,QA_EVIDENCE,ARCHIVE_CANDIDATE,docs/archive/qa_evidence/storefront_design_engine/phase5/kickoff_capability_map.md,Phase-4 archive group C_audits_qa; historical/superseded report/audit/reference with no canonical dependency,,,MEDIUM,0,0,LOW,C_audits_qa,MEDIUM
docs/qa_evidence/storefront_design_engine/phase5/phase5_convergence_audit.md,phase5_convergence_audit.md,storefront_presentation,QA_EVIDENCE,QA_EVIDENCE,ARCHIVE_CANDIDATE,docs/archive/qa_evidence/storefront_design_engine/phase5/phase5_convergence_audit.md,Phase-4 archive group C_audits_qa; historical/superseded report/audit/reference with no canonical dependency,,,MEDIUM,0,0,LOW,C_audits_qa,MEDIUM
docs/qa_evidence/storefront_design_engine/phase5/task1_candidate_preview_primitive.md,task1_candidate_preview_primitive.md,storefront_presentation,QA_EVIDENCE,QA_EVIDENCE,ARCHIVE_CANDIDATE,docs/archive/qa_evidence/storefront_design_engine/phase5/task1_candidate_preview_primitive.md,Phase-4 archive group C_audits_qa; historical/superseded report/audit/reference with no canonical dependency,,,MEDIUM,0,0,LOW,C_audits_qa,MEDIUM
docs/qa_evidence/storefront_design_engine/phase5/task2_live_demo_template_gallery.md,task2_live_demo_template_gallery.md,storefront_presentation,QA_EVIDENCE,QA_EVIDENCE,ARCHIVE_CANDIDATE,docs/archive/qa_evidence/storefront_design_engine/phase5/task2_live_demo_template_gallery.md,Phase-4 archive group C_audits_qa; historical/superseded report/audit/reference with no canonical dependency,,,MEDIUM,0,0,LOW,C_audits_qa,MEDIUM
docs/qa_evidence/storefront_design_engine/phase5/task2_live_preview_browser_qa.md,task2_live_preview_browser_qa.md,storefront_presentation,QA_EVIDENCE,QA_EVIDENCE,ARCHIVE_CANDIDATE,docs/archive/qa_evidence/storefront_design_engine/phase5/task2_live_preview_browser_qa.md,Phase-4 archive group C_audits_qa; historical/superseded report/audit/reference with no canonical dependency,,,MEDIUM,0,0,LOW,C_audits_qa,MEDIUM
docs/qa_evidence/storefront_design_engine/phase5/task3_merchant_data_template_preview.md,task3_merchant_data_template_preview.md,storefront_presentation,QA_EVIDENCE,QA_EVIDENCE,ARCHIVE_CANDIDATE,docs/archive/qa_evidence/storefront_design_engine/phase5/task3_merchant_data_template_preview.md,Phase-4 archive group C_audits_qa; historical/superseded report/audit/reference with no canonical dependency,,,MEDIUM,0,0,LOW,C_audits_qa,MEDIUM
docs/qa_evidence/storefront_design_engine/phase5/task4_browser_qa/RECOVERY.txt,RECOVERY.txt,storefront_presentation,QA_EVIDENCE,QA_EVIDENCE,ARCHIVE_CANDIDATE,docs/archive/qa_evidence/storefront_design_engine/phase5/task4_browser_qa/RECOVERY.txt,Phase-4 archive group C_audits_qa; historical/superseded report/audit/reference with no canonical dependency,,,MEDIUM,0,0,LOW,C_audits_qa,MEDIUM
docs/qa_evidence/storefront_design_engine/phase5/task4_contextual_editor_repairs.md,task4_contextual_editor_repairs.md,storefront_presentation,QA_EVIDENCE,QA_EVIDENCE,ARCHIVE_CANDIDATE,docs/archive/qa_evidence/storefront_design_engine/phase5/task4_contextual_editor_repairs.md,Phase-4 archive group C_audits_qa; historical/superseded report/audit/reference with no canonical dependency,,,MEDIUM,0,0,LOW,C_audits_qa,MEDIUM
docs/qa_evidence/storefront_design_engine/phase5/task5_implementation_report.md,task5_implementation_report.md,storefront_presentation,QA_EVIDENCE,QA_EVIDENCE,ARCHIVE_CANDIDATE,docs/archive/qa_evidence/storefront_design_engine/phase5/task5_implementation_report.md,Phase-4 archive group C_audits_qa; historical/superseded report/audit/reference with no canonical dependency,,,MEDIUM,0,0,LOW,C_audits_qa,MEDIUM
docs/qa_evidence/storefront_design_engine/phase5/task6_discovery_report.md,task6_discovery_report.md,storefront_presentation,QA_EVIDENCE,QA_EVIDENCE,ARCHIVE_CANDIDATE,docs/archive/qa_evidence/storefront_design_engine/phase5/task6_discovery_report.md,Phase-4 archive group C_audits_qa; historical/superseded report/audit/reference with no canonical dependency,,,MEDIUM,0,0,LOW,C_audits_qa,MEDIUM
docs/qa_evidence/storefront_design_engine/phase5/task6_showcase_implementation_report.md,task6_showcase_implementation_report.md,storefront_presentation,QA_EVIDENCE,QA_EVIDENCE,ARCHIVE_CANDIDATE,docs/archive/qa_evidence/storefront_design_engine/phase5/task6_showcase_implementation_report.md,Phase-4 archive group C_audits_qa; historical/superseded report/audit/reference with no canonical dependency,,,MEDIUM,0,0,LOW,C_audits_qa,MEDIUM
docs/qa_evidence/storefront_design_engine/phase5/task7_discovery_report.md,task7_discovery_report.md,storefront_presentation,QA_EVIDENCE,QA_EVIDENCE,ARCHIVE_CANDIDATE,docs/archive/qa_evidence/storefront_design_engine/phase5/task7_discovery_report.md,Phase-4 archive group C_audits_qa; historical/superseded report/audit/reference with no canonical dependency,,,MEDIUM,0,0,LOW,C_audits_qa,MEDIUM
docs/qa_evidence/storefront_design_engine/phase5/task7_implementation_report.md,task7_implementation_report.md,storefront_presentation,QA_EVIDENCE,QA_EVIDENCE,ARCHIVE_CANDIDATE,docs/archive/qa_evidence/storefront_design_engine/phase5/task7_implementation_report.md,Phase-4 archive group C_audits_qa; historical/superseded report/audit/reference with no canonical dependency,,,MEDIUM,0,0,LOW,C_audits_qa,MEDIUM
docs/qa_evidence/storefront_design_engine/phase5/task8_implementation_report.md,task8_implementation_report.md,storefront_presentation,QA_EVIDENCE,QA_EVIDENCE,ARCHIVE_CANDIDATE,docs/archive/qa_evidence/storefront_design_engine/phase5/task8_implementation_report.md,Phase-4 archive group C_audits_qa; historical/superseded report/audit/reference with no canonical dependency,,,MEDIUM,0,0,LOW,C_audits_qa,MEDIUM
docs/qa_evidence/storefront_design_engine/phase5/w1_free_shipping_goal/architecture_duplication_audit.txt,architecture_duplication_audit.txt,storefront_presentation,QA_EVIDENCE,QA_EVIDENCE,ARCHIVE_CANDIDATE,docs/archive/qa_evidence/storefront_design_engine/phase5/w1_free_shipping_goal/architecture_duplication_audit.txt,Phase-4 archive group C_audits_qa; historical/superseded report/audit/reference with no canonical dependency,,,MEDIUM,0,0,LOW,C_audits_qa,MEDIUM
docs/qa_evidence/storefront_design_engine/phase5/w1_free_shipping_goal/diff_check.txt,diff_check.txt,storefront_presentation,QA_EVIDENCE,QA_EVIDENCE,ARCHIVE_CANDIDATE,docs/archive/qa_evidence/storefront_design_engine/phase5/w1_free_shipping_goal/diff_check.txt,Phase-4 archive group C_audits_qa; historical/superseded report/audit/reference with no canonical dependency,,,MEDIUM,0,0,LOW,C_audits_qa,MEDIUM
docs/qa_evidence/storefront_design_engine/phase5/w1_free_shipping_goal/django_check.txt,django_check.txt,storefront_presentation,QA_EVIDENCE,QA_EVIDENCE,ARCHIVE_CANDIDATE,docs/archive/qa_evidence/storefront_design_engine/phase5/w1_free_shipping_goal/django_check.txt,Phase-4 archive group C_audits_qa; historical/superseded report/audit/reference with no canonical dependency,,,MEDIUM,0,0,LOW,C_audits_qa,MEDIUM
docs/qa_evidence/storefront_design_engine/phase5/w1_free_shipping_goal/green_focused.txt,green_focused.txt,storefront_presentation,QA_EVIDENCE,QA_EVIDENCE,ARCHIVE_CANDIDATE,docs/archive/qa_evidence/storefront_design_engine/phase5/w1_free_shipping_goal/green_focused.txt,Phase-4 archive group C_audits_qa; historical/superseded report/audit/reference with no canonical dependency,,,MEDIUM,0,0,LOW,C_audits_qa,MEDIUM
docs/qa_evidence/storefront_design_engine/phase5/w1_free_shipping_goal/green_pricing.txt,green_pricing.txt,storefront_presentation,QA_EVIDENCE,QA_EVIDENCE,ARCHIVE_CANDIDATE,docs/archive/qa_evidence/storefront_design_engine/phase5/w1_free_shipping_goal/green_pricing.txt,Phase-4 archive group C_audits_qa; historical/superseded report/audit/reference with no canonical dependency,,,MEDIUM,0,0,LOW,C_audits_qa,MEDIUM
docs/qa_evidence/storefront_design_engine/phase5/w1_free_shipping_goal/migration_check.txt,migration_check.txt,storefront_presentation,QA_EVIDENCE,QA_EVIDENCE,ARCHIVE_CANDIDATE,docs/archive/qa_evidence/storefront_design_engine/phase5/w1_free_shipping_goal/migration_check.txt,Phase-4 archive group C_audits_qa; historical/superseded report/audit/reference with no canonical dependency,,,MEDIUM,0,0,LOW,C_audits_qa,MEDIUM
docs/qa_evidence/storefront_design_engine/phase5/w1_free_shipping_goal/red_near_threshold.txt,red_near_threshold.txt,storefront_presentation,QA_EVIDENCE,QA_EVIDENCE,ARCHIVE_CANDIDATE,docs/archive/qa_evidence/storefront_design_engine/phase5/w1_free_shipping_goal/red_near_threshold.txt,Phase-4 archive group C_audits_qa; historical/superseded report/audit/reference with no canonical dependency,,,MEDIUM,0,0,LOW,C_audits_qa,MEDIUM
docs/qa_evidence/storefront_design_engine/phase5/w1_free_shipping_goal/red_nonpositive_threshold.txt,red_nonpositive_threshold.txt,storefront_presentation,QA_EVIDENCE,QA_EVIDENCE,ARCHIVE_CANDIDATE,docs/archive/qa_evidence/storefront_design_engine/phase5/w1_free_shipping_goal/red_nonpositive_threshold.txt,Phase-4 archive group C_audits_qa; historical/superseded report/audit/reference with no canonical dependency,,,MEDIUM,0,0,LOW,C_audits_qa,MEDIUM
docs/qa_evidence/storefront_design_engine/phase5/w1_free_shipping_goal/red_pricing.txt,red_pricing.txt,storefront_presentation,QA_EVIDENCE,QA_EVIDENCE,ARCHIVE_CANDIDATE,docs/archive/qa_evidence/storefront_design_engine/phase5/w1_free_shipping_goal/red_pricing.txt,Phase-4 archive group C_audits_qa; historical/superseded report/audit/reference with no canonical dependency,,,MEDIUM,0,0,LOW,C_audits_qa,MEDIUM
docs/qa_evidence/storefront_design_engine/phase5/w1_free_shipping_goal/regression_preexisting_note.txt,regression_preexisting_note.txt,storefront_presentation,QA_EVIDENCE,QA_EVIDENCE,ARCHIVE_CANDIDATE,docs/archive/qa_evidence/storefront_design_engine/phase5/w1_free_shipping_goal/regression_preexisting_note.txt,Phase-4 archive group C_audits_qa; historical/superseded report/audit/reference with no canonical dependency,,,MEDIUM,0,0,LOW,C_audits_qa,MEDIUM
docs/qa_evidence/storefront_design_engine/phase5/w1_free_shipping_goal/regression.txt,regression.txt,storefront_presentation,QA_EVIDENCE,QA_EVIDENCE,ARCHIVE_CANDIDATE,docs/archive/qa_evidence/storefront_design_engine/phase5/w1_free_shipping_goal/regression.txt,Phase-4 archive group C_audits_qa; historical/superseded report/audit/reference with no canonical dependency,,,MEDIUM,0,0,LOW,C_audits_qa,MEDIUM
docs/qa_evidence/storefront_design_engine/phase5/w1_free_shipping_goal/w1_implementation_report.md,w1_implementation_report.md,storefront_presentation,QA_EVIDENCE,QA_EVIDENCE,ARCHIVE_CANDIDATE,docs/archive/qa_evidence/storefront_design_engine/phase5/w1_free_shipping_goal/w1_implementation_report.md,Phase-4 archive group C_audits_qa; historical/superseded report/audit/reference with no canonical dependency,,,MEDIUM,0,0,LOW,C_audits_qa,MEDIUM
docs/qa_evidence/storefront_design_engine/phase5/w2_theme_overlay/00_source_inventory.md,00_source_inventory.md,storefront_presentation,QA_EVIDENCE,QA_EVIDENCE,ARCHIVE_CANDIDATE,docs/archive/qa_evidence/storefront_design_engine/phase5/w2_theme_overlay/00_source_inventory.md,Phase-4 archive group C_audits_qa; historical/superseded report/audit/reference with no canonical dependency,,,MEDIUM,0,0,LOW,C_audits_qa,MEDIUM
docs/qa_evidence/storefront_design_engine/phase5/w2_theme_overlay/01_red_summary.txt,01_red_summary.txt,storefront_presentation,QA_EVIDENCE,QA_EVIDENCE,ARCHIVE_CANDIDATE,docs/archive/qa_evidence/storefront_design_engine/phase5/w2_theme_overlay/01_red_summary.txt,Phase-4 archive group C_audits_qa; historical/superseded report/audit/reference with no canonical dependency,,,MEDIUM,0,0,LOW,C_audits_qa,MEDIUM
docs/qa_evidence/storefront_design_engine/phase5/w2_theme_overlay/02_green_focused.txt,02_green_focused.txt,storefront_presentation,QA_EVIDENCE,QA_EVIDENCE,ARCHIVE_CANDIDATE,docs/archive/qa_evidence/storefront_design_engine/phase5/w2_theme_overlay/02_green_focused.txt,Phase-4 archive group C_audits_qa; historical/superseded report/audit/reference with no canonical dependency,,,MEDIUM,0,0,LOW,C_audits_qa,MEDIUM
docs/qa_evidence/storefront_design_engine/phase5/w2_theme_overlay/03_targeted_regression.txt,03_targeted_regression.txt,storefront_presentation,QA_EVIDENCE,QA_EVIDENCE,ARCHIVE_CANDIDATE,docs/archive/qa_evidence/storefront_design_engine/phase5/w2_theme_overlay/03_targeted_regression.txt,Phase-4 archive group C_audits_qa; historical/superseded report/audit/reference with no canonical dependency,,,MEDIUM,0,0,LOW,C_audits_qa,MEDIUM
docs/qa_evidence/storefront_design_engine/phase5/w2_theme_overlay/04_full_storefront_builder_suite.txt,04_full_storefront_builder_suite.txt,storefront_presentation,QA_EVIDENCE,QA_EVIDENCE,ARCHIVE_CANDIDATE,docs/archive/qa_evidence/storefront_design_engine/phase5/w2_theme_overlay/04_full_storefront_builder_suite.txt,Phase-4 archive group C_audits_qa; historical/superseded report/audit/reference with no canonical dependency,,,MEDIUM,0,0,LOW,C_audits_qa,MEDIUM
docs/qa_evidence/storefront_design_engine/phase5/w2_theme_overlay/05_preexisting_failures_repro.md,05_preexisting_failures_repro.md,storefront_presentation,QA_EVIDENCE,QA_EVIDENCE,ARCHIVE_CANDIDATE,docs/archive/qa_evidence/storefront_design_engine/phase5/w2_theme_overlay/05_preexisting_failures_repro.md,Phase-4 archive group C_audits_qa; historical/superseded report/audit/reference with no canonical dependency,,,MEDIUM,0,0,LOW,C_audits_qa,MEDIUM
docs/qa_evidence/storefront_design_engine/phase5/w2_theme_overlay/06_repo_gates.txt,06_repo_gates.txt,storefront_presentation,QA_EVIDENCE,QA_EVIDENCE,ARCHIVE_CANDIDATE,docs/archive/qa_evidence/storefront_design_engine/phase5/w2_theme_overlay/06_repo_gates.txt,Phase-4 archive group C_audits_qa; historical/superseded report/audit/reference with no canonical dependency,,,MEDIUM,0,0,LOW,C_audits_qa,MEDIUM
docs/qa_evidence/storefront_design_engine/phase5/w2_theme_overlay/07_browser_qa_report.md,07_browser_qa_report.md,storefront_presentation,QA_EVIDENCE,QA_EVIDENCE,ARCHIVE_CANDIDATE,docs/archive/qa_evidence/storefront_design_engine/phase5/w2_theme_overlay/07_browser_qa_report.md,Phase-4 archive group C_audits_qa; historical/superseded report/audit/reference with no canonical dependency,,,MEDIUM,0,0,LOW,C_audits_qa,MEDIUM
docs/qa_evidence/storefront_design_engine/phase5/w2_theme_overlay/08_theme_catalog_po_review.md,08_theme_catalog_po_review.md,storefront_presentation,QA_EVIDENCE,QA_EVIDENCE,ARCHIVE_CANDIDATE,docs/archive/qa_evidence/storefront_design_engine/phase5/w2_theme_overlay/08_theme_catalog_po_review.md,Phase-4 archive group C_audits_qa; historical/superseded report/audit/reference with no canonical dependency,,,MEDIUM,0,0,LOW,C_audits_qa,MEDIUM
docs/qa_evidence/storefront_design_engine/phase5/w2_theme_overlay/09_architecture_duplication_audit.md,09_architecture_duplication_audit.md,storefront_presentation,QA_EVIDENCE,QA_EVIDENCE,ARCHIVE_CANDIDATE,docs/archive/qa_evidence/storefront_design_engine/phase5/w2_theme_overlay/09_architecture_duplication_audit.md,Phase-4 archive group C_audits_qa; historical/superseded report/audit/reference with no canonical dependency,,,MEDIUM,0,0,LOW,C_audits_qa,MEDIUM
docs/qa_evidence/storefront_design_engine/phase5/w2_theme_overlay/10_browser_qa_matrix_raw.txt,10_browser_qa_matrix_raw.txt,storefront_presentation,QA_EVIDENCE,QA_EVIDENCE,ARCHIVE_CANDIDATE,docs/archive/qa_evidence/storefront_design_engine/phase5/w2_theme_overlay/10_browser_qa_matrix_raw.txt,Phase-4 archive group C_audits_qa; historical/superseded report/audit/reference with no canonical dependency,,,MEDIUM,0,0,LOW,C_audits_qa,MEDIUM
docs/qa_evidence/storefront_design_engine/phase5/w2_theme_overlay/11_repair_red_green.md,11_repair_red_green.md,storefront_presentation,QA_EVIDENCE,QA_EVIDENCE,ARCHIVE_CANDIDATE,docs/archive/qa_evidence/storefront_design_engine/phase5/w2_theme_overlay/11_repair_red_green.md,Phase-4 archive group C_audits_qa; historical/superseded report/audit/reference with no canonical dependency,,,MEDIUM,0,0,LOW,C_audits_qa,MEDIUM
docs/qa_evidence/storefront_design_engine/phase5/w2_theme_overlay/12_task6_historical_guard.txt,12_task6_historical_guard.txt,storefront_presentation,QA_EVIDENCE,QA_EVIDENCE,ARCHIVE_CANDIDATE,docs/archive/qa_evidence/storefront_design_engine/phase5/w2_theme_overlay/12_task6_historical_guard.txt,Phase-4 archive group C_audits_qa; historical/superseded report/audit/reference with no canonical dependency,,,MEDIUM,0,0,LOW,C_audits_qa,MEDIUM
docs/qa_evidence/storefront_design_engine/phase5/w2_theme_overlay/13_candidate_preview_regression.txt,13_candidate_preview_regression.txt,storefront_presentation,QA_EVIDENCE,QA_EVIDENCE,ARCHIVE_CANDIDATE,docs/archive/qa_evidence/storefront_design_engine/phase5/w2_theme_overlay/13_candidate_preview_regression.txt,Phase-4 archive group C_audits_qa; historical/superseded report/audit/reference with no canonical dependency,,,MEDIUM,0,0,LOW,C_audits_qa,MEDIUM
docs/qa_evidence/storefront_design_engine/phase5/w2_theme_overlay/14_base_312_failures.txt,14_base_312_failures.txt,storefront_presentation,QA_EVIDENCE,QA_EVIDENCE,ARCHIVE_CANDIDATE,docs/archive/qa_evidence/storefront_design_engine/phase5/w2_theme_overlay/14_base_312_failures.txt,Phase-4 archive group C_audits_qa; historical/superseded report/audit/reference with no canonical dependency,,,MEDIUM,0,0,LOW,C_audits_qa,MEDIUM
docs/qa_evidence/storefront_design_engine/phase5/w2_theme_overlay/15_w2_312_failures.txt,15_w2_312_failures.txt,storefront_presentation,QA_EVIDENCE,QA_EVIDENCE,ARCHIVE_CANDIDATE,docs/archive/qa_evidence/storefront_design_engine/phase5/w2_theme_overlay/15_w2_312_failures.txt,Phase-4 archive group C_audits_qa; historical/superseded report/audit/reference with no canonical dependency,,,MEDIUM,0,0,LOW,C_audits_qa,MEDIUM
docs/qa_evidence/storefront_design_engine/phase5/w2_theme_overlay/16_base_full_suite.txt,16_base_full_suite.txt,storefront_presentation,QA_EVIDENCE,QA_EVIDENCE,ARCHIVE_CANDIDATE,docs/archive/qa_evidence/storefront_design_engine/phase5/w2_theme_overlay/16_base_full_suite.txt,Phase-4 archive group C_audits_qa; historical/superseded report/audit/reference with no canonical dependency,,,MEDIUM,0,0,LOW,C_audits_qa,MEDIUM
docs/qa_evidence/storefront_design_engine/phase5/w2_theme_overlay/17_w2_full_suite_raw.txt,17_w2_full_suite_raw.txt,storefront_presentation,QA_EVIDENCE,QA_EVIDENCE,ARCHIVE_CANDIDATE,docs/archive/qa_evidence/storefront_design_engine/phase5/w2_theme_overlay/17_w2_full_suite_raw.txt,Phase-4 archive group C_audits_qa; historical/superseded report/audit/reference with no canonical dependency,,,MEDIUM,0,0,LOW,C_audits_qa,MEDIUM
docs/qa_evidence/storefront_design_engine/phase5/w2_theme_overlay/18_base_full_suite_raw.txt,18_base_full_suite_raw.txt,storefront_presentation,QA_EVIDENCE,QA_EVIDENCE,ARCHIVE_CANDIDATE,docs/archive/qa_evidence/storefront_design_engine/phase5/w2_theme_overlay/18_base_full_suite_raw.txt,Phase-4 archive group C_audits_qa; historical/superseded report/audit/reference with no canonical dependency,,,MEDIUM,0,0,LOW,C_audits_qa,MEDIUM
docs/qa_evidence/storefront_design_engine/phase5/w2_theme_overlay/19_failure_reason_comparison.md,19_failure_reason_comparison.md,storefront_presentation,QA_EVIDENCE,QA_EVIDENCE,ARCHIVE_CANDIDATE,docs/archive/qa_evidence/storefront_design_engine/phase5/w2_theme_overlay/19_failure_reason_comparison.md,Phase-4 archive group C_audits_qa; historical/superseded report/audit/reference with no canonical dependency,,,MEDIUM,0,0,LOW,C_audits_qa,MEDIUM
docs/qa_evidence/storefront_design_engine/phase5/w2_theme_overlay/w2_implementation_report.md,w2_implementation_report.md,storefront_presentation,QA_EVIDENCE,QA_EVIDENCE,ARCHIVE_CANDIDATE,docs/archive/qa_evidence/storefront_design_engine/phase5/w2_theme_overlay/w2_implementation_report.md,Phase-4 archive group C_audits_qa; historical/superseded report/audit/reference with no canonical dependency,,,MEDIUM,0,0,LOW,C_audits_qa,MEDIUM
docs/qa_evidence/storefront_design_engine/phase5/w3_design_lab/00_branch_sha.txt,00_branch_sha.txt,storefront_presentation,QA_EVIDENCE,QA_EVIDENCE,ARCHIVE_CANDIDATE,docs/archive/qa_evidence/storefront_design_engine/phase5/w3_design_lab/00_branch_sha.txt,Phase-4 archive group C_audits_qa; historical/superseded report/audit/reference with no canonical dependency,,,MEDIUM,0,0,LOW,C_audits_qa,MEDIUM
docs/qa_evidence/storefront_design_engine/phase5/w3_design_lab/00_source_inventory.md,00_source_inventory.md,storefront_presentation,QA_EVIDENCE,QA_EVIDENCE,ARCHIVE_CANDIDATE,docs/archive/qa_evidence/storefront_design_engine/phase5/w3_design_lab/00_source_inventory.md,Phase-4 archive group C_audits_qa; historical/superseded report/audit/reference with no canonical dependency,,,MEDIUM,0,0,LOW,C_audits_qa,MEDIUM
docs/qa_evidence/storefront_design_engine/phase5/w3_design_lab/01_red_design_lab.txt,01_red_design_lab.txt,storefront_presentation,QA_EVIDENCE,QA_EVIDENCE,ARCHIVE_CANDIDATE,docs/archive/qa_evidence/storefront_design_engine/phase5/w3_design_lab/01_red_design_lab.txt,Phase-4 archive group C_audits_qa; historical/superseded report/audit/reference with no canonical dependency,,,MEDIUM,0,0,LOW,C_audits_qa,MEDIUM
docs/qa_evidence/storefront_design_engine/phase5/w3_design_lab/02_green_focused.txt,02_green_focused.txt,storefront_presentation,QA_EVIDENCE,QA_EVIDENCE,ARCHIVE_CANDIDATE,docs/archive/qa_evidence/storefront_design_engine/phase5/w3_design_lab/02_green_focused.txt,Phase-4 archive group C_audits_qa; historical/superseded report/audit/reference with no canonical dependency,,,MEDIUM,0,0,LOW,C_audits_qa,MEDIUM
docs/qa_evidence/storefront_design_engine/phase5/w3_design_lab/03_write_time_reconciliation.txt,03_write_time_reconciliation.txt,storefront_presentation,QA_EVIDENCE,QA_EVIDENCE,ARCHIVE_CANDIDATE,docs/archive/qa_evidence/storefront_design_engine/phase5/w3_design_lab/03_write_time_reconciliation.txt,Phase-4 archive group C_audits_qa; historical/superseded report/audit/reference with no canonical dependency,,,MEDIUM,0,0,LOW,C_audits_qa,MEDIUM
docs/qa_evidence/storefront_design_engine/phase5/w3_design_lab/04b_candidate_preview_no_write.txt,04b_candidate_preview_no_write.txt,storefront_presentation,QA_EVIDENCE,QA_EVIDENCE,ARCHIVE_CANDIDATE,docs/archive/qa_evidence/storefront_design_engine/phase5/w3_design_lab/04b_candidate_preview_no_write.txt,Phase-4 archive group C_audits_qa; historical/superseded report/audit/reference with no canonical dependency,,,MEDIUM,0,0,LOW,C_audits_qa,MEDIUM
docs/qa_evidence/storefront_design_engine/phase5/w3_design_lab/04_transient_no_write_proof.txt,04_transient_no_write_proof.txt,storefront_presentation,QA_EVIDENCE,QA_EVIDENCE,ARCHIVE_CANDIDATE,docs/archive/qa_evidence/storefront_design_engine/phase5/w3_design_lab/04_transient_no_write_proof.txt,Phase-4 archive group C_audits_qa; historical/superseded report/audit/reference with no canonical dependency,,,MEDIUM,0,0,LOW,C_audits_qa,MEDIUM
docs/qa_evidence/storefront_design_engine/phase5/w3_design_lab/05_stale_tenant_history_atomic_apply.txt,05_stale_tenant_history_atomic_apply.txt,storefront_presentation,QA_EVIDENCE,QA_EVIDENCE,ARCHIVE_CANDIDATE,docs/archive/qa_evidence/storefront_design_engine/phase5/w3_design_lab/05_stale_tenant_history_atomic_apply.txt,Phase-4 archive group C_audits_qa; historical/superseded report/audit/reference with no canonical dependency,,,MEDIUM,0,0,LOW,C_audits_qa,MEDIUM
docs/qa_evidence/storefront_design_engine/phase5/w3_design_lab/06b_w1_cart_pricing.txt,06b_w1_cart_pricing.txt,storefront_presentation,QA_EVIDENCE,QA_EVIDENCE,ARCHIVE_CANDIDATE,docs/archive/qa_evidence/storefront_design_engine/phase5/w3_design_lab/06b_w1_cart_pricing.txt,Phase-4 archive group C_audits_qa; historical/superseded report/audit/reference with no canonical dependency,,,MEDIUM,0,0,LOW,C_audits_qa,MEDIUM
docs/qa_evidence/storefront_design_engine/phase5/w3_design_lab/06_regression.txt,06_regression.txt,storefront_presentation,QA_EVIDENCE,QA_EVIDENCE,ARCHIVE_CANDIDATE,docs/archive/qa_evidence/storefront_design_engine/phase5/w3_design_lab/06_regression.txt,Phase-4 archive group C_audits_qa; historical/superseded report/audit/reference with no canonical dependency,,,MEDIUM,0,0,LOW,C_audits_qa,MEDIUM
docs/qa_evidence/storefront_design_engine/phase5/w3_design_lab/07b_base_e28b563_full_suite.txt,07b_base_e28b563_full_suite.txt,storefront_presentation,QA_EVIDENCE,QA_EVIDENCE,ARCHIVE_CANDIDATE,docs/archive/qa_evidence/storefront_design_engine/phase5/w3_design_lab/07b_base_e28b563_full_suite.txt,Phase-4 archive group C_audits_qa; historical/superseded report/audit/reference with no canonical dependency,,,MEDIUM,0,0,LOW,C_audits_qa,MEDIUM
docs/qa_evidence/storefront_design_engine/phase5/w3_design_lab/07c_full_suite_base_comparison.md,07c_full_suite_base_comparison.md,storefront_presentation,QA_EVIDENCE,QA_EVIDENCE,ARCHIVE_CANDIDATE,docs/archive/qa_evidence/storefront_design_engine/phase5/w3_design_lab/07c_full_suite_base_comparison.md,Phase-4 archive group C_audits_qa; historical/superseded report/audit/reference with no canonical dependency,,,MEDIUM,0,0,LOW,C_audits_qa,MEDIUM
docs/qa_evidence/storefront_design_engine/phase5/w3_design_lab/07_full_storefront_builder_suite.txt,07_full_storefront_builder_suite.txt,storefront_presentation,QA_EVIDENCE,QA_EVIDENCE,ARCHIVE_CANDIDATE,docs/archive/qa_evidence/storefront_design_engine/phase5/w3_design_lab/07_full_storefront_builder_suite.txt,Phase-4 archive group C_audits_qa; historical/superseded report/audit/reference with no canonical dependency,,,MEDIUM,0,0,LOW,C_audits_qa,MEDIUM
docs/qa_evidence/storefront_design_engine/phase5/w3_design_lab/08_browser_qa_report.md,08_browser_qa_report.md,storefront_presentation,QA_EVIDENCE,QA_EVIDENCE,ARCHIVE_CANDIDATE,docs/archive/qa_evidence/storefront_design_engine/phase5/w3_design_lab/08_browser_qa_report.md,Phase-4 archive group C_audits_qa; historical/superseded report/audit/reference with no canonical dependency,,,MEDIUM,0,0,LOW,C_audits_qa,MEDIUM
docs/qa_evidence/storefront_design_engine/phase5/w3_design_lab/09_architecture_duplication_audit.md,09_architecture_duplication_audit.md,storefront_presentation,QA_EVIDENCE,QA_EVIDENCE,ARCHIVE_CANDIDATE,docs/archive/qa_evidence/storefront_design_engine/phase5/w3_design_lab/09_architecture_duplication_audit.md,Phase-4 archive group C_audits_qa; historical/superseded report/audit/reference with no canonical dependency,,,MEDIUM,0,0,LOW,C_audits_qa,MEDIUM
docs/qa_evidence/storefront_design_engine/phase5/w3_design_lab/10_repo_gates.txt,10_repo_gates.txt,storefront_presentation,QA_EVIDENCE,QA_EVIDENCE,ARCHIVE_CANDIDATE,docs/archive/qa_evidence/storefront_design_engine/phase5/w3_design_lab/10_repo_gates.txt,Phase-4 archive group C_audits_qa; historical/superseded report/audit/reference with no canonical dependency,,,MEDIUM,0,0,LOW,C_audits_qa,MEDIUM
docs/qa_evidence/storefront_design_engine/phase5/w3_design_lab/11_red_roundtrip_repair.txt,11_red_roundtrip_repair.txt,storefront_presentation,QA_EVIDENCE,QA_EVIDENCE,ARCHIVE_CANDIDATE,docs/archive/qa_evidence/storefront_design_engine/phase5/w3_design_lab/11_red_roundtrip_repair.txt,Phase-4 archive group C_audits_qa; historical/superseded report/audit/reference with no canonical dependency,,,MEDIUM,0,0,LOW,C_audits_qa,MEDIUM
docs/qa_evidence/storefront_design_engine/phase5/w3_design_lab/12_green_roundtrip_repair.txt,12_green_roundtrip_repair.txt,storefront_presentation,QA_EVIDENCE,QA_EVIDENCE,ARCHIVE_CANDIDATE,docs/archive/qa_evidence/storefront_design_engine/phase5/w3_design_lab/12_green_roundtrip_repair.txt,Phase-4 archive group C_audits_qa; historical/superseded report/audit/reference with no canonical dependency,,,MEDIUM,0,0,LOW,C_audits_qa,MEDIUM
docs/qa_evidence/storefront_design_engine/phase5/w3_design_lab/13_regression_after_repair.txt,13_regression_after_repair.txt,storefront_presentation,QA_EVIDENCE,QA_EVIDENCE,ARCHIVE_CANDIDATE,docs/archive/qa_evidence/storefront_design_engine/phase5/w3_design_lab/13_regression_after_repair.txt,Phase-4 archive group C_audits_qa; historical/superseded report/audit/reference with no canonical dependency,,,MEDIUM,0,0,LOW,C_audits_qa,MEDIUM
docs/qa_evidence/storefront_design_engine/phase5/w3_design_lab/14_red_final_repair.txt,14_red_final_repair.txt,storefront_presentation,QA_EVIDENCE,QA_EVIDENCE,ARCHIVE_CANDIDATE,docs/archive/qa_evidence/storefront_design_engine/phase5/w3_design_lab/14_red_final_repair.txt,Phase-4 archive group C_audits_qa; historical/superseded report/audit/reference with no canonical dependency,,,MEDIUM,0,0,LOW,C_audits_qa,MEDIUM
docs/qa_evidence/storefront_design_engine/phase5/w3_design_lab/15_green_final_repair.txt,15_green_final_repair.txt,storefront_presentation,QA_EVIDENCE,QA_EVIDENCE,ARCHIVE_CANDIDATE,docs/archive/qa_evidence/storefront_design_engine/phase5/w3_design_lab/15_green_final_repair.txt,Phase-4 archive group C_audits_qa; historical/superseded report/audit/reference with no canonical dependency,,,MEDIUM,0,0,LOW,C_audits_qa,MEDIUM
docs/qa_evidence/storefront_design_engine/phase5/w3_design_lab/16_final_targeted_regression_619.txt,16_final_targeted_regression_619.txt,storefront_presentation,QA_EVIDENCE,QA_EVIDENCE,ARCHIVE_CANDIDATE,docs/archive/qa_evidence/storefront_design_engine/phase5/w3_design_lab/16_final_targeted_regression_619.txt,Phase-4 archive group C_audits_qa; historical/superseded report/audit/reference with no canonical dependency,,,MEDIUM,0,0,LOW,C_audits_qa,MEDIUM
docs/qa_evidence/storefront_design_engine/phase5/w3_design_lab/17_final_w2_theme_regression.txt,17_final_w2_theme_regression.txt,storefront_presentation,QA_EVIDENCE,QA_EVIDENCE,ARCHIVE_CANDIDATE,docs/archive/qa_evidence/storefront_design_engine/phase5/w3_design_lab/17_final_w2_theme_regression.txt,Phase-4 archive group C_audits_qa; historical/superseded report/audit/reference with no canonical dependency,,,MEDIUM,0,0,LOW,C_audits_qa,MEDIUM
docs/qa_evidence/storefront_design_engine/phase5/w3_design_lab/18_final_w1_cart_pricing_regression.txt,18_final_w1_cart_pricing_regression.txt,storefront_presentation,QA_EVIDENCE,QA_EVIDENCE,ARCHIVE_CANDIDATE,docs/archive/qa_evidence/storefront_design_engine/phase5/w3_design_lab/18_final_w1_cart_pricing_regression.txt,Phase-4 archive group C_audits_qa; historical/superseded report/audit/reference with no canonical dependency,,,MEDIUM,0,0,LOW,C_audits_qa,MEDIUM
docs/qa_evidence/storefront_design_engine/phase5/w3_design_lab/19b_final_base_e28b563_full_suite.txt,19b_final_base_e28b563_full_suite.txt,storefront_presentation,QA_EVIDENCE,QA_EVIDENCE,ARCHIVE_CANDIDATE,docs/archive/qa_evidence/storefront_design_engine/phase5/w3_design_lab/19b_final_base_e28b563_full_suite.txt,Phase-4 archive group C_audits_qa; historical/superseded report/audit/reference with no canonical dependency,,,MEDIUM,0,0,LOW,C_audits_qa,MEDIUM
docs/qa_evidence/storefront_design_engine/phase5/w3_design_lab/19_final_full_storefront_builder_suite.txt,19_final_full_storefront_builder_suite.txt,storefront_presentation,QA_EVIDENCE,QA_EVIDENCE,ARCHIVE_CANDIDATE,docs/archive/qa_evidence/storefront_design_engine/phase5/w3_design_lab/19_final_full_storefront_builder_suite.txt,Phase-4 archive group C_audits_qa; historical/superseded report/audit/reference with no canonical dependency,,,MEDIUM,0,0,LOW,C_audits_qa,MEDIUM
docs/qa_evidence/storefront_design_engine/phase5/w3_design_lab/20_final_repo_gates.txt,20_final_repo_gates.txt,storefront_presentation,QA_EVIDENCE,QA_EVIDENCE,ARCHIVE_CANDIDATE,docs/archive/qa_evidence/storefront_design_engine/phase5/w3_design_lab/20_final_repo_gates.txt,Phase-4 archive group C_audits_qa; historical/superseded report/audit/reference with no canonical dependency,,,MEDIUM,0,0,LOW,C_audits_qa,MEDIUM
docs/qa_evidence/storefront_design_engine/phase5/w3_design_lab/21_final_full_suite_base_comparison.md,21_final_full_suite_base_comparison.md,storefront_presentation,QA_EVIDENCE,QA_EVIDENCE,ARCHIVE_CANDIDATE,docs/archive/qa_evidence/storefront_design_engine/phase5/w3_design_lab/21_final_full_suite_base_comparison.md,Phase-4 archive group C_audits_qa; historical/superseded report/audit/reference with no canonical dependency,,,MEDIUM,0,0,LOW,C_audits_qa,MEDIUM
docs/qa_evidence/storefront_design_engine/phase5/w3_design_lab/22_final_architecture_duplication_gate.md,22_final_architecture_duplication_gate.md,storefront_presentation,QA_EVIDENCE,QA_EVIDENCE,ARCHIVE_CANDIDATE,docs/archive/qa_evidence/storefront_design_engine/phase5/w3_design_lab/22_final_architecture_duplication_gate.md,Phase-4 archive group C_audits_qa; historical/superseded report/audit/reference with no canonical dependency,,,MEDIUM,0,0,LOW,C_audits_qa,MEDIUM
docs/qa_evidence/storefront_design_engine/phase5/w3_design_lab/23_final_clean_status.txt,23_final_clean_status.txt,storefront_presentation,QA_EVIDENCE,QA_EVIDENCE,ARCHIVE_CANDIDATE,docs/archive/qa_evidence/storefront_design_engine/phase5/w3_design_lab/23_final_clean_status.txt,Phase-4 archive group C_audits_qa; historical/superseded report/audit/reference with no canonical dependency,,,MEDIUM,0,0,LOW,C_audits_qa,MEDIUM
docs/qa_evidence/storefront_design_engine/phase5/w3_design_lab/w3_implementation_report.md,w3_implementation_report.md,storefront_presentation,QA_EVIDENCE,QA_EVIDENCE,ARCHIVE_CANDIDATE,docs/archive/qa_evidence/storefront_design_engine/phase5/w3_design_lab/w3_implementation_report.md,Phase-4 archive group C_audits_qa; historical/superseded report/audit/reference with no canonical dependency,,,MEDIUM,0,0,LOW,C_audits_qa,MEDIUM
docs/qa_evidence/storefront_design_engine/phase5/w4a_public_shell_convergence/01_red_task1_shell_only_context.txt,01_red_task1_shell_only_context.txt,storefront_presentation,QA_EVIDENCE,QA_EVIDENCE,ARCHIVE_CANDIDATE,docs/archive/qa_evidence/storefront_design_engine/phase5/w4a_public_shell_convergence/01_red_task1_shell_only_context.txt,Phase-4 archive group C_audits_qa; historical/superseded report/audit/reference with no canonical dependency,,,MEDIUM,0,0,LOW,C_audits_qa,MEDIUM
docs/qa_evidence/storefront_design_engine/phase5/w4a_public_shell_convergence/02_green_task1_shell_only_context.txt,02_green_task1_shell_only_context.txt,storefront_presentation,QA_EVIDENCE,QA_EVIDENCE,ARCHIVE_CANDIDATE,docs/archive/qa_evidence/storefront_design_engine/phase5/w4a_public_shell_convergence/02_green_task1_shell_only_context.txt,Phase-4 archive group C_audits_qa; historical/superseded report/audit/reference with no canonical dependency,,,MEDIUM,0,0,LOW,C_audits_qa,MEDIUM
docs/qa_evidence/storefront_design_engine/phase5/w4a_public_shell_convergence/03_red_task2_wishlist.txt,03_red_task2_wishlist.txt,storefront_presentation,QA_EVIDENCE,QA_EVIDENCE,ARCHIVE_CANDIDATE,docs/archive/qa_evidence/storefront_design_engine/phase5/w4a_public_shell_convergence/03_red_task2_wishlist.txt,Phase-4 archive group C_audits_qa; historical/superseded report/audit/reference with no canonical dependency,,,MEDIUM,0,0,LOW,C_audits_qa,MEDIUM
docs/qa_evidence/storefront_design_engine/phase5/w4a_public_shell_convergence/04_green_task2_wishlist.txt,04_green_task2_wishlist.txt,storefront_presentation,QA_EVIDENCE,QA_EVIDENCE,ARCHIVE_CANDIDATE,docs/archive/qa_evidence/storefront_design_engine/phase5/w4a_public_shell_convergence/04_green_task2_wishlist.txt,Phase-4 archive group C_audits_qa; historical/superseded report/audit/reference with no canonical dependency,,,MEDIUM,0,0,LOW,C_audits_qa,MEDIUM
docs/qa_evidence/storefront_design_engine/phase5/w4a_public_shell_convergence/05_red_task3_cms.txt,05_red_task3_cms.txt,storefront_presentation,QA_EVIDENCE,QA_EVIDENCE,ARCHIVE_CANDIDATE,docs/archive/qa_evidence/storefront_design_engine/phase5/w4a_public_shell_convergence/05_red_task3_cms.txt,Phase-4 archive group C_audits_qa; historical/superseded report/audit/reference with no canonical dependency,,,MEDIUM,0,0,LOW,C_audits_qa,MEDIUM
docs/qa_evidence/storefront_design_engine/phase5/w4a_public_shell_convergence/06_green_task3_cms.txt,06_green_task3_cms.txt,storefront_presentation,QA_EVIDENCE,QA_EVIDENCE,ARCHIVE_CANDIDATE,docs/archive/qa_evidence/storefront_design_engine/phase5/w4a_public_shell_convergence/06_green_task3_cms.txt,Phase-4 archive group C_audits_qa; historical/superseded report/audit/reference with no canonical dependency,,,MEDIUM,0,0,LOW,C_audits_qa,MEDIUM
docs/qa_evidence/storefront_design_engine/phase5/w4a_public_shell_convergence/07_regression_content_full.txt,07_regression_content_full.txt,storefront_presentation,QA_EVIDENCE,QA_EVIDENCE,ARCHIVE_CANDIDATE,docs/archive/qa_evidence/storefront_design_engine/phase5/w4a_public_shell_convergence/07_regression_content_full.txt,Phase-4 archive group C_audits_qa; historical/superseded report/audit/reference with no canonical dependency,,,MEDIUM,0,0,LOW,C_audits_qa,MEDIUM
docs/qa_evidence/storefront_design_engine/phase5/w4a_public_shell_convergence/08_regression_customers_full.txt,08_regression_customers_full.txt,storefront_presentation,QA_EVIDENCE,QA_EVIDENCE,ARCHIVE_CANDIDATE,docs/archive/qa_evidence/storefront_design_engine/phase5/w4a_public_shell_convergence/08_regression_customers_full.txt,Phase-4 archive group C_audits_qa; historical/superseded report/audit/reference with no canonical dependency,,,MEDIUM,0,0,LOW,C_audits_qa,MEDIUM
docs/qa_evidence/storefront_design_engine/phase5/w4a_public_shell_convergence/09_full_storefront_builder_suite.txt,09_full_storefront_builder_suite.txt,storefront_presentation,QA_EVIDENCE,QA_EVIDENCE,ARCHIVE_CANDIDATE,docs/archive/qa_evidence/storefront_design_engine/phase5/w4a_public_shell_convergence/09_full_storefront_builder_suite.txt,Phase-4 archive group C_audits_qa; historical/superseded report/audit/reference with no canonical dependency,,,MEDIUM,0,0,LOW,C_audits_qa,MEDIUM
docs/qa_evidence/storefront_design_engine/phase5/w4a_public_shell_convergence/10_regression_shell_render_tenant_catalog_cart.txt,10_regression_shell_render_tenant_catalog_cart.txt,storefront_presentation,QA_EVIDENCE,QA_EVIDENCE,ARCHIVE_CANDIDATE,docs/archive/qa_evidence/storefront_design_engine/phase5/w4a_public_shell_convergence/10_regression_shell_render_tenant_catalog_cart.txt,Phase-4 archive group C_audits_qa; historical/superseded report/audit/reference with no canonical dependency,,,MEDIUM,0,0,LOW,C_audits_qa,MEDIUM
docs/qa_evidence/storefront_design_engine/phase5/w4a_public_shell_convergence/11_full_catalog_cart_regression.txt,11_full_catalog_cart_regression.txt,storefront_presentation,QA_EVIDENCE,QA_EVIDENCE,ARCHIVE_CANDIDATE,docs/archive/qa_evidence/storefront_design_engine/phase5/w4a_public_shell_convergence/11_full_catalog_cart_regression.txt,Phase-4 archive group C_audits_qa; historical/superseded report/audit/reference with no canonical dependency,,,MEDIUM,0,0,LOW,C_audits_qa,MEDIUM
docs/qa_evidence/storefront_design_engine/phase5/w4a_public_shell_convergence/12_full_suite_base_comparison.md,12_full_suite_base_comparison.md,storefront_presentation,QA_EVIDENCE,QA_EVIDENCE,ARCHIVE_CANDIDATE,docs/archive/qa_evidence/storefront_design_engine/phase5/w4a_public_shell_convergence/12_full_suite_base_comparison.md,Phase-4 archive group C_audits_qa; historical/superseded report/audit/reference with no canonical dependency,,,MEDIUM,0,0,LOW,C_audits_qa,MEDIUM
docs/qa_evidence/storefront_design_engine/phase5/w4a_public_shell_convergence/13_final_repair_repo_gates.txt,13_final_repair_repo_gates.txt,storefront_presentation,QA_EVIDENCE,QA_EVIDENCE,ARCHIVE_CANDIDATE,docs/archive/qa_evidence/storefront_design_engine/phase5/w4a_public_shell_convergence/13_final_repair_repo_gates.txt,Phase-4 archive group C_audits_qa; historical/superseded report/audit/reference with no canonical dependency,,,MEDIUM,0,0,LOW,C_audits_qa,MEDIUM
docs/qa_evidence/storefront_design_engine/phase5/w4a_public_shell_convergence/14_red_important1_header_count.txt,14_red_important1_header_count.txt,storefront_presentation,QA_EVIDENCE,QA_EVIDENCE,ARCHIVE_CANDIDATE,docs/archive/qa_evidence/storefront_design_engine/phase5/w4a_public_shell_convergence/14_red_important1_header_count.txt,Phase-4 archive group C_audits_qa; historical/superseded report/audit/reference with no canonical dependency,,,MEDIUM,0,0,LOW,C_audits_qa,MEDIUM
docs/qa_evidence/storefront_design_engine/phase5/w4a_public_shell_convergence/15_green_important1_header_count.txt,15_green_important1_header_count.txt,storefront_presentation,QA_EVIDENCE,QA_EVIDENCE,ARCHIVE_CANDIDATE,docs/archive/qa_evidence/storefront_design_engine/phase5/w4a_public_shell_convergence/15_green_important1_header_count.txt,Phase-4 archive group C_audits_qa; historical/superseded report/audit/reference with no canonical dependency,,,MEDIUM,0,0,LOW,C_audits_qa,MEDIUM
docs/qa_evidence/storefront_design_engine/phase5/w4a_public_shell_convergence/16_green_cart_customers_after_important1.txt,16_green_cart_customers_after_important1.txt,storefront_presentation,QA_EVIDENCE,QA_EVIDENCE,ARCHIVE_CANDIDATE,docs/archive/qa_evidence/storefront_design_engine/phase5/w4a_public_shell_convergence/16_green_cart_customers_after_important1.txt,Phase-4 archive group C_audits_qa; historical/superseded report/audit/reference with no canonical dependency,,,MEDIUM,0,0,LOW,C_audits_qa,MEDIUM
docs/qa_evidence/storefront_design_engine/phase5/w4a_public_shell_convergence/17_customers_base_honest.txt,17_customers_base_honest.txt,storefront_presentation,QA_EVIDENCE,QA_EVIDENCE,ARCHIVE_CANDIDATE,docs/archive/qa_evidence/storefront_design_engine/phase5/w4a_public_shell_convergence/17_customers_base_honest.txt,Phase-4 archive group C_audits_qa; historical/superseded report/audit/reference with no canonical dependency,,,MEDIUM,0,0,LOW,C_audits_qa,MEDIUM
docs/qa_evidence/storefront_design_engine/phase5/w4a_public_shell_convergence/18_customers_final_honest.txt,18_customers_final_honest.txt,storefront_presentation,QA_EVIDENCE,QA_EVIDENCE,ARCHIVE_CANDIDATE,docs/archive/qa_evidence/storefront_design_engine/phase5/w4a_public_shell_convergence/18_customers_final_honest.txt,Phase-4 archive group C_audits_qa; historical/superseded report/audit/reference with no canonical dependency,,,MEDIUM,0,0,LOW,C_audits_qa,MEDIUM
docs/qa_evidence/storefront_design_engine/phase5/w4a_public_shell_convergence/19_reconstructed_red_task2_wishlist.txt,19_reconstructed_red_task2_wishlist.txt,storefront_presentation,QA_EVIDENCE,QA_EVIDENCE,ARCHIVE_CANDIDATE,docs/archive/qa_evidence/storefront_design_engine/phase5/w4a_public_shell_convergence/19_reconstructed_red_task2_wishlist.txt,Phase-4 archive group C_audits_qa; historical/superseded report/audit/reference with no canonical dependency,,,MEDIUM,0,0,LOW,C_audits_qa,MEDIUM
docs/qa_evidence/storefront_design_engine/phase5/w4a_public_shell_convergence/20_red_important4_css_link.txt,20_red_important4_css_link.txt,storefront_presentation,QA_EVIDENCE,QA_EVIDENCE,ARCHIVE_CANDIDATE,docs/archive/qa_evidence/storefront_design_engine/phase5/w4a_public_shell_convergence/20_red_important4_css_link.txt,Phase-4 archive group C_audits_qa; historical/superseded report/audit/reference with no canonical dependency,,,MEDIUM,0,0,LOW,C_audits_qa,MEDIUM
docs/qa_evidence/storefront_design_engine/phase5/w4a_public_shell_convergence/21_green_important4_css_link.txt,21_green_important4_css_link.txt,storefront_presentation,QA_EVIDENCE,QA_EVIDENCE,ARCHIVE_CANDIDATE,docs/archive/qa_evidence/storefront_design_engine/phase5/w4a_public_shell_convergence/21_green_important4_css_link.txt,Phase-4 archive group C_audits_qa; historical/superseded report/audit/reference with no canonical dependency,,,MEDIUM,0,0,LOW,C_audits_qa,MEDIUM
docs/qa_evidence/storefront_design_engine/phase5/w4a_public_shell_convergence/22_full_storefront_builder_suite_final.txt,22_full_storefront_builder_suite_final.txt,storefront_presentation,QA_EVIDENCE,QA_EVIDENCE,ARCHIVE_CANDIDATE,docs/archive/qa_evidence/storefront_design_engine/phase5/w4a_public_shell_convergence/22_full_storefront_builder_suite_final.txt,Phase-4 archive group C_audits_qa; historical/superseded report/audit/reference with no canonical dependency,,,MEDIUM,0,0,LOW,C_audits_qa,MEDIUM
docs/qa_evidence/storefront_design_engine/phase5/w4a_public_shell_convergence/23_full_content_regression_final.txt,23_full_content_regression_final.txt,storefront_presentation,QA_EVIDENCE,QA_EVIDENCE,ARCHIVE_CANDIDATE,docs/archive/qa_evidence/storefront_design_engine/phase5/w4a_public_shell_convergence/23_full_content_regression_final.txt,Phase-4 archive group C_audits_qa; historical/superseded report/audit/reference with no canonical dependency,,,MEDIUM,0,0,LOW,C_audits_qa,MEDIUM
docs/qa_evidence/storefront_design_engine/phase5/w4a_public_shell_convergence/24_final_full_suite_base_comparison.md,24_final_full_suite_base_comparison.md,storefront_presentation,QA_EVIDENCE,QA_EVIDENCE,ARCHIVE_CANDIDATE,docs/archive/qa_evidence/storefront_design_engine/phase5/w4a_public_shell_convergence/24_final_full_suite_base_comparison.md,Phase-4 archive group C_audits_qa; historical/superseded report/audit/reference with no canonical dependency,,,MEDIUM,0,0,LOW,C_audits_qa,MEDIUM
docs/qa_evidence/storefront_design_engine/phase5/w4a_public_shell_convergence/25_final_focused_exact_head.txt,25_final_focused_exact_head.txt,storefront_presentation,QA_EVIDENCE,QA_EVIDENCE,ARCHIVE_CANDIDATE,docs/archive/qa_evidence/storefront_design_engine/phase5/w4a_public_shell_convergence/25_final_focused_exact_head.txt,Phase-4 archive group C_audits_qa; historical/superseded report/audit/reference with no canonical dependency,,,MEDIUM,0,0,LOW,C_audits_qa,MEDIUM
docs/qa_evidence/storefront_design_engine/phase5/w4a_public_shell_convergence/26_customers_final_exact_head.txt,26_customers_final_exact_head.txt,storefront_presentation,QA_EVIDENCE,QA_EVIDENCE,ARCHIVE_CANDIDATE,docs/archive/qa_evidence/storefront_design_engine/phase5/w4a_public_shell_convergence/26_customers_final_exact_head.txt,Phase-4 archive group C_audits_qa; historical/superseded report/audit/reference with no canonical dependency,,,MEDIUM,0,0,LOW,C_audits_qa,MEDIUM
docs/qa_evidence/storefront_design_engine/phase5/w4a_public_shell_convergence/27_final_clean_status.txt,27_final_clean_status.txt,storefront_presentation,QA_EVIDENCE,QA_EVIDENCE,ARCHIVE_CANDIDATE,docs/archive/qa_evidence/storefront_design_engine/phase5/w4a_public_shell_convergence/27_final_clean_status.txt,Phase-4 archive group C_audits_qa; historical/superseded report/audit/reference with no canonical dependency,,,MEDIUM,0,0,LOW,C_audits_qa,MEDIUM
docs/qa_evidence/storefront_design_engine/phase5/w4a_public_shell_convergence/28_final_focused_green_after_isolation.txt,28_final_focused_green_after_isolation.txt,storefront_presentation,QA_EVIDENCE,QA_EVIDENCE,ARCHIVE_CANDIDATE,docs/archive/qa_evidence/storefront_design_engine/phase5/w4a_public_shell_convergence/28_final_focused_green_after_isolation.txt,Phase-4 archive group C_audits_qa; historical/superseded report/audit/reference with no canonical dependency,,,MEDIUM,0,0,LOW,C_audits_qa,MEDIUM
docs/qa_evidence/storefront_design_engine/phase5/w4a_public_shell_convergence/29_final_clean_status_after_test_isolation.txt,29_final_clean_status_after_test_isolation.txt,storefront_presentation,QA_EVIDENCE,QA_EVIDENCE,ARCHIVE_CANDIDATE,docs/archive/qa_evidence/storefront_design_engine/phase5/w4a_public_shell_convergence/29_final_clean_status_after_test_isolation.txt,Phase-4 archive group C_audits_qa; historical/superseded report/audit/reference with no canonical dependency,,,MEDIUM,0,0,LOW,C_audits_qa,MEDIUM
docs/qa_evidence/storefront_design_engine/phase5/w4a_public_shell_convergence/30_customers_final_after_isolation.txt,30_customers_final_after_isolation.txt,storefront_presentation,QA_EVIDENCE,QA_EVIDENCE,ARCHIVE_CANDIDATE,docs/archive/qa_evidence/storefront_design_engine/phase5/w4a_public_shell_convergence/30_customers_final_after_isolation.txt,Phase-4 archive group C_audits_qa; historical/superseded report/audit/reference with no canonical dependency,,,MEDIUM,0,0,LOW,C_audits_qa,MEDIUM
docs/qa_evidence/storefront_design_engine/phase5/w4a_public_shell_convergence/31_content_full_exact_head.txt,31_content_full_exact_head.txt,storefront_presentation,QA_EVIDENCE,QA_EVIDENCE,ARCHIVE_CANDIDATE,docs/archive/qa_evidence/storefront_design_engine/phase5/w4a_public_shell_convergence/31_content_full_exact_head.txt,Phase-4 archive group C_audits_qa; historical/superseded report/audit/reference with no canonical dependency,,,MEDIUM,0,0,LOW,C_audits_qa,MEDIUM
docs/qa_evidence/storefront_design_engine/phase5/w4a_public_shell_convergence/32_full_storefront_builder_exact_head.txt,32_full_storefront_builder_exact_head.txt,storefront_presentation,QA_EVIDENCE,QA_EVIDENCE,ARCHIVE_CANDIDATE,docs/archive/qa_evidence/storefront_design_engine/phase5/w4a_public_shell_convergence/32_full_storefront_builder_exact_head.txt,Phase-4 archive group C_audits_qa; historical/superseded report/audit/reference with no canonical dependency,,,MEDIUM,0,0,LOW,C_audits_qa,MEDIUM
docs/qa_evidence/storefront_design_engine/phase5/w4a_public_shell_convergence/33_full_suite_exact_head_base_comparison.md,33_full_suite_exact_head_base_comparison.md,storefront_presentation,QA_EVIDENCE,QA_EVIDENCE,ARCHIVE_CANDIDATE,docs/archive/qa_evidence/storefront_design_engine/phase5/w4a_public_shell_convergence/33_full_suite_exact_head_base_comparison.md,Phase-4 archive group C_audits_qa; historical/superseded report/audit/reference with no canonical dependency,,,MEDIUM,0,0,LOW,C_audits_qa,MEDIUM
docs/qa_evidence/storefront_design_engine/phase5/w4a_public_shell_convergence/34_final_clean_status_exact_head.md,34_final_clean_status_exact_head.md,storefront_presentation,QA_EVIDENCE,QA_EVIDENCE,ARCHIVE_CANDIDATE,docs/archive/qa_evidence/storefront_design_engine/phase5/w4a_public_shell_convergence/34_final_clean_status_exact_head.md,Phase-4 archive group C_audits_qa; historical/superseded report/audit/reference with no canonical dependency,,,MEDIUM,0,0,LOW,C_audits_qa,MEDIUM
docs/qa_evidence/storefront_design_engine/phase5/w4a_public_shell_convergence/public_surface_inventory.md,public_surface_inventory.md,storefront_presentation,QA_EVIDENCE,QA_EVIDENCE,ARCHIVE_CANDIDATE,docs/archive/qa_evidence/storefront_design_engine/phase5/w4a_public_shell_convergence/public_surface_inventory.md,Phase-4 archive group C_audits_qa; historical/superseded report/audit/reference with no canonical dependency,,,MEDIUM,0,0,LOW,C_audits_qa,MEDIUM
docs/qa_evidence/storefront_design_engine/phase5/w4a_public_shell_convergence/w4a_implementation_report.md,w4a_implementation_report.md,storefront_presentation,QA_EVIDENCE,QA_EVIDENCE,ARCHIVE_CANDIDATE,docs/archive/qa_evidence/storefront_design_engine/phase5/w4a_public_shell_convergence/w4a_implementation_report.md,Phase-4 archive group C_audits_qa; historical/superseded report/audit/reference with no canonical dependency,,,MEDIUM,0,0,LOW,C_audits_qa,MEDIUM
docs/qa_evidence/storefront_design_engine/phase5/w4b_template_curation/implementation/00_certified_w4a_fingerprints.md,00_certified_w4a_fingerprints.md,storefront_presentation,QA_EVIDENCE,QA_EVIDENCE,KEEP_HISTORICAL_REFERENCE,,Archive-group C_audits_qa BUT referenced by 1 code/template/script reference(s); HIGH-RISK -> keep as historical reference (code paths must not be auto-changed),,,MEDIUM,0,1,NONE,CODE_REFERENCE_DO_NOT_CHANGE_AUTOMATICALLY,MEDIUM
docs/qa_evidence/storefront_design_engine/phase5/w4b_template_curation/implementation/00_certified_w4a_fingerprints_output.txt,00_certified_w4a_fingerprints_output.txt,storefront_presentation,QA_EVIDENCE,QA_EVIDENCE,ARCHIVE_CANDIDATE,docs/archive/qa_evidence/storefront_design_engine/phase5/w4b_template_curation/implementation/00_certified_w4a_fingerprints_output.txt,Phase-4 archive group C_audits_qa; historical/superseded report/audit/reference with no canonical dependency,,,MEDIUM,0,0,LOW,C_audits_qa,MEDIUM
docs/qa_evidence/storefront_design_engine/phase5/w4b_template_curation/implementation/01_red_w4b_contract_tests.txt,01_red_w4b_contract_tests.txt,storefront_presentation,QA_EVIDENCE,QA_EVIDENCE,ARCHIVE_CANDIDATE,docs/archive/qa_evidence/storefront_design_engine/phase5/w4b_template_curation/implementation/01_red_w4b_contract_tests.txt,Phase-4 archive group C_audits_qa; historical/superseded report/audit/reference with no canonical dependency,,,MEDIUM,0,0,LOW,C_audits_qa,MEDIUM
docs/qa_evidence/storefront_design_engine/phase5/w4b_template_curation/implementation/02_green_w4b_contract_tests.txt,02_green_w4b_contract_tests.txt,storefront_presentation,QA_EVIDENCE,QA_EVIDENCE,ARCHIVE_CANDIDATE,docs/archive/qa_evidence/storefront_design_engine/phase5/w4b_template_curation/implementation/02_green_w4b_contract_tests.txt,Phase-4 archive group C_audits_qa; historical/superseded report/audit/reference with no canonical dependency,,,MEDIUM,0,0,LOW,C_audits_qa,MEDIUM
docs/qa_evidence/storefront_design_engine/phase5/w4b_template_curation/implementation/03_focused_green_existing_a8_u10_preset_suites.txt,03_focused_green_existing_a8_u10_preset_suites.txt,storefront_presentation,QA_EVIDENCE,QA_EVIDENCE,ARCHIVE_CANDIDATE,docs/archive/qa_evidence/storefront_design_engine/phase5/w4b_template_curation/implementation/03_focused_green_existing_a8_u10_preset_suites.txt,Phase-4 archive group C_audits_qa; historical/superseded report/audit/reference with no canonical dependency,,,MEDIUM,0,0,LOW,C_audits_qa,MEDIUM
docs/qa_evidence/storefront_design_engine/phase5/w4b_template_curation/implementation/04_additional_canonical_ready_template_suites.txt,04_additional_canonical_ready_template_suites.txt,storefront_presentation,QA_EVIDENCE,QA_EVIDENCE,ARCHIVE_CANDIDATE,docs/archive/qa_evidence/storefront_design_engine/phase5/w4b_template_curation/implementation/04_additional_canonical_ready_template_suites.txt,Phase-4 archive group C_audits_qa; historical/superseded report/audit/reference with no canonical dependency,,,MEDIUM,0,0,LOW,C_audits_qa,MEDIUM
docs/qa_evidence/storefront_design_engine/phase5/w4b_template_curation/implementation/05_full_storefront_builder_exact_head.txt,05_full_storefront_builder_exact_head.txt,storefront_presentation,QA_EVIDENCE,QA_EVIDENCE,ARCHIVE_CANDIDATE,docs/archive/qa_evidence/storefront_design_engine/phase5/w4b_template_curation/implementation/05_full_storefront_builder_exact_head.txt,Phase-4 archive group C_audits_qa; historical/superseded report/audit/reference with no canonical dependency,,,MEDIUM,0,0,LOW,C_audits_qa,MEDIUM
docs/qa_evidence/storefront_design_engine/phase5/w4b_template_curation/implementation/06_bounded_browser_qa_summary.md,06_bounded_browser_qa_summary.md,storefront_presentation,QA_EVIDENCE,QA_EVIDENCE,ARCHIVE_CANDIDATE,docs/archive/qa_evidence/storefront_design_engine/phase5/w4b_template_curation/implementation/06_bounded_browser_qa_summary.md,Phase-4 archive group C_audits_qa; historical/superseded report/audit/reference with no canonical dependency,,,MEDIUM,0,0,LOW,C_audits_qa,MEDIUM
docs/qa_evidence/storefront_design_engine/phase5/w4b_template_curation/implementation/07_django_check_migrations_gitdiff_gates.txt,07_django_check_migrations_gitdiff_gates.txt,storefront_presentation,QA_EVIDENCE,QA_EVIDENCE,ARCHIVE_CANDIDATE,docs/archive/qa_evidence/storefront_design_engine/phase5/w4b_template_curation/implementation/07_django_check_migrations_gitdiff_gates.txt,Phase-4 archive group C_audits_qa; historical/superseded report/audit/reference with no canonical dependency,,,MEDIUM,0,0,LOW,C_audits_qa,MEDIUM
docs/qa_evidence/storefront_design_engine/phase5/w4b_template_curation/implementation/08_architecture_duplication_audit.md,08_architecture_duplication_audit.md,storefront_presentation,QA_EVIDENCE,QA_EVIDENCE,ARCHIVE_CANDIDATE,docs/archive/qa_evidence/storefront_design_engine/phase5/w4b_template_curation/implementation/08_architecture_duplication_audit.md,Phase-4 archive group C_audits_qa; historical/superseded report/audit/reference with no canonical dependency,,,MEDIUM,0,0,LOW,C_audits_qa,MEDIUM
docs/qa_evidence/storefront_design_engine/phase5/w4b_template_curation/implementation/09_full_suite_exact_head_base_comparison.md,09_full_suite_exact_head_base_comparison.md,storefront_presentation,QA_EVIDENCE,QA_EVIDENCE,ARCHIVE_CANDIDATE,docs/archive/qa_evidence/storefront_design_engine/phase5/w4b_template_curation/implementation/09_full_suite_exact_head_base_comparison.md,Phase-4 archive group C_audits_qa; historical/superseded report/audit/reference with no canonical dependency,,,MEDIUM,0,0,LOW,C_audits_qa,MEDIUM
docs/qa_evidence/storefront_design_engine/phase5/w4b_template_curation/implementation/10_implementation_report.md,10_implementation_report.md,storefront_presentation,QA_EVIDENCE,QA_EVIDENCE,ARCHIVE_CANDIDATE,docs/archive/qa_evidence/storefront_design_engine/phase5/w4b_template_curation/implementation/10_implementation_report.md,Phase-4 archive group C_audits_qa; historical/superseded report/audit/reference with no canonical dependency,,,MEDIUM,0,0,LOW,C_audits_qa,MEDIUM
docs/qa_evidence/storefront_design_engine/phase5/w4b_template_curation/implementation/11_final_clean_status_evidence.txt,11_final_clean_status_evidence.txt,storefront_presentation,QA_EVIDENCE,QA_EVIDENCE,ARCHIVE_CANDIDATE,docs/archive/qa_evidence/storefront_design_engine/phase5/w4b_template_curation/implementation/11_final_clean_status_evidence.txt,Phase-4 archive group C_audits_qa; historical/superseded report/audit/reference with no canonical dependency,,,MEDIUM,0,0,LOW,C_audits_qa,MEDIUM
docs/qa_evidence/storefront_design_engine/phase5/w4b_template_curation/implementation/12_independent_review_browser_repair_summary.md,12_independent_review_browser_repair_summary.md,storefront_presentation,QA_EVIDENCE,QA_EVIDENCE,ARCHIVE_CANDIDATE,docs/archive/qa_evidence/storefront_design_engine/phase5/w4b_template_curation/implementation/12_independent_review_browser_repair_summary.md,Phase-4 archive group C_audits_qa; historical/superseded report/audit/reference with no canonical dependency,,,MEDIUM,0,0,LOW,C_audits_qa,MEDIUM
docs/qa_evidence/storefront_design_engine/phase5/w4b_template_curation/implementation/13_final_clean_status_review_repair.txt,13_final_clean_status_review_repair.txt,storefront_presentation,QA_EVIDENCE,QA_EVIDENCE,ARCHIVE_CANDIDATE,docs/archive/qa_evidence/storefront_design_engine/phase5/w4b_template_curation/implementation/13_final_clean_status_review_repair.txt,Phase-4 archive group C_audits_qa; historical/superseded report/audit/reference with no canonical dependency,,,MEDIUM,0,0,LOW,C_audits_qa,MEDIUM
docs/qa_evidence/storefront_design_engine/phase5/w4b_template_curation/w4b_curation_inventory.md,w4b_curation_inventory.md,storefront_presentation,QA_EVIDENCE,QA_EVIDENCE,KEEP_HISTORICAL_REFERENCE,,Archive-group C_audits_qa BUT referenced by 1 code/template/script reference(s); HIGH-RISK -> keep as historical reference (code paths must not be auto-changed),,,MEDIUM,0,1,NONE,CODE_REFERENCE_DO_NOT_CHANGE_AUTOMATICALLY,MEDIUM
docs/qa_evidence/storefront_design_engine/phase5/w4_certification/architecture_duplication_audit.md,architecture_duplication_audit.md,storefront_presentation,QA_EVIDENCE,QA_EVIDENCE,ARCHIVE_CANDIDATE,docs/archive/qa_evidence/storefront_design_engine/phase5/w4_certification/architecture_duplication_audit.md,Phase-4 archive group C_audits_qa; historical/superseded report/audit/reference with no canonical dependency,,,MEDIUM,0,0,LOW,C_audits_qa,MEDIUM
docs/qa_evidence/storefront_design_engine/phase5/w4_certification/browser_error_summary.md,browser_error_summary.md,storefront_presentation,QA_EVIDENCE,QA_EVIDENCE,ARCHIVE_CANDIDATE,docs/archive/qa_evidence/storefront_design_engine/phase5/w4_certification/browser_error_summary.md,Phase-4 archive group C_audits_qa; historical/superseded report/audit/reference with no canonical dependency,,,MEDIUM,0,0,LOW,C_audits_qa,MEDIUM
docs/qa_evidence/storefront_design_engine/phase5/w4_certification/execution_report.md,execution_report.md,storefront_presentation,QA_EVIDENCE,QA_EVIDENCE,ARCHIVE_CANDIDATE,docs/archive/qa_evidence/storefront_design_engine/phase5/w4_certification/execution_report.md,Phase-4 archive group C_audits_qa; historical/superseded report/audit/reference with no canonical dependency,,,MEDIUM,0,0,LOW,C_audits_qa,MEDIUM
docs/qa_evidence/storefront_design_engine/phase5/w4_certification/failures/README.md,README.md,storefront_presentation,QA_EVIDENCE,QA_EVIDENCE,KEEP_HISTORICAL_REFERENCE,,Archive-group C_audits_qa BUT referenced by 1 canonical/domain AKS doc(s); keep as historical reference to avoid breaking canonical links,,,MEDIUM,1,1,NONE,REFERENCED_BY_CANONICAL,MEDIUM
docs/qa_evidence/storefront_design_engine/phase5/w4_certification/failure_summary.md,failure_summary.md,storefront_presentation,QA_EVIDENCE,QA_EVIDENCE,ARCHIVE_CANDIDATE,docs/archive/qa_evidence/storefront_design_engine/phase5/w4_certification/failure_summary.md,Phase-4 archive group C_audits_qa; historical/superseded report/audit/reference with no canonical dependency,,,MEDIUM,0,0,LOW,C_audits_qa,MEDIUM
docs/qa_evidence/storefront_design_engine/phase5/w4_certification/gallery_index.md,gallery_index.md,storefront_presentation,QA_EVIDENCE,QA_EVIDENCE,ARCHIVE_CANDIDATE,docs/archive/qa_evidence/storefront_design_engine/phase5/w4_certification/gallery_index.md,Phase-4 archive group C_audits_qa; historical/superseded report/audit/reference with no canonical dependency,,,MEDIUM,0,0,LOW,C_audits_qa,MEDIUM
docs/qa_evidence/storefront_design_engine/phase5/w4_certification/implementation/00_starting_state.txt,00_starting_state.txt,storefront_presentation,QA_EVIDENCE,QA_EVIDENCE,ARCHIVE_CANDIDATE,docs/archive/qa_evidence/storefront_design_engine/phase5/w4_certification/implementation/00_starting_state.txt,Phase-4 archive group C_audits_qa; historical/superseded report/audit/reference with no canonical dependency,,,MEDIUM,0,0,LOW,C_audits_qa,MEDIUM
docs/qa_evidence/storefront_design_engine/phase5/w4_certification/implementation/01_tdd_red.txt,01_tdd_red.txt,storefront_presentation,QA_EVIDENCE,QA_EVIDENCE,ARCHIVE_CANDIDATE,docs/archive/qa_evidence/storefront_design_engine/phase5/w4_certification/implementation/01_tdd_red.txt,Phase-4 archive group C_audits_qa; historical/superseded report/audit/reference with no canonical dependency,,,MEDIUM,0,0,LOW,C_audits_qa,MEDIUM
docs/qa_evidence/storefront_design_engine/phase5/w4_certification/implementation/02_tdd_red_analysis.md,02_tdd_red_analysis.md,storefront_presentation,QA_EVIDENCE,QA_EVIDENCE,ARCHIVE_CANDIDATE,docs/archive/qa_evidence/storefront_design_engine/phase5/w4_certification/implementation/02_tdd_red_analysis.md,Phase-4 archive group C_audits_qa; historical/superseded report/audit/reference with no canonical dependency,,,MEDIUM,0,0,LOW,C_audits_qa,MEDIUM
docs/qa_evidence/storefront_design_engine/phase5/w4_certification/implementation/04_tdd_green.txt,04_tdd_green.txt,storefront_presentation,QA_EVIDENCE,QA_EVIDENCE,ARCHIVE_CANDIDATE,docs/archive/qa_evidence/storefront_design_engine/phase5/w4_certification/implementation/04_tdd_green.txt,Phase-4 archive group C_audits_qa; historical/superseded report/audit/reference with no canonical dependency,,,MEDIUM,0,0,LOW,C_audits_qa,MEDIUM
docs/qa_evidence/storefront_design_engine/phase5/w4_certification/implementation/05_regression_gates.txt,05_regression_gates.txt,storefront_presentation,QA_EVIDENCE,QA_EVIDENCE,ARCHIVE_CANDIDATE,docs/archive/qa_evidence/storefront_design_engine/phase5/w4_certification/implementation/05_regression_gates.txt,Phase-4 archive group C_audits_qa; historical/superseded report/audit/reference with no canonical dependency,,,MEDIUM,0,0,LOW,C_audits_qa,MEDIUM
docs/qa_evidence/storefront_design_engine/phase5/w4_certification/implementation/06_architecture_duplication_audit.md,06_architecture_duplication_audit.md,storefront_presentation,QA_EVIDENCE,QA_EVIDENCE,ARCHIVE_CANDIDATE,docs/archive/qa_evidence/storefront_design_engine/phase5/w4_certification/implementation/06_architecture_duplication_audit.md,Phase-4 archive group C_audits_qa; historical/superseded report/audit/reference with no canonical dependency,,,MEDIUM,0,0,LOW,C_audits_qa,MEDIUM
docs/qa_evidence/storefront_design_engine/phase5/w4_certification/implementation/07_legacy_r4_non_interference.md,07_legacy_r4_non_interference.md,storefront_presentation,QA_EVIDENCE,QA_EVIDENCE,ARCHIVE_CANDIDATE,docs/archive/qa_evidence/storefront_design_engine/phase5/w4_certification/implementation/07_legacy_r4_non_interference.md,Phase-4 archive group C_audits_qa; historical/superseded report/audit/reference with no canonical dependency,,,MEDIUM,0,0,LOW,C_audits_qa,MEDIUM
docs/qa_evidence/storefront_design_engine/phase5/w4_certification/implementation/08_implementation_report.md,08_implementation_report.md,storefront_presentation,QA_EVIDENCE,QA_EVIDENCE,ARCHIVE_CANDIDATE,docs/archive/qa_evidence/storefront_design_engine/phase5/w4_certification/implementation/08_implementation_report.md,Phase-4 archive group C_audits_qa; historical/superseded report/audit/reference with no canonical dependency,,,MEDIUM,0,0,LOW,C_audits_qa,MEDIUM
docs/qa_evidence/storefront_design_engine/phase5/w4_certification/implementation/09_full_suite_regression.md,09_full_suite_regression.md,storefront_presentation,QA_EVIDENCE,QA_EVIDENCE,ARCHIVE_CANDIDATE,docs/archive/qa_evidence/storefront_design_engine/phase5/w4_certification/implementation/09_full_suite_regression.md,Phase-4 archive group C_audits_qa; historical/superseded report/audit/reference with no canonical dependency,,,MEDIUM,0,0,LOW,C_audits_qa,MEDIUM
docs/qa_evidence/storefront_design_engine/phase5/w4_certification/implementation/10_repair_round1_red.txt,10_repair_round1_red.txt,storefront_presentation,QA_EVIDENCE,QA_EVIDENCE,ARCHIVE_CANDIDATE,docs/archive/qa_evidence/storefront_design_engine/phase5/w4_certification/implementation/10_repair_round1_red.txt,Phase-4 archive group C_audits_qa; historical/superseded report/audit/reference with no canonical dependency,,,MEDIUM,0,0,LOW,C_audits_qa,MEDIUM
docs/qa_evidence/storefront_design_engine/phase5/w4_certification/implementation/11_repair_round1_green.txt,11_repair_round1_green.txt,storefront_presentation,QA_EVIDENCE,QA_EVIDENCE,ARCHIVE_CANDIDATE,docs/archive/qa_evidence/storefront_design_engine/phase5/w4_certification/implementation/11_repair_round1_green.txt,Phase-4 archive group C_audits_qa; historical/superseded report/audit/reference with no canonical dependency,,,MEDIUM,0,0,LOW,C_audits_qa,MEDIUM
docs/qa_evidence/storefront_design_engine/phase5/w4_certification/implementation/12_repair_round1_full_suite_output.txt,12_repair_round1_full_suite_output.txt,storefront_presentation,QA_EVIDENCE,QA_EVIDENCE,ARCHIVE_CANDIDATE,docs/archive/qa_evidence/storefront_design_engine/phase5/w4_certification/implementation/12_repair_round1_full_suite_output.txt,Phase-4 archive group C_audits_qa; historical/superseded report/audit/reference with no canonical dependency,,,MEDIUM,0,0,LOW,C_audits_qa,MEDIUM
docs/qa_evidence/storefront_design_engine/phase5/w4_certification/implementation/13_repair_round1_full_suite_identity_comparison.md,13_repair_round1_full_suite_identity_comparison.md,storefront_presentation,QA_EVIDENCE,QA_EVIDENCE,ARCHIVE_CANDIDATE,docs/archive/qa_evidence/storefront_design_engine/phase5/w4_certification/implementation/13_repair_round1_full_suite_identity_comparison.md,Phase-4 archive group C_audits_qa; historical/superseded report/audit/reference with no canonical dependency,,,MEDIUM,0,0,LOW,C_audits_qa,MEDIUM
docs/qa_evidence/storefront_design_engine/phase5/w4_certification/implementation/15a_smoke_attempt1_module_load_crash.txt,15a_smoke_attempt1_module_load_crash.txt,storefront_presentation,QA_EVIDENCE,QA_EVIDENCE,ARCHIVE_CANDIDATE,docs/archive/qa_evidence/storefront_design_engine/phase5/w4_certification/implementation/15a_smoke_attempt1_module_load_crash.txt,Phase-4 archive group C_audits_qa; historical/superseded report/audit/reference with no canonical dependency,,,MEDIUM,0,0,LOW,C_audits_qa,MEDIUM
docs/qa_evidence/storefront_design_engine/phase5/w4_certification/implementation/15b_smoke_attempt2_10_fails.txt,15b_smoke_attempt2_10_fails.txt,storefront_presentation,QA_EVIDENCE,QA_EVIDENCE,ARCHIVE_CANDIDATE,docs/archive/qa_evidence/storefront_design_engine/phase5/w4_certification/implementation/15b_smoke_attempt2_10_fails.txt,Phase-4 archive group C_audits_qa; historical/superseded report/audit/reference with no canonical dependency,,,MEDIUM,0,0,LOW,C_audits_qa,MEDIUM
docs/qa_evidence/storefront_design_engine/phase5/w4_certification/implementation/15c_smoke_attempt3_9_fails.txt,15c_smoke_attempt3_9_fails.txt,storefront_presentation,QA_EVIDENCE,QA_EVIDENCE,ARCHIVE_CANDIDATE,docs/archive/qa_evidence/storefront_design_engine/phase5/w4_certification/implementation/15c_smoke_attempt3_9_fails.txt,Phase-4 archive group C_audits_qa; historical/superseded report/audit/reference with no canonical dependency,,,MEDIUM,0,0,LOW,C_audits_qa,MEDIUM
docs/qa_evidence/storefront_design_engine/phase5/w4_certification/implementation/15d_smoke_attempt4_3_fails.txt,15d_smoke_attempt4_3_fails.txt,storefront_presentation,QA_EVIDENCE,QA_EVIDENCE,ARCHIVE_CANDIDATE,docs/archive/qa_evidence/storefront_design_engine/phase5/w4_certification/implementation/15d_smoke_attempt4_3_fails.txt,Phase-4 archive group C_audits_qa; historical/superseded report/audit/reference with no canonical dependency,,,MEDIUM,0,0,LOW,C_audits_qa,MEDIUM
docs/qa_evidence/storefront_design_engine/phase5/w4_certification/implementation/15e_smoke_attempt5_final_0_fails.txt,15e_smoke_attempt5_final_0_fails.txt,storefront_presentation,QA_EVIDENCE,QA_EVIDENCE,ARCHIVE_CANDIDATE,docs/archive/qa_evidence/storefront_design_engine/phase5/w4_certification/implementation/15e_smoke_attempt5_final_0_fails.txt,Phase-4 archive group C_audits_qa; historical/superseded report/audit/reference with no canonical dependency,,,MEDIUM,0,0,LOW,C_audits_qa,MEDIUM
docs/qa_evidence/storefront_design_engine/phase5/w4_certification/implementation/16_repair_round1_smoke_evidence.md,16_repair_round1_smoke_evidence.md,storefront_presentation,QA_EVIDENCE,QA_EVIDENCE,ARCHIVE_CANDIDATE,docs/archive/qa_evidence/storefront_design_engine/phase5/w4_certification/implementation/16_repair_round1_smoke_evidence.md,Phase-4 archive group C_audits_qa; historical/superseded report/audit/reference with no canonical dependency,,,MEDIUM,0,0,LOW,C_audits_qa,MEDIUM
docs/qa_evidence/storefront_design_engine/phase5/w4_certification/implementation/17_repair_round1_final_gates.txt,17_repair_round1_final_gates.txt,storefront_presentation,QA_EVIDENCE,QA_EVIDENCE,ARCHIVE_CANDIDATE,docs/archive/qa_evidence/storefront_design_engine/phase5/w4_certification/implementation/17_repair_round1_final_gates.txt,Phase-4 archive group C_audits_qa; historical/superseded report/audit/reference with no canonical dependency,,,MEDIUM,0,0,LOW,C_audits_qa,MEDIUM
docs/qa_evidence/storefront_design_engine/phase5/w4_certification/implementation/18_repair_round1_final_report.md,18_repair_round1_final_report.md,storefront_presentation,QA_EVIDENCE,QA_EVIDENCE,ARCHIVE_CANDIDATE,docs/archive/qa_evidence/storefront_design_engine/phase5/w4_certification/implementation/18_repair_round1_final_report.md,Phase-4 archive group C_audits_qa; historical/superseded report/audit/reference with no canonical dependency,,,MEDIUM,0,0,LOW,C_audits_qa,MEDIUM
docs/qa_evidence/storefront_design_engine/phase5/w4_certification/implementation/19_repair_round2_red.txt,19_repair_round2_red.txt,storefront_presentation,QA_EVIDENCE,QA_EVIDENCE,ARCHIVE_CANDIDATE,docs/archive/qa_evidence/storefront_design_engine/phase5/w4_certification/implementation/19_repair_round2_red.txt,Phase-4 archive group C_audits_qa; historical/superseded report/audit/reference with no canonical dependency,,,MEDIUM,0,0,LOW,C_audits_qa,MEDIUM
docs/qa_evidence/storefront_design_engine/phase5/w4_certification/implementation/20_repair_round2_green.txt,20_repair_round2_green.txt,storefront_presentation,QA_EVIDENCE,QA_EVIDENCE,ARCHIVE_CANDIDATE,docs/archive/qa_evidence/storefront_design_engine/phase5/w4_certification/implementation/20_repair_round2_green.txt,Phase-4 archive group C_audits_qa; historical/superseded report/audit/reference with no canonical dependency,,,MEDIUM,0,0,LOW,C_audits_qa,MEDIUM
docs/qa_evidence/storefront_design_engine/phase5/w4_certification/implementation/21a_repair_round2_smoke_attempt1_3_fails.txt,21a_repair_round2_smoke_attempt1_3_fails.txt,storefront_presentation,QA_EVIDENCE,QA_EVIDENCE,ARCHIVE_CANDIDATE,docs/archive/qa_evidence/storefront_design_engine/phase5/w4_certification/implementation/21a_repair_round2_smoke_attempt1_3_fails.txt,Phase-4 archive group C_audits_qa; historical/superseded report/audit/reference with no canonical dependency,,,MEDIUM,0,0,LOW,C_audits_qa,MEDIUM
docs/qa_evidence/storefront_design_engine/phase5/w4_certification/implementation/21b_repair_round2_smoke_attempt2_cart_a11y_bug.txt,21b_repair_round2_smoke_attempt2_cart_a11y_bug.txt,storefront_presentation,QA_EVIDENCE,QA_EVIDENCE,ARCHIVE_CANDIDATE,docs/archive/qa_evidence/storefront_design_engine/phase5/w4_certification/implementation/21b_repair_round2_smoke_attempt2_cart_a11y_bug.txt,Phase-4 archive group C_audits_qa; historical/superseded report/audit/reference with no canonical dependency,,,MEDIUM,0,0,LOW,C_audits_qa,MEDIUM
docs/qa_evidence/storefront_design_engine/phase5/w4_certification/implementation/21c_repair_round2_smoke_attempt3_final_0_fails.txt,21c_repair_round2_smoke_attempt3_final_0_fails.txt,storefront_presentation,QA_EVIDENCE,QA_EVIDENCE,ARCHIVE_CANDIDATE,docs/archive/qa_evidence/storefront_design_engine/phase5/w4_certification/implementation/21c_repair_round2_smoke_attempt3_final_0_fails.txt,Phase-4 archive group C_audits_qa; historical/superseded report/audit/reference with no canonical dependency,,,MEDIUM,0,0,LOW,C_audits_qa,MEDIUM
docs/qa_evidence/storefront_design_engine/phase5/w4_certification/implementation/23_repair_round2_smoke_evidence.md,23_repair_round2_smoke_evidence.md,storefront_presentation,QA_EVIDENCE,QA_EVIDENCE,KEEP_HISTORICAL_REFERENCE,,Archive-group C_audits_qa BUT referenced by 1 code/template/script reference(s); HIGH-RISK -> keep as historical reference (code paths must not be auto-changed),,,MEDIUM,0,1,NONE,CODE_REFERENCE_DO_NOT_CHANGE_AUTOMATICALLY,MEDIUM
docs/qa_evidence/storefront_design_engine/phase5/w4_certification/implementation/24b_repair_round2_final_fast_gates_recheck.txt,24b_repair_round2_final_fast_gates_recheck.txt,storefront_presentation,QA_EVIDENCE,QA_EVIDENCE,ARCHIVE_CANDIDATE,docs/archive/qa_evidence/storefront_design_engine/phase5/w4_certification/implementation/24b_repair_round2_final_fast_gates_recheck.txt,Phase-4 archive group C_audits_qa; historical/superseded report/audit/reference with no canonical dependency,,,MEDIUM,0,0,LOW,C_audits_qa,MEDIUM
docs/qa_evidence/storefront_design_engine/phase5/w4_certification/implementation/24_repair_round2_full_suite_output.txt,24_repair_round2_full_suite_output.txt,storefront_presentation,QA_EVIDENCE,QA_EVIDENCE,ARCHIVE_CANDIDATE,docs/archive/qa_evidence/storefront_design_engine/phase5/w4_certification/implementation/24_repair_round2_full_suite_output.txt,Phase-4 archive group C_audits_qa; historical/superseded report/audit/reference with no canonical dependency,,,MEDIUM,0,0,LOW,C_audits_qa,MEDIUM
docs/qa_evidence/storefront_design_engine/phase5/w4_certification/implementation/25_repair_round2_full_suite_identity_comparison.md,25_repair_round2_full_suite_identity_comparison.md,storefront_presentation,QA_EVIDENCE,QA_EVIDENCE,ARCHIVE_CANDIDATE,docs/archive/qa_evidence/storefront_design_engine/phase5/w4_certification/implementation/25_repair_round2_full_suite_identity_comparison.md,Phase-4 archive group C_audits_qa; historical/superseded report/audit/reference with no canonical dependency,,,MEDIUM,0,0,LOW,C_audits_qa,MEDIUM
docs/qa_evidence/storefront_design_engine/phase5/w4_certification/implementation/26_repair_round2_final_report.md,26_repair_round2_final_report.md,storefront_presentation,QA_EVIDENCE,QA_EVIDENCE,ARCHIVE_CANDIDATE,docs/archive/qa_evidence/storefront_design_engine/phase5/w4_certification/implementation/26_repair_round2_final_report.md,Phase-4 archive group C_audits_qa; historical/superseded report/audit/reference with no canonical dependency,,,MEDIUM,0,0,LOW,C_audits_qa,MEDIUM
docs/qa_evidence/storefront_design_engine/phase5/w4_certification/implementation/27_accessibility_closure_phaseA_red.txt,27_accessibility_closure_phaseA_red.txt,storefront_presentation,QA_EVIDENCE,QA_EVIDENCE,ARCHIVE_CANDIDATE,docs/archive/qa_evidence/storefront_design_engine/phase5/w4_certification/implementation/27_accessibility_closure_phaseA_red.txt,Phase-4 archive group C_audits_qa; historical/superseded report/audit/reference with no canonical dependency,,,MEDIUM,0,0,LOW,C_audits_qa,MEDIUM
docs/qa_evidence/storefront_design_engine/phase5/w4_certification/implementation/28a_accessibility_closure_phaseA_green_focused.txt,28a_accessibility_closure_phaseA_green_focused.txt,storefront_presentation,QA_EVIDENCE,QA_EVIDENCE,ARCHIVE_CANDIDATE,docs/archive/qa_evidence/storefront_design_engine/phase5/w4_certification/implementation/28a_accessibility_closure_phaseA_green_focused.txt,Phase-4 archive group C_audits_qa; historical/superseded report/audit/reference with no canonical dependency,,,MEDIUM,0,0,LOW,C_audits_qa,MEDIUM
docs/qa_evidence/storefront_design_engine/phase5/w4_certification/implementation/28b_accessibility_closure_phaseA_green_fastgates.txt,28b_accessibility_closure_phaseA_green_fastgates.txt,storefront_presentation,QA_EVIDENCE,QA_EVIDENCE,ARCHIVE_CANDIDATE,docs/archive/qa_evidence/storefront_design_engine/phase5/w4_certification/implementation/28b_accessibility_closure_phaseA_green_fastgates.txt,Phase-4 archive group C_audits_qa; historical/superseded report/audit/reference with no canonical dependency,,,MEDIUM,0,0,LOW,C_audits_qa,MEDIUM
docs/qa_evidence/storefront_design_engine/phase5/w4_certification/implementation/28c_accessibility_closure_phaseA_green_summary.md,28c_accessibility_closure_phaseA_green_summary.md,storefront_presentation,QA_EVIDENCE,QA_EVIDENCE,ARCHIVE_CANDIDATE,docs/archive/qa_evidence/storefront_design_engine/phase5/w4_certification/implementation/28c_accessibility_closure_phaseA_green_summary.md,Phase-4 archive group C_audits_qa; historical/superseded report/audit/reference with no canonical dependency,,,MEDIUM,0,0,LOW,C_audits_qa,MEDIUM
docs/qa_evidence/storefront_design_engine/phase5/w4_certification/implementation/29a_accessibility_closure_pre_production_fix_smoke_output.txt,29a_accessibility_closure_pre_production_fix_smoke_output.txt,storefront_presentation,QA_EVIDENCE,QA_EVIDENCE,ARCHIVE_CANDIDATE,docs/archive/qa_evidence/storefront_design_engine/phase5/w4_certification/implementation/29a_accessibility_closure_pre_production_fix_smoke_output.txt,Phase-4 archive group C_audits_qa; historical/superseded report/audit/reference with no canonical dependency,,,MEDIUM,0,0,LOW,C_audits_qa,MEDIUM
docs/qa_evidence/storefront_design_engine/phase5/w4_certification/implementation/29c_accessibility_closure_pre_production_fix_smoke_summary.md,29c_accessibility_closure_pre_production_fix_smoke_summary.md,storefront_presentation,QA_EVIDENCE,QA_EVIDENCE,ARCHIVE_CANDIDATE,docs/archive/qa_evidence/storefront_design_engine/phase5/w4_certification/implementation/29c_accessibility_closure_pre_production_fix_smoke_summary.md,Phase-4 archive group C_audits_qa; historical/superseded report/audit/reference with no canonical dependency,,,MEDIUM,0,0,LOW,C_audits_qa,MEDIUM
docs/qa_evidence/storefront_design_engine/phase5/w4_certification/implementation/30_accessibility_closure_phaseB_red.txt,30_accessibility_closure_phaseB_red.txt,storefront_presentation,QA_EVIDENCE,QA_EVIDENCE,ARCHIVE_CANDIDATE,docs/archive/qa_evidence/storefront_design_engine/phase5/w4_certification/implementation/30_accessibility_closure_phaseB_red.txt,Phase-4 archive group C_audits_qa; historical/superseded report/audit/reference with no canonical dependency,,,MEDIUM,0,0,LOW,C_audits_qa,MEDIUM
docs/qa_evidence/storefront_design_engine/phase5/w4_certification/implementation/31a_accessibility_closure_phaseB_green_related_suites.txt,31a_accessibility_closure_phaseB_green_related_suites.txt,storefront_presentation,QA_EVIDENCE,QA_EVIDENCE,ARCHIVE_CANDIDATE,docs/archive/qa_evidence/storefront_design_engine/phase5/w4_certification/implementation/31a_accessibility_closure_phaseB_green_related_suites.txt,Phase-4 archive group C_audits_qa; historical/superseded report/audit/reference with no canonical dependency,,,MEDIUM,0,0,LOW,C_audits_qa,MEDIUM
docs/qa_evidence/storefront_design_engine/phase5/w4_certification/implementation/31b_accessibility_closure_phaseB_template_diff.txt,31b_accessibility_closure_phaseB_template_diff.txt,storefront_presentation,QA_EVIDENCE,QA_EVIDENCE,ARCHIVE_CANDIDATE,docs/archive/qa_evidence/storefront_design_engine/phase5/w4_certification/implementation/31b_accessibility_closure_phaseB_template_diff.txt,Phase-4 archive group C_audits_qa; historical/superseded report/audit/reference with no canonical dependency,,,MEDIUM,0,0,LOW,C_audits_qa,MEDIUM
docs/qa_evidence/storefront_design_engine/phase5/w4_certification/implementation/31c_accessibility_closure_phaseB_standalone_green.txt,31c_accessibility_closure_phaseB_standalone_green.txt,storefront_presentation,QA_EVIDENCE,QA_EVIDENCE,ARCHIVE_CANDIDATE,docs/archive/qa_evidence/storefront_design_engine/phase5/w4_certification/implementation/31c_accessibility_closure_phaseB_standalone_green.txt,Phase-4 archive group C_audits_qa; historical/superseded report/audit/reference with no canonical dependency,,,MEDIUM,0,0,LOW,C_audits_qa,MEDIUM
docs/qa_evidence/storefront_design_engine/phase5/w4_certification/implementation/31d_accessibility_closure_phaseB_green_summary.md,31d_accessibility_closure_phaseB_green_summary.md,storefront_presentation,QA_EVIDENCE,QA_EVIDENCE,ARCHIVE_CANDIDATE,docs/archive/qa_evidence/storefront_design_engine/phase5/w4_certification/implementation/31d_accessibility_closure_phaseB_green_summary.md,Phase-4 archive group C_audits_qa; historical/superseded report/audit/reference with no canonical dependency,,,MEDIUM,0,0,LOW,C_audits_qa,MEDIUM
docs/qa_evidence/storefront_design_engine/phase5/w4_certification/implementation/33a_accessibility_closure_final_smoke_output.txt,33a_accessibility_closure_final_smoke_output.txt,storefront_presentation,QA_EVIDENCE,QA_EVIDENCE,ARCHIVE_CANDIDATE,docs/archive/qa_evidence/storefront_design_engine/phase5/w4_certification/implementation/33a_accessibility_closure_final_smoke_output.txt,Phase-4 archive group C_audits_qa; historical/superseded report/audit/reference with no canonical dependency,,,MEDIUM,0,0,LOW,C_audits_qa,MEDIUM
docs/qa_evidence/storefront_design_engine/phase5/w4_certification/implementation/34_accessibility_closure_final_fastgates.txt,34_accessibility_closure_final_fastgates.txt,storefront_presentation,QA_EVIDENCE,QA_EVIDENCE,ARCHIVE_CANDIDATE,docs/archive/qa_evidence/storefront_design_engine/phase5/w4_certification/implementation/34_accessibility_closure_final_fastgates.txt,Phase-4 archive group C_audits_qa; historical/superseded report/audit/reference with no canonical dependency,,,MEDIUM,0,0,LOW,C_audits_qa,MEDIUM
docs/qa_evidence/storefront_design_engine/phase5/w4_certification/implementation/35_accessibility_closure_final_full_suite_output.txt,35_accessibility_closure_final_full_suite_output.txt,storefront_presentation,QA_EVIDENCE,QA_EVIDENCE,ARCHIVE_CANDIDATE,docs/archive/qa_evidence/storefront_design_engine/phase5/w4_certification/implementation/35_accessibility_closure_final_full_suite_output.txt,Phase-4 archive group C_audits_qa; historical/superseded report/audit/reference with no canonical dependency,,,MEDIUM,0,0,LOW,C_audits_qa,MEDIUM
docs/qa_evidence/storefront_design_engine/phase5/w4_certification/implementation/36_accessibility_closure_full_suite_identity_comparison.md,36_accessibility_closure_full_suite_identity_comparison.md,storefront_presentation,QA_EVIDENCE,QA_EVIDENCE,ARCHIVE_CANDIDATE,docs/archive/qa_evidence/storefront_design_engine/phase5/w4_certification/implementation/36_accessibility_closure_full_suite_identity_comparison.md,Phase-4 archive group C_audits_qa; historical/superseded report/audit/reference with no canonical dependency,,,MEDIUM,0,0,LOW,C_audits_qa,MEDIUM
docs/qa_evidence/storefront_design_engine/phase5/w4_certification/implementation/37_accessibility_closure_final_report.md,37_accessibility_closure_final_report.md,storefront_presentation,QA_EVIDENCE,QA_EVIDENCE,ARCHIVE_CANDIDATE,docs/archive/qa_evidence/storefront_design_engine/phase5/w4_certification/implementation/37_accessibility_closure_final_report.md,Phase-4 archive group C_audits_qa; historical/superseded report/audit/reference with no canonical dependency,,,MEDIUM,0,0,LOW,C_audits_qa,MEDIUM
docs/qa_evidence/storefront_design_engine/phase5/w4_certification/implementation/38_full_campaign_attempt1_blocked/campaign_output_and_crash.txt,campaign_output_and_crash.txt,storefront_presentation,QA_EVIDENCE,QA_EVIDENCE,ARCHIVE_CANDIDATE,docs/archive/qa_evidence/storefront_design_engine/phase5/w4_certification/implementation/38_full_campaign_attempt1_blocked/campaign_output_and_crash.txt,Phase-4 archive group C_audits_qa; historical/superseded report/audit/reference with no canonical dependency,,,MEDIUM,0,0,LOW,C_audits_qa,MEDIUM
docs/qa_evidence/storefront_design_engine/phase5/w4_certification/implementation/38_full_campaign_attempt1_blocked/root_cause.md,root_cause.md,storefront_presentation,QA_EVIDENCE,QA_EVIDENCE,ARCHIVE_CANDIDATE,docs/archive/qa_evidence/storefront_design_engine/phase5/w4_certification/implementation/38_full_campaign_attempt1_blocked/root_cause.md,Phase-4 archive group C_audits_qa; historical/superseded report/audit/reference with no canonical dependency,,,MEDIUM,0,0,LOW,C_audits_qa,MEDIUM
docs/qa_evidence/storefront_design_engine/phase5/w4_certification/implementation/39_rate_limit_sharding_repair/fastgates.txt,fastgates.txt,storefront_presentation,QA_EVIDENCE,QA_EVIDENCE,ARCHIVE_CANDIDATE,docs/archive/qa_evidence/storefront_design_engine/phase5/w4_certification/implementation/39_rate_limit_sharding_repair/fastgates.txt,Phase-4 archive group C_audits_qa; historical/superseded report/audit/reference with no canonical dependency,,,MEDIUM,0,0,LOW,C_audits_qa,MEDIUM
docs/qa_evidence/storefront_design_engine/phase5/w4_certification/implementation/39_rate_limit_sharding_repair/final_report.md,final_report.md,storefront_presentation,QA_EVIDENCE,QA_EVIDENCE,ARCHIVE_CANDIDATE,docs/archive/qa_evidence/storefront_design_engine/phase5/w4_certification/implementation/39_rate_limit_sharding_repair/final_report.md,Phase-4 archive group C_audits_qa; historical/superseded report/audit/reference with no canonical dependency,,,MEDIUM,0,0,LOW,C_audits_qa,MEDIUM
docs/qa_evidence/storefront_design_engine/phase5/w4_certification/implementation/39_rate_limit_sharding_repair/full_suite_identity_comparison.md,full_suite_identity_comparison.md,storefront_presentation,QA_EVIDENCE,QA_EVIDENCE,ARCHIVE_CANDIDATE,docs/archive/qa_evidence/storefront_design_engine/phase5/w4_certification/implementation/39_rate_limit_sharding_repair/full_suite_identity_comparison.md,Phase-4 archive group C_audits_qa; historical/superseded report/audit/reference with no canonical dependency,,,MEDIUM,0,0,LOW,C_audits_qa,MEDIUM
docs/qa_evidence/storefront_design_engine/phase5/w4_certification/implementation/39_rate_limit_sharding_repair/full_suite_output.txt,full_suite_output.txt,storefront_presentation,QA_EVIDENCE,QA_EVIDENCE,ARCHIVE_CANDIDATE,docs/archive/qa_evidence/storefront_design_engine/phase5/w4_certification/implementation/39_rate_limit_sharding_repair/full_suite_output.txt,Phase-4 archive group C_audits_qa; historical/superseded report/audit/reference with no canonical dependency,,,MEDIUM,0,0,LOW,C_audits_qa,MEDIUM
docs/qa_evidence/storefront_design_engine/phase5/w4_certification/implementation/39_rate_limit_sharding_repair/mutation_budget_proof.md,mutation_budget_proof.md,storefront_presentation,QA_EVIDENCE,QA_EVIDENCE,ARCHIVE_CANDIDATE,docs/archive/qa_evidence/storefront_design_engine/phase5/w4_certification/implementation/39_rate_limit_sharding_repair/mutation_budget_proof.md,Phase-4 archive group C_audits_qa; historical/superseded report/audit/reference with no canonical dependency,,,MEDIUM,0,0,LOW,C_audits_qa,MEDIUM
docs/qa_evidence/storefront_design_engine/phase5/w4_certification/implementation/39_rate_limit_sharding_repair/pilot_process1_output.txt,pilot_process1_output.txt,storefront_presentation,QA_EVIDENCE,QA_EVIDENCE,ARCHIVE_CANDIDATE,docs/archive/qa_evidence/storefront_design_engine/phase5/w4_certification/implementation/39_rate_limit_sharding_repair/pilot_process1_output.txt,Phase-4 archive group C_audits_qa; historical/superseded report/audit/reference with no canonical dependency,,,MEDIUM,0,0,LOW,C_audits_qa,MEDIUM
docs/qa_evidence/storefront_design_engine/phase5/w4_certification/implementation/39_rate_limit_sharding_repair/pilot_process2_output.txt,pilot_process2_output.txt,storefront_presentation,QA_EVIDENCE,QA_EVIDENCE,ARCHIVE_CANDIDATE,docs/archive/qa_evidence/storefront_design_engine/phase5/w4_certification/implementation/39_rate_limit_sharding_repair/pilot_process2_output.txt,Phase-4 archive group C_audits_qa; historical/superseded report/audit/reference with no canonical dependency,,,MEDIUM,0,0,LOW,C_audits_qa,MEDIUM
docs/qa_evidence/storefront_design_engine/phase5/w4_certification/implementation/39_rate_limit_sharding_repair/pilot_summary.md,pilot_summary.md,storefront_presentation,QA_EVIDENCE,QA_EVIDENCE,ARCHIVE_CANDIDATE,docs/archive/qa_evidence/storefront_design_engine/phase5/w4_certification/implementation/39_rate_limit_sharding_repair/pilot_summary.md,Phase-4 archive group C_audits_qa; historical/superseded report/audit/reference with no canonical dependency,,,MEDIUM,0,0,LOW,C_audits_qa,MEDIUM
docs/qa_evidence/storefront_design_engine/phase5/w4_certification/implementation/39_rate_limit_sharding_repair/root_cause_extension.md,root_cause_extension.md,storefront_presentation,QA_EVIDENCE,QA_EVIDENCE,ARCHIVE_CANDIDATE,docs/archive/qa_evidence/storefront_design_engine/phase5/w4_certification/implementation/39_rate_limit_sharding_repair/root_cause_extension.md,Phase-4 archive group C_audits_qa; historical/superseded report/audit/reference with no canonical dependency,,,MEDIUM,0,0,LOW,C_audits_qa,MEDIUM
docs/qa_evidence/storefront_design_engine/phase5/w4_certification/implementation/39_rate_limit_sharding_repair/tdd_green.txt,tdd_green.txt,storefront_presentation,QA_EVIDENCE,QA_EVIDENCE,ARCHIVE_CANDIDATE,docs/archive/qa_evidence/storefront_design_engine/phase5/w4_certification/implementation/39_rate_limit_sharding_repair/tdd_green.txt,Phase-4 archive group C_audits_qa; historical/superseded report/audit/reference with no canonical dependency,,,MEDIUM,0,0,LOW,C_audits_qa,MEDIUM
docs/qa_evidence/storefront_design_engine/phase5/w4_certification/implementation/39_rate_limit_sharding_repair/tdd_red.txt,tdd_red.txt,storefront_presentation,QA_EVIDENCE,QA_EVIDENCE,ARCHIVE_CANDIDATE,docs/archive/qa_evidence/storefront_design_engine/phase5/w4_certification/implementation/39_rate_limit_sharding_repair/tdd_red.txt,Phase-4 archive group C_audits_qa; historical/superseded report/audit/reference with no canonical dependency,,,MEDIUM,0,0,LOW,C_audits_qa,MEDIUM
docs/qa_evidence/storefront_design_engine/phase5/w4_certification/implementation/40_pilot_findings_closure/cart_reproduction.md,cart_reproduction.md,storefront_presentation,QA_EVIDENCE,QA_EVIDENCE,ARCHIVE_CANDIDATE,docs/archive/qa_evidence/storefront_design_engine/phase5/w4_certification/implementation/40_pilot_findings_closure/cart_reproduction.md,Phase-4 archive group C_audits_qa; historical/superseded report/audit/reference with no canonical dependency,,,MEDIUM,0,0,LOW,C_audits_qa,MEDIUM
docs/qa_evidence/storefront_design_engine/phase5/w4_certification/implementation/40_pilot_findings_closure/cart_tdd_green.txt,cart_tdd_green.txt,storefront_presentation,QA_EVIDENCE,QA_EVIDENCE,ARCHIVE_CANDIDATE,docs/archive/qa_evidence/storefront_design_engine/phase5/w4_certification/implementation/40_pilot_findings_closure/cart_tdd_green.txt,Phase-4 archive group C_audits_qa; historical/superseded report/audit/reference with no canonical dependency,,,MEDIUM,0,0,LOW,C_audits_qa,MEDIUM
docs/qa_evidence/storefront_design_engine/phase5/w4_certification/implementation/40_pilot_findings_closure/cart_tdd_red.txt,cart_tdd_red.txt,storefront_presentation,QA_EVIDENCE,QA_EVIDENCE,ARCHIVE_CANDIDATE,docs/archive/qa_evidence/storefront_design_engine/phase5/w4_certification/implementation/40_pilot_findings_closure/cart_tdd_red.txt,Phase-4 archive group C_audits_qa; historical/superseded report/audit/reference with no canonical dependency,,,MEDIUM,0,0,LOW,C_audits_qa,MEDIUM
docs/qa_evidence/storefront_design_engine/phase5/w4_certification/implementation/40_pilot_findings_closure/closure_pilot_summary.md,closure_pilot_summary.md,storefront_presentation,QA_EVIDENCE,QA_EVIDENCE,ARCHIVE_CANDIDATE,docs/archive/qa_evidence/storefront_design_engine/phase5/w4_certification/implementation/40_pilot_findings_closure/closure_pilot_summary.md,Phase-4 archive group C_audits_qa; historical/superseded report/audit/reference with no canonical dependency,,,MEDIUM,0,0,LOW,C_audits_qa,MEDIUM
docs/qa_evidence/storefront_design_engine/phase5/w4_certification/implementation/40_pilot_findings_closure/closure_process1_output.txt,closure_process1_output.txt,storefront_presentation,QA_EVIDENCE,QA_EVIDENCE,ARCHIVE_CANDIDATE,docs/archive/qa_evidence/storefront_design_engine/phase5/w4_certification/implementation/40_pilot_findings_closure/closure_process1_output.txt,Phase-4 archive group C_audits_qa; historical/superseded report/audit/reference with no canonical dependency,,,MEDIUM,0,0,LOW,C_audits_qa,MEDIUM
docs/qa_evidence/storefront_design_engine/phase5/w4_certification/implementation/40_pilot_findings_closure/closure_process2_output.txt,closure_process2_output.txt,storefront_presentation,QA_EVIDENCE,QA_EVIDENCE,ARCHIVE_CANDIDATE,docs/archive/qa_evidence/storefront_design_engine/phase5/w4_certification/implementation/40_pilot_findings_closure/closure_process2_output.txt,Phase-4 archive group C_audits_qa; historical/superseded report/audit/reference with no canonical dependency,,,MEDIUM,0,0,LOW,C_audits_qa,MEDIUM
docs/qa_evidence/storefront_design_engine/phase5/w4_certification/implementation/40_pilot_findings_closure/code_review.md,code_review.md,storefront_presentation,QA_EVIDENCE,QA_EVIDENCE,ARCHIVE_CANDIDATE,docs/archive/qa_evidence/storefront_design_engine/phase5/w4_certification/implementation/40_pilot_findings_closure/code_review.md,Phase-4 archive group C_audits_qa; historical/superseded report/audit/reference with no canonical dependency,,,MEDIUM,0,0,LOW,C_audits_qa,MEDIUM
docs/qa_evidence/storefront_design_engine/phase5/w4_certification/implementation/40_pilot_findings_closure/final_report.md,final_report.md,storefront_presentation,QA_EVIDENCE,QA_EVIDENCE,ARCHIVE_CANDIDATE,docs/archive/qa_evidence/storefront_design_engine/phase5/w4_certification/implementation/40_pilot_findings_closure/final_report.md,Phase-4 archive group C_audits_qa; historical/superseded report/audit/reference with no canonical dependency,,,MEDIUM,0,0,LOW,C_audits_qa,MEDIUM
docs/qa_evidence/storefront_design_engine/phase5/w4_certification/implementation/40_pilot_findings_closure/full_suite_identity_comparison.md,full_suite_identity_comparison.md,storefront_presentation,QA_EVIDENCE,QA_EVIDENCE,ARCHIVE_CANDIDATE,docs/archive/qa_evidence/storefront_design_engine/phase5/w4_certification/implementation/40_pilot_findings_closure/full_suite_identity_comparison.md,Phase-4 archive group C_audits_qa; historical/superseded report/audit/reference with no canonical dependency,,,MEDIUM,0,0,LOW,C_audits_qa,MEDIUM
docs/qa_evidence/storefront_design_engine/phase5/w4_certification/implementation/40_pilot_findings_closure/full_suite_output.txt,full_suite_output.txt,storefront_presentation,QA_EVIDENCE,QA_EVIDENCE,ARCHIVE_CANDIDATE,docs/archive/qa_evidence/storefront_design_engine/phase5/w4_certification/implementation/40_pilot_findings_closure/full_suite_output.txt,Phase-4 archive group C_audits_qa; historical/superseded report/audit/reference with no canonical dependency,,,MEDIUM,0,0,LOW,C_audits_qa,MEDIUM
docs/qa_evidence/storefront_design_engine/phase5/w4_certification/implementation/40_pilot_findings_closure/home_expectation_tdd_green.txt,home_expectation_tdd_green.txt,storefront_presentation,QA_EVIDENCE,QA_EVIDENCE,ARCHIVE_CANDIDATE,docs/archive/qa_evidence/storefront_design_engine/phase5/w4_certification/implementation/40_pilot_findings_closure/home_expectation_tdd_green.txt,Phase-4 archive group C_audits_qa; historical/superseded report/audit/reference with no canonical dependency,,,MEDIUM,0,0,LOW,C_audits_qa,MEDIUM
docs/qa_evidence/storefront_design_engine/phase5/w4_certification/implementation/40_pilot_findings_closure/home_expectation_tdd_red.txt,home_expectation_tdd_red.txt,storefront_presentation,QA_EVIDENCE,QA_EVIDENCE,ARCHIVE_CANDIDATE,docs/archive/qa_evidence/storefront_design_engine/phase5/w4_certification/implementation/40_pilot_findings_closure/home_expectation_tdd_red.txt,Phase-4 archive group C_audits_qa; historical/superseded report/audit/reference with no canonical dependency,,,MEDIUM,0,0,LOW,C_audits_qa,MEDIUM
docs/qa_evidence/storefront_design_engine/phase5/w4_certification/implementation/40_pilot_findings_closure/source_inventory_and_reclassification.md,source_inventory_and_reclassification.md,storefront_presentation,QA_EVIDENCE,QA_EVIDENCE,ARCHIVE_CANDIDATE,docs/archive/qa_evidence/storefront_design_engine/phase5/w4_certification/implementation/40_pilot_findings_closure/source_inventory_and_reclassification.md,Phase-4 archive group C_audits_qa; historical/superseded report/audit/reference with no canonical dependency,,,MEDIUM,0,0,LOW,C_audits_qa,MEDIUM
docs/qa_evidence/storefront_design_engine/phase5/w4_certification/implementation/41_visual_distinctness_repair/browser_process1_output.txt,browser_process1_output.txt,storefront_presentation,QA_EVIDENCE,QA_EVIDENCE,ARCHIVE_CANDIDATE,docs/archive/qa_evidence/storefront_design_engine/phase5/w4_certification/implementation/41_visual_distinctness_repair/browser_process1_output.txt,Phase-4 archive group C_audits_qa; historical/superseded report/audit/reference with no canonical dependency,,,MEDIUM,0,0,LOW,C_audits_qa,MEDIUM
docs/qa_evidence/storefront_design_engine/phase5/w4_certification/implementation/41_visual_distinctness_repair/browser_process2_output.txt,browser_process2_output.txt,storefront_presentation,QA_EVIDENCE,QA_EVIDENCE,ARCHIVE_CANDIDATE,docs/archive/qa_evidence/storefront_design_engine/phase5/w4_certification/implementation/41_visual_distinctness_repair/browser_process2_output.txt,Phase-4 archive group C_audits_qa; historical/superseded report/audit/reference with no canonical dependency,,,MEDIUM,0,0,LOW,C_audits_qa,MEDIUM
docs/qa_evidence/storefront_design_engine/phase5/w4_certification/implementation/41_visual_distinctness_repair/code_review.md,code_review.md,storefront_presentation,QA_EVIDENCE,QA_EVIDENCE,ARCHIVE_CANDIDATE,docs/archive/qa_evidence/storefront_design_engine/phase5/w4_certification/implementation/41_visual_distinctness_repair/code_review.md,Phase-4 archive group C_audits_qa; historical/superseded report/audit/reference with no canonical dependency,,,MEDIUM,0,0,LOW,C_audits_qa,MEDIUM
docs/qa_evidence/storefront_design_engine/phase5/w4_certification/implementation/41_visual_distinctness_repair/final_report.md,final_report.md,storefront_presentation,QA_EVIDENCE,QA_EVIDENCE,ARCHIVE_CANDIDATE,docs/archive/qa_evidence/storefront_design_engine/phase5/w4_certification/implementation/41_visual_distinctness_repair/final_report.md,Phase-4 archive group C_audits_qa; historical/superseded report/audit/reference with no canonical dependency,,,MEDIUM,0,0,LOW,C_audits_qa,MEDIUM
docs/qa_evidence/storefront_design_engine/phase5/w4_certification/implementation/41_visual_distinctness_repair/focused_tests.txt,focused_tests.txt,storefront_presentation,QA_EVIDENCE,QA_EVIDENCE,ARCHIVE_CANDIDATE,docs/archive/qa_evidence/storefront_design_engine/phase5/w4_certification/implementation/41_visual_distinctness_repair/focused_tests.txt,Phase-4 archive group C_audits_qa; historical/superseded report/audit/reference with no canonical dependency,,,MEDIUM,0,0,LOW,C_audits_qa,MEDIUM
docs/qa_evidence/storefront_design_engine/phase5/w4_certification/implementation/41_visual_distinctness_repair/full_suite_identity_comparison.md,full_suite_identity_comparison.md,storefront_presentation,QA_EVIDENCE,QA_EVIDENCE,ARCHIVE_CANDIDATE,docs/archive/qa_evidence/storefront_design_engine/phase5/w4_certification/implementation/41_visual_distinctness_repair/full_suite_identity_comparison.md,Phase-4 archive group C_audits_qa; historical/superseded report/audit/reference with no canonical dependency,,,MEDIUM,0,0,LOW,C_audits_qa,MEDIUM
docs/qa_evidence/storefront_design_engine/phase5/w4_certification/implementation/41_visual_distinctness_repair/full_suite_output_attempt1_6074424b.txt,full_suite_output_attempt1_6074424b.txt,storefront_presentation,QA_EVIDENCE,QA_EVIDENCE,ARCHIVE_CANDIDATE,docs/archive/qa_evidence/storefront_design_engine/phase5/w4_certification/implementation/41_visual_distinctness_repair/full_suite_output_attempt1_6074424b.txt,Phase-4 archive group C_audits_qa; historical/superseded report/audit/reference with no canonical dependency,,,MEDIUM,0,0,LOW,C_audits_qa,MEDIUM
docs/qa_evidence/storefront_design_engine/phase5/w4_certification/implementation/41_visual_distinctness_repair/full_suite_output_final_c31e07ed.txt,full_suite_output_final_c31e07ed.txt,storefront_presentation,QA_EVIDENCE,QA_EVIDENCE,ARCHIVE_CANDIDATE,docs/archive/qa_evidence/storefront_design_engine/phase5/w4_certification/implementation/41_visual_distinctness_repair/full_suite_output_final_c31e07ed.txt,Phase-4 archive group C_audits_qa; historical/superseded report/audit/reference with no canonical dependency,,,MEDIUM,0,0,LOW,C_audits_qa,MEDIUM
docs/qa_evidence/storefront_design_engine/phase5/w4_certification/implementation/41_visual_distinctness_repair/rendered_pair_review.md,rendered_pair_review.md,storefront_presentation,QA_EVIDENCE,QA_EVIDENCE,ARCHIVE_CANDIDATE,docs/archive/qa_evidence/storefront_design_engine/phase5/w4_certification/implementation/41_visual_distinctness_repair/rendered_pair_review.md,Phase-4 archive group C_audits_qa; historical/superseded report/audit/reference with no canonical dependency,,,MEDIUM,0,0,LOW,C_audits_qa,MEDIUM
docs/qa_evidence/storefront_design_engine/phase5/w4_certification/implementation/41_visual_distinctness_repair/source_diff.md,source_diff.md,storefront_presentation,QA_EVIDENCE,QA_EVIDENCE,ARCHIVE_CANDIDATE,docs/archive/qa_evidence/storefront_design_engine/phase5/w4_certification/implementation/41_visual_distinctness_repair/source_diff.md,Phase-4 archive group C_audits_qa; historical/superseded report/audit/reference with no canonical dependency,,,MEDIUM,0,0,LOW,C_audits_qa,MEDIUM
docs/qa_evidence/storefront_design_engine/phase5/w4_certification/implementation/41_visual_distinctness_repair/starting_state.md,starting_state.md,storefront_presentation,QA_EVIDENCE,QA_EVIDENCE,ARCHIVE_CANDIDATE,docs/archive/qa_evidence/storefront_design_engine/phase5/w4_certification/implementation/41_visual_distinctness_repair/starting_state.md,Phase-4 archive group C_audits_qa; historical/superseded report/audit/reference with no canonical dependency,,,MEDIUM,0,0,LOW,C_audits_qa,MEDIUM
docs/qa_evidence/storefront_design_engine/phase5/w4_certification/implementation/41_visual_distinctness_repair/tdd_green.txt,tdd_green.txt,storefront_presentation,QA_EVIDENCE,QA_EVIDENCE,ARCHIVE_CANDIDATE,docs/archive/qa_evidence/storefront_design_engine/phase5/w4_certification/implementation/41_visual_distinctness_repair/tdd_green.txt,Phase-4 archive group C_audits_qa; historical/superseded report/audit/reference with no canonical dependency,,,MEDIUM,0,0,LOW,C_audits_qa,MEDIUM
docs/qa_evidence/storefront_design_engine/phase5/w4_certification/implementation/41_visual_distinctness_repair/tdd_red.txt,tdd_red.txt,storefront_presentation,QA_EVIDENCE,QA_EVIDENCE,ARCHIVE_CANDIDATE,docs/archive/qa_evidence/storefront_design_engine/phase5/w4_certification/implementation/41_visual_distinctness_repair/tdd_red.txt,Phase-4 archive group C_audits_qa; historical/superseded report/audit/reference with no canonical dependency,,,MEDIUM,0,0,LOW,C_audits_qa,MEDIUM
docs/qa_evidence/storefront_design_engine/phase5/w4_certification/implementation/41_visual_distinctness_repair/version_history_proof.md,version_history_proof.md,storefront_presentation,QA_EVIDENCE,QA_EVIDENCE,ARCHIVE_CANDIDATE,docs/archive/qa_evidence/storefront_design_engine/phase5/w4_certification/implementation/41_visual_distinctness_repair/version_history_proof.md,Phase-4 archive group C_audits_qa; historical/superseded report/audit/reference with no canonical dependency,,,MEDIUM,0,0,LOW,C_audits_qa,MEDIUM
docs/qa_evidence/storefront_design_engine/phase5/w4_certification/implementation/42_final_repaired_source_recertification/final_visual_distinctness_matrix.md,final_visual_distinctness_matrix.md,storefront_presentation,QA_EVIDENCE,QA_EVIDENCE,ARCHIVE_CANDIDATE,docs/archive/qa_evidence/storefront_design_engine/phase5/w4_certification/implementation/42_final_repaired_source_recertification/final_visual_distinctness_matrix.md,Phase-4 archive group C_audits_qa; historical/superseded report/audit/reference with no canonical dependency,,,MEDIUM,0,0,LOW,C_audits_qa,MEDIUM
docs/qa_evidence/storefront_design_engine/phase5/w4_certification/visual_distinctness_matrix.md,visual_distinctness_matrix.md,storefront_presentation,QA_EVIDENCE,QA_EVIDENCE,ARCHIVE_CANDIDATE,docs/archive/qa_evidence/storefront_design_engine/phase5/w4_certification/visual_distinctness_matrix.md,Phase-4 archive group C_audits_qa; historical/superseded report/audit/reference with no canonical dependency,,,MEDIUM,0,0,LOW,C_audits_qa,MEDIUM
docs/qa_evidence/storefront_design_engine/phase5/w4_certification/w4c_harness_inventory.md,w4c_harness_inventory.md,storefront_presentation,QA_EVIDENCE,QA_EVIDENCE,ARCHIVE_CANDIDATE,docs/archive/qa_evidence/storefront_design_engine/phase5/w4_certification/w4c_harness_inventory.md,Phase-4 archive group C_audits_qa; historical/superseded report/audit/reference with no canonical dependency,,,MEDIUM,0,0,LOW,C_audits_qa,MEDIUM
docs/qa_evidence/storefront_design_engine/phase5/w4_certification/w4c_merge_checkpoint.md,w4c_merge_checkpoint.md,storefront_presentation,QA_EVIDENCE,QA_EVIDENCE,ARCHIVE_CANDIDATE,docs/archive/qa_evidence/storefront_design_engine/phase5/w4_certification/w4c_merge_checkpoint.md,Phase-4 archive group C_audits_qa; historical/superseded report/audit/reference with no canonical dependency,,,MEDIUM,0,0,LOW,C_audits_qa,MEDIUM
docs/qa_evidence/storefront_design_engine/phase5/w5a_canonical_editor_safety/browser_qa.md,browser_qa.md,storefront_presentation,QA_EVIDENCE,QA_EVIDENCE,ARCHIVE_CANDIDATE,docs/archive/qa_evidence/storefront_design_engine/phase5/w5a_canonical_editor_safety/browser_qa.md,Phase-4 archive group C_audits_qa; historical/superseded report/audit/reference with no canonical dependency,,,MEDIUM,0,0,LOW,C_audits_qa,MEDIUM
docs/qa_evidence/storefront_design_engine/phase5/w5a_canonical_editor_safety/browser_qa_raw_output.txt,browser_qa_raw_output.txt,storefront_presentation,QA_EVIDENCE,QA_EVIDENCE,ARCHIVE_CANDIDATE,docs/archive/qa_evidence/storefront_design_engine/phase5/w5a_canonical_editor_safety/browser_qa_raw_output.txt,Phase-4 archive group C_audits_qa; historical/superseded report/audit/reference with no canonical dependency,,,MEDIUM,0,0,LOW,C_audits_qa,MEDIUM
docs/qa_evidence/storefront_design_engine/phase5/w5a_canonical_editor_safety/code_review.md,code_review.md,storefront_presentation,QA_EVIDENCE,QA_EVIDENCE,ARCHIVE_CANDIDATE,docs/archive/qa_evidence/storefront_design_engine/phase5/w5a_canonical_editor_safety/code_review.md,Phase-4 archive group C_audits_qa; historical/superseded report/audit/reference with no canonical dependency,,,MEDIUM,0,0,LOW,C_audits_qa,MEDIUM
docs/qa_evidence/storefront_design_engine/phase5/w5a_canonical_editor_safety/concurrency_contract.md,concurrency_contract.md,storefront_presentation,QA_EVIDENCE,QA_EVIDENCE,ARCHIVE_CANDIDATE,docs/archive/qa_evidence/storefront_design_engine/phase5/w5a_canonical_editor_safety/concurrency_contract.md,Phase-4 archive group C_audits_qa; historical/superseded report/audit/reference with no canonical dependency,,,MEDIUM,0,0,LOW,C_audits_qa,MEDIUM
docs/qa_evidence/storefront_design_engine/phase5/w5a_canonical_editor_safety/final_report.md,final_report.md,storefront_presentation,QA_EVIDENCE,QA_EVIDENCE,ARCHIVE_CANDIDATE,docs/archive/qa_evidence/storefront_design_engine/phase5/w5a_canonical_editor_safety/final_report.md,Phase-4 archive group C_audits_qa; historical/superseded report/audit/reference with no canonical dependency,,,MEDIUM,0,0,LOW,C_audits_qa,MEDIUM
docs/qa_evidence/storefront_design_engine/phase5/w5a_canonical_editor_safety/focused_tests.txt,focused_tests.txt,storefront_presentation,QA_EVIDENCE,QA_EVIDENCE,ARCHIVE_CANDIDATE,docs/archive/qa_evidence/storefront_design_engine/phase5/w5a_canonical_editor_safety/focused_tests.txt,Phase-4 archive group C_audits_qa; historical/superseded report/audit/reference with no canonical dependency,,,MEDIUM,0,0,LOW,C_audits_qa,MEDIUM
docs/qa_evidence/storefront_design_engine/phase5/w5a_canonical_editor_safety/full_suite_identity_comparison.md,full_suite_identity_comparison.md,storefront_presentation,QA_EVIDENCE,QA_EVIDENCE,ARCHIVE_CANDIDATE,docs/archive/qa_evidence/storefront_design_engine/phase5/w5a_canonical_editor_safety/full_suite_identity_comparison.md,Phase-4 archive group C_audits_qa; historical/superseded report/audit/reference with no canonical dependency,,,MEDIUM,0,0,LOW,C_audits_qa,MEDIUM
docs/qa_evidence/storefront_design_engine/phase5/w5a_canonical_editor_safety/round2_tdd_green.txt,round2_tdd_green.txt,storefront_presentation,QA_EVIDENCE,QA_EVIDENCE,ARCHIVE_CANDIDATE,docs/archive/qa_evidence/storefront_design_engine/phase5/w5a_canonical_editor_safety/round2_tdd_green.txt,Phase-4 archive group C_audits_qa; historical/superseded report/audit/reference with no canonical dependency,,,MEDIUM,0,0,LOW,C_audits_qa,MEDIUM
docs/qa_evidence/storefront_design_engine/phase5/w5a_canonical_editor_safety/round2_tdd_red.txt,round2_tdd_red.txt,storefront_presentation,QA_EVIDENCE,QA_EVIDENCE,ARCHIVE_CANDIDATE,docs/archive/qa_evidence/storefront_design_engine/phase5/w5a_canonical_editor_safety/round2_tdd_red.txt,Phase-4 archive group C_audits_qa; historical/superseded report/audit/reference with no canonical dependency,,,MEDIUM,0,0,LOW,C_audits_qa,MEDIUM
docs/qa_evidence/storefront_design_engine/phase5/w5a_canonical_editor_safety/route_classification.md,route_classification.md,storefront_presentation,QA_EVIDENCE,QA_EVIDENCE,ARCHIVE_CANDIDATE,docs/archive/qa_evidence/storefront_design_engine/phase5/w5a_canonical_editor_safety/route_classification.md,Phase-4 archive group C_audits_qa; historical/superseded report/audit/reference with no canonical dependency,,,MEDIUM,0,0,LOW,C_audits_qa,MEDIUM
docs/qa_evidence/storefront_design_engine/phase5/w5a_canonical_editor_safety/source_diff.md,source_diff.md,storefront_presentation,QA_EVIDENCE,QA_EVIDENCE,ARCHIVE_CANDIDATE,docs/archive/qa_evidence/storefront_design_engine/phase5/w5a_canonical_editor_safety/source_diff.md,Phase-4 archive group C_audits_qa; historical/superseded report/audit/reference with no canonical dependency,,,MEDIUM,0,0,LOW,C_audits_qa,MEDIUM
docs/qa_evidence/storefront_design_engine/phase5/w5a_canonical_editor_safety/starting_state.md,starting_state.md,storefront_presentation,QA_EVIDENCE,QA_EVIDENCE,ARCHIVE_CANDIDATE,docs/archive/qa_evidence/storefront_design_engine/phase5/w5a_canonical_editor_safety/starting_state.md,Phase-4 archive group C_audits_qa; historical/superseded report/audit/reference with no canonical dependency,,,MEDIUM,0,0,LOW,C_audits_qa,MEDIUM
docs/qa_evidence/storefront_design_engine/phase5/w5a_canonical_editor_safety/tdd_green.txt,tdd_green.txt,storefront_presentation,QA_EVIDENCE,QA_EVIDENCE,ARCHIVE_CANDIDATE,docs/archive/qa_evidence/storefront_design_engine/phase5/w5a_canonical_editor_safety/tdd_green.txt,Phase-4 archive group C_audits_qa; historical/superseded report/audit/reference with no canonical dependency,,,MEDIUM,0,0,LOW,C_audits_qa,MEDIUM
docs/qa_evidence/storefront_design_engine/phase5/w5a_canonical_editor_safety/tdd_red.txt,tdd_red.txt,storefront_presentation,QA_EVIDENCE,QA_EVIDENCE,ARCHIVE_CANDIDATE,docs/archive/qa_evidence/storefront_design_engine/phase5/w5a_canonical_editor_safety/tdd_red.txt,Phase-4 archive group C_audits_qa; historical/superseded report/audit/reference with no canonical dependency,,,MEDIUM,0,0,LOW,C_audits_qa,MEDIUM
docs/qa_evidence/storefront_design_engine/phase5/w5a_canonical_editor_safety/w5a_merge_checkpoint.md,w5a_merge_checkpoint.md,storefront_presentation,QA_EVIDENCE,QA_EVIDENCE,ARCHIVE_CANDIDATE,docs/archive/qa_evidence/storefront_design_engine/phase5/w5a_canonical_editor_safety/w5a_merge_checkpoint.md,Phase-4 archive group C_audits_qa; historical/superseded report/audit/reference with no canonical dependency,,,MEDIUM,0,0,LOW,C_audits_qa,MEDIUM
docs/qa_evidence/storefront_design_engine/phase5/w5b_mobile_bottom_nav_r4_parity/authority_chain.md,authority_chain.md,storefront_presentation,QA_EVIDENCE,QA_EVIDENCE,ARCHIVE_CANDIDATE,docs/archive/qa_evidence/storefront_design_engine/phase5/w5b_mobile_bottom_nav_r4_parity/authority_chain.md,Phase-4 archive group C_audits_qa; historical/superseded report/audit/reference with no canonical dependency,,,MEDIUM,0,0,LOW,C_audits_qa,MEDIUM
docs/qa_evidence/storefront_design_engine/phase5/w5b_mobile_bottom_nav_r4_parity/browser_qa_console_repair.txt,browser_qa_console_repair.txt,storefront_presentation,QA_EVIDENCE,QA_EVIDENCE,ARCHIVE_CANDIDATE,docs/archive/qa_evidence/storefront_design_engine/phase5/w5b_mobile_bottom_nav_r4_parity/browser_qa_console_repair.txt,Phase-4 archive group C_audits_qa; historical/superseded report/audit/reference with no canonical dependency,,,MEDIUM,0,0,LOW,C_audits_qa,MEDIUM
docs/qa_evidence/storefront_design_engine/phase5/w5b_mobile_bottom_nav_r4_parity/browser_qa_console.txt,browser_qa_console.txt,storefront_presentation,QA_EVIDENCE,QA_EVIDENCE,ARCHIVE_CANDIDATE,docs/archive/qa_evidence/storefront_design_engine/phase5/w5b_mobile_bottom_nav_r4_parity/browser_qa_console.txt,Phase-4 archive group C_audits_qa; historical/superseded report/audit/reference with no canonical dependency,,,MEDIUM,0,0,LOW,C_audits_qa,MEDIUM
docs/qa_evidence/storefront_design_engine/phase5/w5b_mobile_bottom_nav_r4_parity/browser_qa.md,browser_qa.md,storefront_presentation,QA_EVIDENCE,QA_EVIDENCE,ARCHIVE_CANDIDATE,docs/archive/qa_evidence/storefront_design_engine/phase5/w5b_mobile_bottom_nav_r4_parity/browser_qa.md,Phase-4 archive group C_audits_qa; historical/superseded report/audit/reference with no canonical dependency,,,MEDIUM,0,0,LOW,C_audits_qa,MEDIUM
docs/qa_evidence/storefront_design_engine/phase5/w5b_mobile_bottom_nav_r4_parity/code_review.md,code_review.md,storefront_presentation,QA_EVIDENCE,QA_EVIDENCE,ARCHIVE_CANDIDATE,docs/archive/qa_evidence/storefront_design_engine/phase5/w5b_mobile_bottom_nav_r4_parity/code_review.md,Phase-4 archive group C_audits_qa; historical/superseded report/audit/reference with no canonical dependency,,,MEDIUM,0,0,LOW,C_audits_qa,MEDIUM
docs/qa_evidence/storefront_design_engine/phase5/w5b_mobile_bottom_nav_r4_parity/final_report.md,final_report.md,storefront_presentation,QA_EVIDENCE,QA_EVIDENCE,ARCHIVE_CANDIDATE,docs/archive/qa_evidence/storefront_design_engine/phase5/w5b_mobile_bottom_nav_r4_parity/final_report.md,Phase-4 archive group C_audits_qa; historical/superseded report/audit/reference with no canonical dependency,,,MEDIUM,0,0,LOW,C_audits_qa,MEDIUM
docs/qa_evidence/storefront_design_engine/phase5/w5b_mobile_bottom_nav_r4_parity/focused_tests.txt,focused_tests.txt,storefront_presentation,QA_EVIDENCE,QA_EVIDENCE,ARCHIVE_CANDIDATE,docs/archive/qa_evidence/storefront_design_engine/phase5/w5b_mobile_bottom_nav_r4_parity/focused_tests.txt,Phase-4 archive group C_audits_qa; historical/superseded report/audit/reference with no canonical dependency,,,MEDIUM,0,0,LOW,C_audits_qa,MEDIUM
docs/qa_evidence/storefront_design_engine/phase5/w5b_mobile_bottom_nav_r4_parity/full_suite_identity_comparison.md,full_suite_identity_comparison.md,storefront_presentation,QA_EVIDENCE,QA_EVIDENCE,ARCHIVE_CANDIDATE,docs/archive/qa_evidence/storefront_design_engine/phase5/w5b_mobile_bottom_nav_r4_parity/full_suite_identity_comparison.md,Phase-4 archive group C_audits_qa; historical/superseded report/audit/reference with no canonical dependency,,,MEDIUM,0,0,LOW,C_audits_qa,MEDIUM
docs/qa_evidence/storefront_design_engine/phase5/w5b_mobile_bottom_nav_r4_parity/implementation_plan_summary.md,implementation_plan_summary.md,storefront_presentation,QA_EVIDENCE,QA_EVIDENCE,ARCHIVE_CANDIDATE,docs/archive/qa_evidence/storefront_design_engine/phase5/w5b_mobile_bottom_nav_r4_parity/implementation_plan_summary.md,Phase-4 archive group C_audits_qa; historical/superseded report/audit/reference with no canonical dependency,,,MEDIUM,0,0,LOW,C_audits_qa,MEDIUM
docs/qa_evidence/storefront_design_engine/phase5/w5b_mobile_bottom_nav_r4_parity/sibling_isolation.md,sibling_isolation.md,storefront_presentation,QA_EVIDENCE,QA_EVIDENCE,ARCHIVE_CANDIDATE,docs/archive/qa_evidence/storefront_design_engine/phase5/w5b_mobile_bottom_nav_r4_parity/sibling_isolation.md,Phase-4 archive group C_audits_qa; historical/superseded report/audit/reference with no canonical dependency,,,MEDIUM,0,0,LOW,C_audits_qa,MEDIUM
docs/qa_evidence/storefront_design_engine/phase5/w5b_mobile_bottom_nav_r4_parity/source_diff.md,source_diff.md,storefront_presentation,QA_EVIDENCE,QA_EVIDENCE,ARCHIVE_CANDIDATE,docs/archive/qa_evidence/storefront_design_engine/phase5/w5b_mobile_bottom_nav_r4_parity/source_diff.md,Phase-4 archive group C_audits_qa; historical/superseded report/audit/reference with no canonical dependency,,,MEDIUM,0,0,LOW,C_audits_qa,MEDIUM
docs/qa_evidence/storefront_design_engine/phase5/w5b_mobile_bottom_nav_r4_parity/starting_state.md,starting_state.md,storefront_presentation,QA_EVIDENCE,QA_EVIDENCE,ARCHIVE_CANDIDATE,docs/archive/qa_evidence/storefront_design_engine/phase5/w5b_mobile_bottom_nav_r4_parity/starting_state.md,Phase-4 archive group C_audits_qa; historical/superseded report/audit/reference with no canonical dependency,,,MEDIUM,0,0,LOW,C_audits_qa,MEDIUM
docs/qa_evidence/storefront_design_engine/phase5/w5b_mobile_bottom_nav_r4_parity/tdd_green.txt,tdd_green.txt,storefront_presentation,QA_EVIDENCE,QA_EVIDENCE,ARCHIVE_CANDIDATE,docs/archive/qa_evidence/storefront_design_engine/phase5/w5b_mobile_bottom_nav_r4_parity/tdd_green.txt,Phase-4 archive group C_audits_qa; historical/superseded report/audit/reference with no canonical dependency,,,MEDIUM,0,0,LOW,C_audits_qa,MEDIUM
docs/qa_evidence/storefront_design_engine/phase5/w5b_mobile_bottom_nav_r4_parity/tdd_red.txt,tdd_red.txt,storefront_presentation,QA_EVIDENCE,QA_EVIDENCE,ARCHIVE_CANDIDATE,docs/archive/qa_evidence/storefront_design_engine/phase5/w5b_mobile_bottom_nav_r4_parity/tdd_red.txt,Phase-4 archive group C_audits_qa; historical/superseded report/audit/reference with no canonical dependency,,,MEDIUM,0,0,LOW,C_audits_qa,MEDIUM
docs/qa_evidence/storefront_design_engine/phase5/w5b_mobile_bottom_nav_r4_parity/w5b_merge_checkpoint.md,w5b_merge_checkpoint.md,storefront_presentation,QA_EVIDENCE,QA_EVIDENCE,ARCHIVE_CANDIDATE,docs/archive/qa_evidence/storefront_design_engine/phase5/w5b_mobile_bottom_nav_r4_parity/w5b_merge_checkpoint.md,Phase-4 archive group C_audits_qa; historical/superseded report/audit/reference with no canonical dependency,,,MEDIUM,0,0,LOW,C_audits_qa,MEDIUM
docs/qa_evidence/storefront_design_engine/phase5/w5c_ready_template_preview_ux/accessibility_review.md,accessibility_review.md,storefront_presentation,QA_EVIDENCE,QA_EVIDENCE,ARCHIVE_CANDIDATE,docs/archive/qa_evidence/storefront_design_engine/phase5/w5c_ready_template_preview_ux/accessibility_review.md,Phase-4 archive group C_audits_qa; historical/superseded report/audit/reference with no canonical dependency,,,MEDIUM,0,0,LOW,C_audits_qa,MEDIUM
docs/qa_evidence/storefront_design_engine/phase5/w5c_ready_template_preview_ux/browser_qa_console_repair.txt,browser_qa_console_repair.txt,storefront_presentation,QA_EVIDENCE,QA_EVIDENCE,ARCHIVE_CANDIDATE,docs/archive/qa_evidence/storefront_design_engine/phase5/w5c_ready_template_preview_ux/browser_qa_console_repair.txt,Phase-4 archive group C_audits_qa; historical/superseded report/audit/reference with no canonical dependency,,,MEDIUM,0,0,LOW,C_audits_qa,MEDIUM
docs/qa_evidence/storefront_design_engine/phase5/w5c_ready_template_preview_ux/browser_qa_console.txt,browser_qa_console.txt,storefront_presentation,QA_EVIDENCE,QA_EVIDENCE,ARCHIVE_CANDIDATE,docs/archive/qa_evidence/storefront_design_engine/phase5/w5c_ready_template_preview_ux/browser_qa_console.txt,Phase-4 archive group C_audits_qa; historical/superseded report/audit/reference with no canonical dependency,,,MEDIUM,0,0,LOW,C_audits_qa,MEDIUM
docs/qa_evidence/storefront_design_engine/phase5/w5c_ready_template_preview_ux/browser_qa.md,browser_qa.md,storefront_presentation,QA_EVIDENCE,QA_EVIDENCE,ARCHIVE_CANDIDATE,docs/archive/qa_evidence/storefront_design_engine/phase5/w5c_ready_template_preview_ux/browser_qa.md,Phase-4 archive group C_audits_qa; historical/superseded report/audit/reference with no canonical dependency,,,MEDIUM,0,0,LOW,C_audits_qa,MEDIUM
docs/qa_evidence/storefront_design_engine/phase5/w5c_ready_template_preview_ux/code_review.md,code_review.md,storefront_presentation,QA_EVIDENCE,QA_EVIDENCE,ARCHIVE_CANDIDATE,docs/archive/qa_evidence/storefront_design_engine/phase5/w5c_ready_template_preview_ux/code_review.md,Phase-4 archive group C_audits_qa; historical/superseded report/audit/reference with no canonical dependency,,,MEDIUM,0,0,LOW,C_audits_qa,MEDIUM
docs/qa_evidence/storefront_design_engine/phase5/w5c_ready_template_preview_ux/final_report.md,final_report.md,storefront_presentation,QA_EVIDENCE,QA_EVIDENCE,ARCHIVE_CANDIDATE,docs/archive/qa_evidence/storefront_design_engine/phase5/w5c_ready_template_preview_ux/final_report.md,Phase-4 archive group C_audits_qa; historical/superseded report/audit/reference with no canonical dependency,,,MEDIUM,0,0,LOW,C_audits_qa,MEDIUM
docs/qa_evidence/storefront_design_engine/phase5/w5c_ready_template_preview_ux/focused_tests_repair.txt,focused_tests_repair.txt,storefront_presentation,QA_EVIDENCE,QA_EVIDENCE,ARCHIVE_CANDIDATE,docs/archive/qa_evidence/storefront_design_engine/phase5/w5c_ready_template_preview_ux/focused_tests_repair.txt,Phase-4 archive group C_audits_qa; historical/superseded report/audit/reference with no canonical dependency,,,MEDIUM,0,0,LOW,C_audits_qa,MEDIUM
docs/qa_evidence/storefront_design_engine/phase5/w5c_ready_template_preview_ux/focused_tests.txt,focused_tests.txt,storefront_presentation,QA_EVIDENCE,QA_EVIDENCE,ARCHIVE_CANDIDATE,docs/archive/qa_evidence/storefront_design_engine/phase5/w5c_ready_template_preview_ux/focused_tests.txt,Phase-4 archive group C_audits_qa; historical/superseded report/audit/reference with no canonical dependency,,,MEDIUM,0,0,LOW,C_audits_qa,MEDIUM
docs/qa_evidence/storefront_design_engine/phase5/w5c_ready_template_preview_ux/full_suite_identity_comparison.md,full_suite_identity_comparison.md,storefront_presentation,QA_EVIDENCE,QA_EVIDENCE,ARCHIVE_CANDIDATE,docs/archive/qa_evidence/storefront_design_engine/phase5/w5c_ready_template_preview_ux/full_suite_identity_comparison.md,Phase-4 archive group C_audits_qa; historical/superseded report/audit/reference with no canonical dependency,,,MEDIUM,0,0,LOW,C_audits_qa,MEDIUM
docs/qa_evidence/storefront_design_engine/phase5/w5c_ready_template_preview_ux/implementation_plan_summary.md,implementation_plan_summary.md,storefront_presentation,QA_EVIDENCE,QA_EVIDENCE,ARCHIVE_CANDIDATE,docs/archive/qa_evidence/storefront_design_engine/phase5/w5c_ready_template_preview_ux/implementation_plan_summary.md,Phase-4 archive group C_audits_qa; historical/superseded report/audit/reference with no canonical dependency,,,MEDIUM,0,0,LOW,C_audits_qa,MEDIUM
docs/qa_evidence/storefront_design_engine/phase5/w5c_ready_template_preview_ux/non_mutation_proof.md,non_mutation_proof.md,storefront_presentation,QA_EVIDENCE,QA_EVIDENCE,ARCHIVE_CANDIDATE,docs/archive/qa_evidence/storefront_design_engine/phase5/w5c_ready_template_preview_ux/non_mutation_proof.md,Phase-4 archive group C_audits_qa; historical/superseded report/audit/reference with no canonical dependency,,,MEDIUM,0,0,LOW,C_audits_qa,MEDIUM
docs/qa_evidence/storefront_design_engine/phase5/w5c_ready_template_preview_ux/preview_authority_chain.md,preview_authority_chain.md,storefront_presentation,QA_EVIDENCE,QA_EVIDENCE,ARCHIVE_CANDIDATE,docs/archive/qa_evidence/storefront_design_engine/phase5/w5c_ready_template_preview_ux/preview_authority_chain.md,Phase-4 archive group C_audits_qa; historical/superseded report/audit/reference with no canonical dependency,,,MEDIUM,0,0,LOW,C_audits_qa,MEDIUM
docs/qa_evidence/storefront_design_engine/phase5/w5c_ready_template_preview_ux/source_diff.md,source_diff.md,storefront_presentation,QA_EVIDENCE,QA_EVIDENCE,ARCHIVE_CANDIDATE,docs/archive/qa_evidence/storefront_design_engine/phase5/w5c_ready_template_preview_ux/source_diff.md,Phase-4 archive group C_audits_qa; historical/superseded report/audit/reference with no canonical dependency,,,MEDIUM,0,0,LOW,C_audits_qa,MEDIUM
docs/qa_evidence/storefront_design_engine/phase5/w5c_ready_template_preview_ux/starting_state.md,starting_state.md,storefront_presentation,QA_EVIDENCE,QA_EVIDENCE,ARCHIVE_CANDIDATE,docs/archive/qa_evidence/storefront_design_engine/phase5/w5c_ready_template_preview_ux/starting_state.md,Phase-4 archive group C_audits_qa; historical/superseded report/audit/reference with no canonical dependency,,,MEDIUM,0,0,LOW,C_audits_qa,MEDIUM
docs/qa_evidence/storefront_design_engine/phase5/w5c_ready_template_preview_ux/tdd_green.txt,tdd_green.txt,storefront_presentation,QA_EVIDENCE,QA_EVIDENCE,ARCHIVE_CANDIDATE,docs/archive/qa_evidence/storefront_design_engine/phase5/w5c_ready_template_preview_ux/tdd_green.txt,Phase-4 archive group C_audits_qa; historical/superseded report/audit/reference with no canonical dependency,,,MEDIUM,0,0,LOW,C_audits_qa,MEDIUM
docs/qa_evidence/storefront_design_engine/phase5/w5c_ready_template_preview_ux/tdd_red.txt,tdd_red.txt,storefront_presentation,QA_EVIDENCE,QA_EVIDENCE,ARCHIVE_CANDIDATE,docs/archive/qa_evidence/storefront_design_engine/phase5/w5c_ready_template_preview_ux/tdd_red.txt,Phase-4 archive group C_audits_qa; historical/superseded report/audit/reference with no canonical dependency,,,MEDIUM,0,0,LOW,C_audits_qa,MEDIUM
docs/qa_evidence/storefront_design_engine/phase5/w5c_ready_template_preview_ux/w5c_merge_checkpoint.md,w5c_merge_checkpoint.md,storefront_presentation,QA_EVIDENCE,QA_EVIDENCE,ARCHIVE_CANDIDATE,docs/archive/qa_evidence/storefront_design_engine/phase5/w5c_ready_template_preview_ux/w5c_merge_checkpoint.md,Phase-4 archive group C_audits_qa; historical/superseded report/audit/reference with no canonical dependency,,,MEDIUM,0,0,LOW,C_audits_qa,MEDIUM
docs/qa_evidence/storefront_design_engine/phase5/w5_discovery/authority_map.md,authority_map.md,storefront_presentation,QA_EVIDENCE,QA_EVIDENCE,ARCHIVE_CANDIDATE,docs/archive/qa_evidence/storefront_design_engine/phase5/w5_discovery/authority_map.md,Phase-4 archive group C_audits_qa; historical/superseded report/audit/reference with no canonical dependency,,,MEDIUM,0,0,LOW,C_audits_qa,MEDIUM
docs/qa_evidence/storefront_design_engine/phase5/w5_discovery/current_state_inventory.md,current_state_inventory.md,storefront_presentation,QA_EVIDENCE,QA_EVIDENCE,ARCHIVE_CANDIDATE,docs/archive/qa_evidence/storefront_design_engine/phase5/w5_discovery/current_state_inventory.md,Phase-4 archive group C_audits_qa; historical/superseded report/audit/reference with no canonical dependency,,,MEDIUM,0,0,LOW,C_audits_qa,MEDIUM
docs/qa_evidence/storefront_design_engine/phase5/w5_discovery/gap_matrix.md,gap_matrix.md,storefront_presentation,QA_EVIDENCE,QA_EVIDENCE,ARCHIVE_CANDIDATE,docs/archive/qa_evidence/storefront_design_engine/phase5/w5_discovery/gap_matrix.md,Phase-4 archive group C_audits_qa; historical/superseded report/audit/reference with no canonical dependency,,,MEDIUM,0,0,LOW,C_audits_qa,MEDIUM
docs/qa_evidence/storefront_design_engine/phase5/w5_discovery/merchant_journeys.md,merchant_journeys.md,storefront_presentation,QA_EVIDENCE,QA_EVIDENCE,ARCHIVE_CANDIDATE,docs/archive/qa_evidence/storefront_design_engine/phase5/w5_discovery/merchant_journeys.md,Phase-4 archive group C_audits_qa; historical/superseded report/audit/reference with no canonical dependency,,,MEDIUM,0,0,LOW,C_audits_qa,MEDIUM
docs/README.md,README.md,cross_cutting,SUPPORTING,SUPPORTING,CORRECT_IN_PLACE_LATER,,"Live index/README known-stale; fix content in place in a later phase, do not archive",,docs/architecture_knowledge_system/README.md,LOW,1,1,NONE,LIVE_INDEX_FIX_LATER,MEDIUM
docs/reference-kits/rastisi-11-families-v3/ACCEPTANCE_GATES_FA.md,ACCEPTANCE_GATES_FA.md,cross_cutting,EVIDENCE_ONLY,EVIDENCE_ONLY,ARCHIVE_CANDIDATE,docs/archive/reference-kits/rastisi-11-families-v3/ACCEPTANCE_GATES_FA.md,Phase-4 archive group D_reference_material; historical/superseded report/audit/reference with no canonical dependency,,,MEDIUM,0,0,LOW,D_reference_material,MEDIUM
docs/reference-kits/rastisi-11-families-v3/contracts/badge-matrix.yaml,badge-matrix.yaml,cross_cutting,EVIDENCE_ONLY,EVIDENCE_ONLY,ARCHIVE_CANDIDATE,docs/archive/reference-kits/rastisi-11-families-v3/contracts/badge-matrix.yaml,Phase-4 archive group D_reference_material; historical/superseded report/audit/reference with no canonical dependency,,,MEDIUM,0,0,LOW,D_reference_material,MEDIUM
docs/reference-kits/rastisi-11-families-v3/contracts/dynamic-data-mapping.yaml,dynamic-data-mapping.yaml,cross_cutting,EVIDENCE_ONLY,EVIDENCE_ONLY,ARCHIVE_CANDIDATE,docs/archive/reference-kits/rastisi-11-families-v3/contracts/dynamic-data-mapping.yaml,Phase-4 archive group D_reference_material; historical/superseded report/audit/reference with no canonical dependency,,,MEDIUM,0,0,LOW,D_reference_material,MEDIUM
docs/reference-kits/rastisi-11-families-v3/contracts/icon-manifest.yaml,icon-manifest.yaml,cross_cutting,EVIDENCE_ONLY,EVIDENCE_ONLY,ARCHIVE_CANDIDATE,docs/archive/reference-kits/rastisi-11-families-v3/contracts/icon-manifest.yaml,Phase-4 archive group D_reference_material; historical/superseded report/audit/reference with no canonical dependency,,,MEDIUM,0,0,LOW,D_reference_material,MEDIUM
docs/reference-kits/rastisi-11-families-v3/contracts/interactions.yaml,interactions.yaml,cross_cutting,EVIDENCE_ONLY,EVIDENCE_ONLY,ARCHIVE_CANDIDATE,docs/archive/reference-kits/rastisi-11-families-v3/contracts/interactions.yaml,Phase-4 archive group D_reference_material; historical/superseded report/audit/reference with no canonical dependency,,,MEDIUM,0,0,LOW,D_reference_material,MEDIUM
docs/reference-kits/rastisi-11-families-v3/contracts/section-blueprints.yaml,section-blueprints.yaml,cross_cutting,EVIDENCE_ONLY,EVIDENCE_ONLY,ARCHIVE_CANDIDATE,docs/archive/reference-kits/rastisi-11-families-v3/contracts/section-blueprints.yaml,Phase-4 archive group D_reference_material; historical/superseded report/audit/reference with no canonical dependency,,,MEDIUM,0,0,LOW,D_reference_material,MEDIUM
docs/reference-kits/rastisi-11-families-v3/decision-lock.yaml,decision-lock.yaml,cross_cutting,EVIDENCE_ONLY,EVIDENCE_ONLY,ARCHIVE_CANDIDATE,docs/archive/reference-kits/rastisi-11-families-v3/decision-lock.yaml,Phase-4 archive group D_reference_material; historical/superseded report/audit/reference with no canonical dependency,,,MEDIUM,0,0,LOW,D_reference_material,MEDIUM
docs/reference-kits/rastisi-11-families-v3/KIRO_MASTER_PROMPT_FA.md,KIRO_MASTER_PROMPT_FA.md,cross_cutting,EVIDENCE_ONLY,EVIDENCE_ONLY,ARCHIVE_CANDIDATE,docs/archive/reference-kits/rastisi-11-families-v3/KIRO_MASTER_PROMPT_FA.md,Phase-4 archive group D_reference_material; historical/superseded report/audit/reference with no canonical dependency,,,MEDIUM,0,0,LOW,D_reference_material,MEDIUM
docs/reference-kits/rastisi-11-families-v3/README_FA.md,README_FA.md,cross_cutting,EVIDENCE_ONLY,EVIDENCE_ONLY,ARCHIVE_CANDIDATE,docs/archive/reference-kits/rastisi-11-families-v3/README_FA.md,Phase-4 archive group D_reference_material; historical/superseded report/audit/reference with no canonical dependency,,,MEDIUM,0,0,LOW,D_reference_material,MEDIUM
docs/reference-kits/rastisi-11-families-v3/RESPONSIVE_CONTRACT_FA.md,RESPONSIVE_CONTRACT_FA.md,cross_cutting,EVIDENCE_ONLY,EVIDENCE_ONLY,ARCHIVE_CANDIDATE,docs/archive/reference-kits/rastisi-11-families-v3/RESPONSIVE_CONTRACT_FA.md,Phase-4 archive group D_reference_material; historical/superseded report/audit/reference with no canonical dependency,,,MEDIUM,0,0,LOW,D_reference_material,MEDIUM
docs/reference-kits/rastisi-11-families-v3/screenshots/README_FA.md,README_FA.md,cross_cutting,EVIDENCE_ONLY,EVIDENCE_ONLY,ARCHIVE_CANDIDATE,docs/archive/reference-kits/rastisi-11-families-v3/screenshots/README_FA.md,Phase-4 archive group D_reference_material; historical/superseded report/audit/reference with no canonical dependency,,,MEDIUM,0,0,LOW,D_reference_material,MEDIUM
docs/reference-kits/rastisi-11-families-v3/SOURCE_AUDIT_FA.md,SOURCE_AUDIT_FA.md,cross_cutting,EVIDENCE_ONLY,EVIDENCE_ONLY,ARCHIVE_CANDIDATE,docs/archive/reference-kits/rastisi-11-families-v3/SOURCE_AUDIT_FA.md,Phase-4 archive group D_reference_material; historical/superseded report/audit/reference with no canonical dependency,,,MEDIUM,0,0,LOW,D_reference_material,MEDIUM
docs/reference-kits/rastisi-11-families-v3/VALIDATION_REPORT_FA.md,VALIDATION_REPORT_FA.md,cross_cutting,EVIDENCE_ONLY,EVIDENCE_ONLY,ARCHIVE_CANDIDATE,docs/archive/reference-kits/rastisi-11-families-v3/VALIDATION_REPORT_FA.md,Phase-4 archive group D_reference_material; historical/superseded report/audit/reference with no canonical dependency,,,MEDIUM,0,0,LOW,D_reference_material,MEDIUM
docs/reference-kits/site-targets-5/Beraito/DESIGN_CONTRACT.md,DESIGN_CONTRACT.md,storefront_presentation,EVIDENCE_ONLY,EVIDENCE_ONLY,ARCHIVE_CANDIDATE,docs/archive/reference-kits/site-targets-5/Beraito/DESIGN_CONTRACT.md,Phase-4 archive group D_reference_material; historical/superseded report/audit/reference with no canonical dependency,,,MEDIUM,0,0,LOW,D_reference_material,MEDIUM
docs/reference-kits/site-targets-5/laleRokh/DESIGN_CONTRACT.md,DESIGN_CONTRACT.md,storefront_presentation,EVIDENCE_ONLY,EVIDENCE_ONLY,ARCHIVE_CANDIDATE,docs/archive/reference-kits/site-targets-5/laleRokh/DESIGN_CONTRACT.md,Phase-4 archive group D_reference_material; historical/superseded report/audit/reference with no canonical dependency,,,MEDIUM,0,0,LOW,D_reference_material,MEDIUM
docs/reference-kits/site-targets-5/README_FA.md,README_FA.md,cross_cutting,EVIDENCE_ONLY,EVIDENCE_ONLY,ARCHIVE_CANDIDATE,docs/archive/reference-kits/site-targets-5/README_FA.md,Phase-4 archive group D_reference_material; historical/superseded report/audit/reference with no canonical dependency,,,MEDIUM,0,0,LOW,D_reference_material,MEDIUM
docs/reference-kits/site-targets-5/saremi/DESIGN_CONTRACT.md,DESIGN_CONTRACT.md,storefront_presentation,EVIDENCE_ONLY,EVIDENCE_ONLY,ARCHIVE_CANDIDATE,docs/archive/reference-kits/site-targets-5/saremi/DESIGN_CONTRACT.md,Phase-4 archive group D_reference_material; historical/superseded report/audit/reference with no canonical dependency,,,MEDIUM,0,0,LOW,D_reference_material,MEDIUM
docs/reference-kits/site-targets-5/shokolati/DESIGN_CONTRACT.md,DESIGN_CONTRACT.md,storefront_presentation,EVIDENCE_ONLY,EVIDENCE_ONLY,ARCHIVE_CANDIDATE,docs/archive/reference-kits/site-targets-5/shokolati/DESIGN_CONTRACT.md,Phase-4 archive group D_reference_material; historical/superseded report/audit/reference with no canonical dependency,,,MEDIUM,0,0,LOW,D_reference_material,MEDIUM
docs/references/beraito-exact-frontend-v5/README.md,README.md,cross_cutting,EVIDENCE_ONLY,EVIDENCE_ONLY,KEEP_HISTORICAL_REFERENCE,,Archive-group D_reference_material BUT referenced by 1 canonical/domain AKS doc(s); keep as historical reference to avoid breaking canonical links,,,MEDIUM,1,1,NONE,REFERENCED_BY_CANONICAL,MEDIUM
docs/references/beraito-exact-frontend-v5/README.txt,README.txt,cross_cutting,EVIDENCE_ONLY,EVIDENCE_ONLY,ARCHIVE_CANDIDATE,docs/archive/references/beraito-exact-frontend-v5/README.txt,Phase-4 archive group D_reference_material; historical/superseded report/audit/reference with no canonical dependency,,,MEDIUM,0,0,LOW,D_reference_material,MEDIUM
docs/references/beraito-exact-frontend-v5/SOURCE_MAP.md,SOURCE_MAP.md,cross_cutting,EVIDENCE_ONLY,EVIDENCE_ONLY,ARCHIVE_CANDIDATE,docs/archive/references/beraito-exact-frontend-v5/SOURCE_MAP.md,Phase-4 archive group D_reference_material; historical/superseded report/audit/reference with no canonical dependency,,,MEDIUM,0,0,LOW,D_reference_material,MEDIUM
docs/reports/PRELAUNCH_PHASE1_ENAMAD_BASELINE.md,PRELAUNCH_PHASE1_ENAMAD_BASELINE.md,stores_integrations,HISTORICAL,HISTORICAL,ARCHIVE_CANDIDATE,docs/archive/reports/PRELAUNCH_PHASE1_ENAMAD_BASELINE.md,Phase-4 archive group B_implementation_reports; historical/superseded report/audit/reference with no canonical dependency,,,HIGH,0,0,LOW,B_implementation_reports,MEDIUM
docs/reports/PRELAUNCH_PHASE2_SUBSCRIPTIONS_TRIALS.md,PRELAUNCH_PHASE2_SUBSCRIPTIONS_TRIALS.md,saas_billing_subscriptions,HISTORICAL,HISTORICAL,KEEP_HISTORICAL_REFERENCE,,Archive-group B_implementation_reports BUT referenced by 2 canonical/domain AKS doc(s); keep as historical reference to avoid breaking canonical links,,,HIGH,2,2,NONE,REFERENCED_BY_CANONICAL,MEDIUM
docs/reports/PRELAUNCH_PHASE3_ZIBAL_PLATFORM_BILLING.md,PRELAUNCH_PHASE3_ZIBAL_PLATFORM_BILLING.md,saas_billing_subscriptions,HISTORICAL,HISTORICAL,KEEP_HISTORICAL_REFERENCE,,Archive-group B_implementation_reports BUT referenced by 2 canonical/domain AKS doc(s); keep as historical reference to avoid breaking canonical links,,,HIGH,2,2,NONE,REFERENCED_BY_CANONICAL,MEDIUM
docs/reports/PRELAUNCH_PHASE4_ZIBAL_MERCHANT_PAYMENTS.md,PRELAUNCH_PHASE4_ZIBAL_MERCHANT_PAYMENTS.md,orders_payments,HISTORICAL,HISTORICAL,KEEP_HISTORICAL_REFERENCE,,Archive-group B_implementation_reports BUT referenced by 2 canonical/domain AKS doc(s); keep as historical reference to avoid breaking canonical links,,,HIGH,2,2,NONE,REFERENCED_BY_CANONICAL,MEDIUM
docs/reports/PRELAUNCH_PHASE5_ENAMAD_COMPLETION.md,PRELAUNCH_PHASE5_ENAMAD_COMPLETION.md,stores_integrations,HISTORICAL,HISTORICAL,ARCHIVE_CANDIDATE,docs/archive/reports/PRELAUNCH_PHASE5_ENAMAD_COMPLETION.md,Phase-4 archive group B_implementation_reports; historical/superseded report/audit/reference with no canonical dependency,,,HIGH,0,0,LOW,B_implementation_reports,MEDIUM
docs/reports/PRELAUNCH_PHASES_1_5_FINAL_AUDIT.md,PRELAUNCH_PHASES_1_5_FINAL_AUDIT.md,cross_cutting,HISTORICAL,HISTORICAL,KEEP_HISTORICAL_REFERENCE,,Archive-group B_implementation_reports BUT referenced by 1 canonical/domain AKS doc(s); keep as historical reference to avoid breaking canonical links,,,HIGH,1,1,NONE,REFERENCED_BY_CANONICAL,MEDIUM
docs/reports/PRODUCT_ENTRY_FINAL_FUNCTIONAL_REPAIR_AUDIT.md,PRODUCT_ENTRY_FINAL_FUNCTIONAL_REPAIR_AUDIT.md,dashboard_merchant_admin,HISTORICAL,HISTORICAL,KEEP_HISTORICAL_REFERENCE,,Archive-group B_implementation_reports BUT referenced by 1 code/template/script reference(s); HIGH-RISK -> keep as historical reference (code paths must not be auto-changed),,,HIGH,0,1,NONE,CODE_REFERENCE_DO_NOT_CHANGE_AUTOMATICALLY,MEDIUM
docs/reports/PRODUCT_ENTRY_FINAL_IMPLEMENTATION_PLAN.md,PRODUCT_ENTRY_FINAL_IMPLEMENTATION_PLAN.md,dashboard_merchant_admin,PLAN_ONLY,PLAN_ONLY,ARCHIVE_CANDIDATE,docs/archive/reports/PRODUCT_ENTRY_FINAL_IMPLEMENTATION_PLAN.md,Phase-4 archive group B_implementation_reports; historical/superseded report/audit/reference with no canonical dependency,,,MEDIUM,0,0,LOW,B_implementation_reports,MEDIUM
docs/reports/PRODUCT_ENTRY_FINAL_PROTOTYPE_GAP_ANALYSIS.md,PRODUCT_ENTRY_FINAL_PROTOTYPE_GAP_ANALYSIS.md,dashboard_merchant_admin,HISTORICAL,HISTORICAL,ARCHIVE_CANDIDATE,docs/archive/reports/PRODUCT_ENTRY_FINAL_PROTOTYPE_GAP_ANALYSIS.md,Phase-4 archive group B_implementation_reports; historical/superseded report/audit/reference with no canonical dependency,,,HIGH,0,0,LOW,B_implementation_reports,MEDIUM
docs/reports/PRODUCT_ENTRY_FULL_PAGE_ROOT_CAUSE.md,PRODUCT_ENTRY_FULL_PAGE_ROOT_CAUSE.md,dashboard_merchant_admin,HISTORICAL,HISTORICAL,KEEP_HISTORICAL_REFERENCE,,Archive-group B_implementation_reports BUT referenced by 2 code/template/script reference(s); HIGH-RISK -> keep as historical reference (code paths must not be auto-changed),,,HIGH,0,2,NONE,CODE_REFERENCE_DO_NOT_CHANGE_AUTOMATICALLY,MEDIUM
docs/reports/REFERENCE_STOREFRONT_EDITABLE_TARGET.md,REFERENCE_STOREFRONT_EDITABLE_TARGET.md,storefront_presentation,HISTORICAL,HISTORICAL,KEEP_HISTORICAL_REFERENCE,,Historical/evidence doc (HISTORICAL) not in a Phase-4 archive group; retain as historical reference (conservative default),,,HIGH,0,0,NONE,,MEDIUM
docs/reports/SIX_FAMILIES_CONTROL_MATRIX.md,SIX_FAMILIES_CONTROL_MATRIX.md,cross_cutting,HISTORICAL,HISTORICAL,KEEP_HISTORICAL_REFERENCE,,Historical/evidence doc (HISTORICAL) not in a Phase-4 archive group; retain as historical reference (conservative default),,,HIGH,0,0,NONE,,MEDIUM
docs/reports/SIX_FAMILIES_VARIANT_WIRING_TRACE.md,SIX_FAMILIES_VARIANT_WIRING_TRACE.md,cross_cutting,HISTORICAL,HISTORICAL,KEEP_HISTORICAL_REFERENCE,,Historical/evidence doc (HISTORICAL) not in a Phase-4 archive group; retain as historical reference (conservative default),,,HIGH,0,0,NONE,,MEDIUM
docs/reports/STOREFRONT_BUILDER_V2_PHASE1_AUDIT.md,STOREFRONT_BUILDER_V2_PHASE1_AUDIT.md,storefront_presentation,HISTORICAL,HISTORICAL,KEEP_HISTORICAL_REFERENCE,,Historical/evidence doc (HISTORICAL) not in a Phase-4 archive group; retain as historical reference (conservative default),,,HIGH,0,0,NONE,,MEDIUM
docs/reports/STOREFRONT_TEMPLATE_AND_BUILDER_ARCHITECTURE_PLAN.md,STOREFRONT_TEMPLATE_AND_BUILDER_ARCHITECTURE_PLAN.md,storefront_presentation,PLAN_ONLY,PLAN_ONLY,DEFER_REVIEW,,Plan-only doc outside superpowers tree; completion unverified; defer to human review,,,MEDIUM,0,0,NONE,PLAN_COMPLETION_UNVERIFIED,LOW
docs/reports/STOREFRONT_TEMPLATE_AND_BUILDER_AUDIT.md,STOREFRONT_TEMPLATE_AND_BUILDER_AUDIT.md,storefront_presentation,HISTORICAL,HISTORICAL,KEEP_HISTORICAL_REFERENCE,,Historical/evidence doc (HISTORICAL) not in a Phase-4 archive group; retain as historical reference (conservative default),,,HIGH,0,1,NONE,,MEDIUM
docs/reports/STOREFRONT_TEMPLATE_AND_BUILDER_IMPLEMENTATION_ROADMAP.md,STOREFRONT_TEMPLATE_AND_BUILDER_IMPLEMENTATION_ROADMAP.md,storefront_presentation,PLAN_ONLY,PLAN_ONLY,DEFER_REVIEW,,Plan-only doc outside superpowers tree; completion unverified; defer to human review,,,MEDIUM,0,0,NONE,PLAN_COMPLETION_UNVERIFIED,LOW
docs/reports/STOREFRONT_VISUAL_BUILDER_AUDIT.md,STOREFRONT_VISUAL_BUILDER_AUDIT.md,storefront_presentation,HISTORICAL,HISTORICAL,KEEP_HISTORICAL_REFERENCE,,Historical/evidence doc (HISTORICAL) not in a Phase-4 archive group; retain as historical reference (conservative default),,,HIGH,0,4,NONE,,MEDIUM
docs/specs/RASTISI_STOREFRONT_BUILDER_FINAL_SPEC_V1_EN.md,RASTISI_STOREFRONT_BUILDER_FINAL_SPEC_V1_EN.md,storefront_presentation,DESIGN_INTENT,DESIGN_INTENT,KEEP_CANONICAL_SUPPORT,,DESIGN_INTENT doc supporting current architecture; retain as canonical support,,,SUPPORTS_CURRENT,2,2,NONE,,MEDIUM
docs/storefront_templates/dark_digital_v2_DESIGN_CONTRACT.md,dark_digital_v2_DESIGN_CONTRACT.md,storefront_presentation,DESIGN_INTENT,DESIGN_INTENT,KEEP_CANONICAL_SUPPORT,,DESIGN_INTENT doc supporting current architecture; retain as canonical support,,,SUPPORTS_CURRENT,0,0,NONE,,MEDIUM
docs/superpowers/plans/2026-08-30-admin-v22-live-builder.md,2026-08-30-admin-v22-live-builder.md,storefront_presentation,PLAN_ONLY,PLAN_ONLY,DEFER_REVIEW,,Superpowers plan/spec; completion state unverified in dry run; defer archive decision to human review,,,MEDIUM,0,0,NONE,PLAN_COMPLETION_UNVERIFIED,LOW
docs/superpowers/plans/2026-08-30-admin-v2-phase2-prototype-alignment.md,2026-08-30-admin-v2-phase2-prototype-alignment.md,dashboard_merchant_admin,PLAN_ONLY,PLAN_ONLY,DEFER_REVIEW,,Superpowers plan/spec; completion state unverified in dry run; defer archive decision to human review,,,MEDIUM,0,0,NONE,PLAN_COMPLETION_UNVERIFIED,LOW
docs/superpowers/plans/2026-08-30-claude-storefront-phase1-repair.md,2026-08-30-claude-storefront-phase1-repair.md,storefront_presentation,PLAN_ONLY,PLAN_ONLY,DEFER_REVIEW,,Superpowers plan/spec; completion state unverified in dry run; defer archive decision to human review,,,MEDIUM,0,0,NONE,PLAN_COMPLETION_UNVERIFIED,LOW
docs/superpowers/plans/2026-08-30-claude-storefront-phase1-repair-prompt.md,2026-08-30-claude-storefront-phase1-repair-prompt.md,storefront_presentation,PLAN_ONLY,PLAN_ONLY,DEFER_REVIEW,,Superpowers plan/spec; completion state unverified in dry run; defer archive decision to human review,,,MEDIUM,0,0,NONE,PLAN_COMPLETION_UNVERIFIED,LOW
docs/superpowers/plans/2026-08-31-storefront-builder-r4-phase0-phase1.md,2026-08-31-storefront-builder-r4-phase0-phase1.md,storefront_presentation,PLAN_ONLY,PLAN_ONLY,DEFER_REVIEW,,Superpowers plan/spec; completion state unverified in dry run; defer archive decision to human review,,,MEDIUM,0,0,NONE,PLAN_COMPLETION_UNVERIFIED,LOW
docs/superpowers/plans/2026-09-01-storefront-design-engine-50-templates-implementation.md,2026-09-01-storefront-design-engine-50-templates-implementation.md,storefront_presentation,PLAN_ONLY,PLAN_ONLY,DEFER_REVIEW,,Superpowers plan/spec; completion state unverified in dry run; defer archive decision to human review,,,MEDIUM,0,0,NONE,PLAN_COMPLETION_UNVERIFIED,LOW
docs/superpowers/plans/2026-09-02-storefront-design-engine-a8-50-template-dna.md,2026-09-02-storefront-design-engine-a8-50-template-dna.md,storefront_presentation,PLAN_ONLY,PLAN_ONLY,DEFER_REVIEW,,Superpowers plan/spec; completion state unverified in dry run; defer archive decision to human review,,,MEDIUM,0,0,NONE,PLAN_COMPLETION_UNVERIFIED,LOW
docs/superpowers/plans/2026-09-03-storefront-unified-implementation-roadmap.md,2026-09-03-storefront-unified-implementation-roadmap.md,storefront_presentation,PLAN_ONLY,PLAN_ONLY,DEFER_REVIEW,,Superpowers plan/spec; completion state unverified in dry run; defer archive decision to human review,,,MEDIUM,0,0,NONE,PLAN_COMPLETION_UNVERIFIED,LOW
docs/superpowers/plans/2026-09-03-template-switch-preservation-implementation-plan.md,2026-09-03-template-switch-preservation-implementation-plan.md,storefront_presentation,PLAN_ONLY,PLAN_ONLY,DEFER_REVIEW,,Superpowers plan/spec; completion state unverified in dry run; defer archive decision to human review,,,MEDIUM,0,0,NONE,PLAN_COMPLETION_UNVERIFIED,LOW
docs/superpowers/plans/2026-09-04-golden-reference-storefront-g1-plan.md,2026-09-04-golden-reference-storefront-g1-plan.md,storefront_presentation,PLAN_ONLY,PLAN_ONLY,DEFER_REVIEW,,Superpowers plan/spec; completion state unverified in dry run; defer archive decision to human review,,,MEDIUM,0,2,NONE,PLAN_COMPLETION_UNVERIFIED,LOW
docs/superpowers/plans/2026-09-04-golden-reference-storefront-g2-plan.md,2026-09-04-golden-reference-storefront-g2-plan.md,storefront_presentation,PLAN_ONLY,PLAN_ONLY,DEFER_REVIEW,,Superpowers plan/spec; completion state unverified in dry run; defer archive decision to human review,,,MEDIUM,0,1,NONE,PLAN_COMPLETION_UNVERIFIED,LOW
docs/superpowers/plans/2026-09-04-golden-reference-storefront-roadmap.md,2026-09-04-golden-reference-storefront-roadmap.md,storefront_presentation,PLAN_ONLY,PLAN_ONLY,DEFER_REVIEW,,Superpowers plan/spec; completion state unverified in dry run; defer archive decision to human review,,,MEDIUM,0,0,NONE,PLAN_COMPLETION_UNVERIFIED,LOW
docs/superpowers/plans/2026-09-05-storefront-appearance-phase1-architecture-authority-implementation-plan.md,2026-09-05-storefront-appearance-phase1-architecture-authority-implementation-plan.md,storefront_presentation,PLAN_ONLY,PLAN_ONLY,DEFER_REVIEW,,Superpowers plan/spec; completion state unverified in dry run; defer archive decision to human review,,,MEDIUM,0,2,NONE,PLAN_COMPLETION_UNVERIFIED,LOW
docs/superpowers/plans/2026-09-06-storefront-lifecycle-safety-phase2-implementation-plan.md,2026-09-06-storefront-lifecycle-safety-phase2-implementation-plan.md,storefront_presentation,PLAN_ONLY,PLAN_ONLY,DEFER_REVIEW,,Superpowers plan/spec; completion state unverified in dry run; defer archive decision to human review,,,MEDIUM,0,0,NONE,PLAN_COMPLETION_UNVERIFIED,LOW
docs/superpowers/plans/2026-09-06-storefront-vertical-slice-phase3-implementation-plan.md,2026-09-06-storefront-vertical-slice-phase3-implementation-plan.md,storefront_presentation,PLAN_ONLY,PLAN_ONLY,DEFER_REVIEW,,Superpowers plan/spec; completion state unverified in dry run; defer archive decision to human review,,,MEDIUM,0,0,NONE,PLAN_COMPLETION_UNVERIFIED,LOW
docs/superpowers/plans/2026-09-08-storefront-phase4-builder-legacy-convergence.md,2026-09-08-storefront-phase4-builder-legacy-convergence.md,storefront_presentation,PLAN_ONLY,PLAN_ONLY,DEFER_REVIEW,,Superpowers plan/spec; completion state unverified in dry run; defer archive decision to human review,,,MEDIUM,0,0,NONE,PLAN_COMPLETION_UNVERIFIED,LOW
docs/superpowers/plans/2026-09-11-phase5-design-expansion-implementation-plan.md,2026-09-11-phase5-design-expansion-implementation-plan.md,storefront_presentation,PLAN_ONLY,PLAN_ONLY,DEFER_REVIEW,,Superpowers plan/spec; completion state unverified in dry run; defer archive decision to human review,,,MEDIUM,0,0,NONE,PLAN_COMPLETION_UNVERIFIED,LOW
docs/superpowers/plans/2026-09-14-phase5-task6-storefront-showcase-facade-implementation-plan.md,2026-09-14-phase5-task6-storefront-showcase-facade-implementation-plan.md,storefront_presentation,PLAN_ONLY,PLAN_ONLY,DEFER_REVIEW,,Superpowers plan/spec; completion state unverified in dry run; defer archive decision to human review,,,MEDIUM,0,0,NONE,PLAN_COMPLETION_UNVERIFIED,LOW
docs/superpowers/plans/2026-09-15-phase5-converged-completion-plan.md,2026-09-15-phase5-converged-completion-plan.md,cross_cutting,PLAN_ONLY,PLAN_ONLY,DEFER_REVIEW,,Superpowers plan/spec; completion state unverified in dry run; defer archive decision to human review,,,MEDIUM,0,0,NONE,PLAN_COMPLETION_UNVERIFIED,LOW
docs/superpowers/plans/2026-09-16-phase5-w4a-public-shell-convergence-implementation.md,2026-09-16-phase5-w4a-public-shell-convergence-implementation.md,cross_cutting,PLAN_ONLY,PLAN_ONLY,DEFER_REVIEW,,Superpowers plan/spec; completion state unverified in dry run; defer archive decision to human review,,,MEDIUM,0,0,NONE,PLAN_COMPLETION_UNVERIFIED,LOW
docs/superpowers/plans/2026-09-16-phase5-w4b-50-template-curation-implementation.md,2026-09-16-phase5-w4b-50-template-curation-implementation.md,storefront_presentation,PLAN_ONLY,PLAN_ONLY,DEFER_REVIEW,,Superpowers plan/spec; completion state unverified in dry run; defer archive decision to human review,,,MEDIUM,0,0,NONE,PLAN_COMPLETION_UNVERIFIED,LOW
docs/superpowers/plans/2026-09-17-phase5-w4c-all50-browser-certification.md,2026-09-17-phase5-w4c-all50-browser-certification.md,cross_cutting,PLAN_ONLY,PLAN_ONLY,DEFER_REVIEW,,Superpowers plan/spec; completion state unverified in dry run; defer archive decision to human review,,,MEDIUM,0,1,NONE,PLAN_COMPLETION_UNVERIFIED,LOW
docs/superpowers/plans/2026-09-19-phase5-w5a-canonical-editor-safety.md,2026-09-19-phase5-w5a-canonical-editor-safety.md,cross_cutting,PLAN_ONLY,PLAN_ONLY,DEFER_REVIEW,,Superpowers plan/spec; completion state unverified in dry run; defer archive decision to human review,,,MEDIUM,0,0,NONE,PLAN_COMPLETION_UNVERIFIED,LOW
docs/superpowers/plans/2026-09-19-phase5-w5b-mobile-bottom-nav-r4-parity.md,2026-09-19-phase5-w5b-mobile-bottom-nav-r4-parity.md,cross_cutting,PLAN_ONLY,PLAN_ONLY,DEFER_REVIEW,,Superpowers plan/spec; completion state unverified in dry run; defer archive decision to human review,,,MEDIUM,0,1,NONE,PLAN_COMPLETION_UNVERIFIED,LOW
docs/superpowers/plans/2026-09-19-phase5-w5c-ready-template-preview-ux.md,2026-09-19-phase5-w5c-ready-template-preview-ux.md,storefront_presentation,PLAN_ONLY,PLAN_ONLY,DEFER_REVIEW,,Superpowers plan/spec; completion state unverified in dry run; defer archive decision to human review,,,MEDIUM,0,0,NONE,PLAN_COMPLETION_UNVERIFIED,LOW
docs/superpowers/plans/2026-09-19-phase5-w5-merchant-design-experience-discovery.md,2026-09-19-phase5-w5-merchant-design-experience-discovery.md,storefront_presentation,PLAN_ONLY,PLAN_ONLY,DEFER_REVIEW,,Superpowers plan/spec; completion state unverified in dry run; defer archive decision to human review,,,MEDIUM,0,0,NONE,PLAN_COMPLETION_UNVERIFIED,LOW
docs/superpowers/specs/2026-08-30-claude-storefront-phase1-repair-design.md,2026-08-30-claude-storefront-phase1-repair-design.md,storefront_presentation,DESIGN_INTENT,DESIGN_INTENT,DEFER_REVIEW,,Superpowers plan/spec; completion state unverified in dry run; defer archive decision to human review,,,LOW,0,0,NONE,PLAN_COMPLETION_UNVERIFIED,LOW
docs/superpowers/specs/2026-08-31-storefront-builder-r4-design.md,2026-08-31-storefront-builder-r4-design.md,storefront_presentation,DESIGN_INTENT,DESIGN_INTENT,DEFER_REVIEW,,Superpowers plan/spec; completion state unverified in dry run; defer archive decision to human review,,,LOW,0,0,NONE,PLAN_COMPLETION_UNVERIFIED,LOW
docs/superpowers/specs/2026-09-01-storefront-design-engine-50-templates-design.md,2026-09-01-storefront-design-engine-50-templates-design.md,storefront_presentation,DESIGN_INTENT,DESIGN_INTENT,DEFER_REVIEW,,Superpowers plan/spec; completion state unverified in dry run; defer archive decision to human review,,,LOW,0,0,NONE,PLAN_COMPLETION_UNVERIFIED,LOW
docs/superpowers/specs/2026-09-03-rastisi-storefront-builder-product-architecture.md,2026-09-03-rastisi-storefront-builder-product-architecture.md,storefront_presentation,DESIGN_INTENT,DESIGN_INTENT,DEFER_REVIEW,,Superpowers plan/spec; completion state unverified in dry run; defer archive decision to human review,,,LOW,0,0,NONE,PLAN_COMPLETION_UNVERIFIED,LOW
docs/superpowers/specs/2026-09-03-rastisi-storefront-builder-unified-architecture-design.md,2026-09-03-rastisi-storefront-builder-unified-architecture-design.md,storefront_presentation,DESIGN_INTENT,DESIGN_INTENT,DEFER_REVIEW,,Superpowers plan/spec; completion state unverified in dry run; defer archive decision to human review,,,LOW,0,0,NONE,PLAN_COMPLETION_UNVERIFIED,LOW
docs/superpowers/specs/2026-09-04-golden-reference-storefront-design.md,2026-09-04-golden-reference-storefront-design.md,storefront_presentation,DESIGN_INTENT,DESIGN_INTENT,DEFER_REVIEW,,Superpowers plan/spec; completion state unverified in dry run; defer archive decision to human review,,,LOW,0,1,NONE,PLAN_COMPLETION_UNVERIFIED,LOW
docs/superpowers/specs/2026-09-05-storefront-appearance-convergence-5-phase-design.md,2026-09-05-storefront-appearance-convergence-5-phase-design.md,storefront_presentation,DESIGN_INTENT,DESIGN_INTENT,DEFER_REVIEW,,Superpowers plan/spec; completion state unverified in dry run; defer archive decision to human review,,,LOW,0,0,NONE,PLAN_COMPLETION_UNVERIFIED,LOW
docs/superpowers/specs/2026-09-06-storefront-lifecycle-safety-phase2-design.md,2026-09-06-storefront-lifecycle-safety-phase2-design.md,storefront_presentation,DESIGN_INTENT,DESIGN_INTENT,DEFER_REVIEW,,Superpowers plan/spec; completion state unverified in dry run; defer archive decision to human review,,,LOW,0,0,NONE,PLAN_COMPLETION_UNVERIFIED,LOW
docs/superpowers/specs/2026-09-06-storefront-vertical-slice-phase3-design.md,2026-09-06-storefront-vertical-slice-phase3-design.md,storefront_presentation,DESIGN_INTENT,DESIGN_INTENT,DEFER_REVIEW,,Superpowers plan/spec; completion state unverified in dry run; defer archive decision to human review,,,LOW,0,0,NONE,PLAN_COMPLETION_UNVERIFIED,LOW
docs/superpowers/specs/2026-09-11-phase5-50-template-dna-design-lab-charter.md,2026-09-11-phase5-50-template-dna-design-lab-charter.md,storefront_presentation,DESIGN_INTENT,DESIGN_INTENT,DEFER_REVIEW,,Superpowers plan/spec; completion state unverified in dry run; defer archive decision to human review,,,LOW,0,0,NONE,PLAN_COMPLETION_UNVERIFIED,LOW
docs/superpowers/specs/2026-09-11-phase5-design-expansion-charter.md,2026-09-11-phase5-design-expansion-charter.md,storefront_presentation,DESIGN_INTENT,DESIGN_INTENT,DEFER_REVIEW,,Superpowers plan/spec; completion state unverified in dry run; defer archive decision to human review,,,LOW,0,0,NONE,PLAN_COMPLETION_UNVERIFIED,LOW
docs/superpowers/specs/2026-09-11-phase5-onboarding-demo-contextual-editor-charter.md,2026-09-11-phase5-onboarding-demo-contextual-editor-charter.md,cross_cutting,DESIGN_INTENT,DESIGN_INTENT,DEFER_REVIEW,,Superpowers plan/spec; completion state unverified in dry run; defer archive decision to human review,,,LOW,0,0,NONE,PLAN_COMPLETION_UNVERIFIED,LOW
docs/superpowers/specs/2026-09-14-phase5-task6-storefront-showcase-facade-design.md,2026-09-14-phase5-task6-storefront-showcase-facade-design.md,storefront_presentation,DESIGN_INTENT,DESIGN_INTENT,DEFER_REVIEW,,Superpowers plan/spec; completion state unverified in dry run; defer archive decision to human review,,,LOW,0,0,NONE,PLAN_COMPLETION_UNVERIFIED,LOW
docs/superpowers/specs/2026-09-16-phase5-w4a-public-shell-convergence-design.md,2026-09-16-phase5-w4a-public-shell-convergence-design.md,storefront_presentation,DESIGN_INTENT,DESIGN_INTENT,DEFER_REVIEW,,Superpowers plan/spec; completion state unverified in dry run; defer archive decision to human review,,,LOW,0,1,NONE,PLAN_COMPLETION_UNVERIFIED,LOW
docs/superpowers/specs/2026-09-16-phase5-w4b-50-template-curation-design.md,2026-09-16-phase5-w4b-50-template-curation-design.md,storefront_presentation,DESIGN_INTENT,DESIGN_INTENT,DEFER_REVIEW,,Superpowers plan/spec; completion state unverified in dry run; defer archive decision to human review,,,LOW,0,1,NONE,PLAN_COMPLETION_UNVERIFIED,LOW
docs/template-references/lightweight-package-reference/RastiSi_Lightweight_Five_Template_Spec/CLAUDE_CODE_MASTER_PROMPT_LIGHTWEIGHT.md,CLAUDE_CODE_MASTER_PROMPT_LIGHTWEIGHT.md,storefront_presentation,EVIDENCE_ONLY,EVIDENCE_ONLY,ARCHIVE_CANDIDATE,docs/archive/template-references/lightweight-package-reference/RastiSi_Lightweight_Five_Template_Spec/CLAUDE_CODE_MASTER_PROMPT_LIGHTWEIGHT.md,Phase-4 archive group D_reference_material; historical/superseded report/audit/reference with no canonical dependency,,,MEDIUM,0,0,LOW,D_reference_material,MEDIUM
docs/template-references/lightweight-package-reference/RastiSi_Lightweight_Five_Template_Spec/IMPLEMENTATION_SPEC_FA.md,IMPLEMENTATION_SPEC_FA.md,storefront_presentation,EVIDENCE_ONLY,EVIDENCE_ONLY,ARCHIVE_CANDIDATE,docs/archive/template-references/lightweight-package-reference/RastiSi_Lightweight_Five_Template_Spec/IMPLEMENTATION_SPEC_FA.md,Phase-4 archive group D_reference_material; historical/superseded report/audit/reference with no canonical dependency,,,MEDIUM,0,0,LOW,D_reference_material,MEDIUM
docs/template-references/lightweight-package-reference/RastiSi_Lightweight_Five_Template_Spec/README_FIRST_FA.md,README_FIRST_FA.md,storefront_presentation,EVIDENCE_ONLY,EVIDENCE_ONLY,ARCHIVE_CANDIDATE,docs/archive/template-references/lightweight-package-reference/RastiSi_Lightweight_Five_Template_Spec/README_FIRST_FA.md,Phase-4 archive group D_reference_material; historical/superseded report/audit/reference with no canonical dependency,,,MEDIUM,0,0,LOW,D_reference_material,MEDIUM
docs/template-references/live-audit/00_REPOSITORY_BASELINE.md,00_REPOSITORY_BASELINE.md,storefront_presentation,EVIDENCE_ONLY,EVIDENCE_ONLY,ARCHIVE_CANDIDATE,docs/archive/template-references/live-audit/00_REPOSITORY_BASELINE.md,Phase-4 archive group D_reference_material; historical/superseded report/audit/reference with no canonical dependency,,,MEDIUM,0,0,LOW,D_reference_material,MEDIUM
docs/template-references/live-audit/01_REPOSITORY_ARCHITECTURE_AND_GAPS.md,01_REPOSITORY_ARCHITECTURE_AND_GAPS.md,storefront_presentation,EVIDENCE_ONLY,EVIDENCE_ONLY,ARCHIVE_CANDIDATE,docs/archive/template-references/live-audit/01_REPOSITORY_ARCHITECTURE_AND_GAPS.md,Phase-4 archive group D_reference_material; historical/superseded report/audit/reference with no canonical dependency,,,MEDIUM,0,0,LOW,D_reference_material,MEDIUM
docs/template-references/live-audit/02_BERAITO_VIBRANT_CATALOG_AUDIT.md,02_BERAITO_VIBRANT_CATALOG_AUDIT.md,storefront_presentation,EVIDENCE_ONLY,EVIDENCE_ONLY,ARCHIVE_CANDIDATE,docs/archive/template-references/live-audit/02_BERAITO_VIBRANT_CATALOG_AUDIT.md,Phase-4 archive group D_reference_material; historical/superseded report/audit/reference with no canonical dependency,,,MEDIUM,0,0,LOW,D_reference_material,MEDIUM
docs/template-references/live-audit/03_CACTUS_HERITAGE_PREMIUM_AUDIT.md,03_CACTUS_HERITAGE_PREMIUM_AUDIT.md,storefront_presentation,EVIDENCE_ONLY,EVIDENCE_ONLY,ARCHIVE_CANDIDATE,docs/archive/template-references/live-audit/03_CACTUS_HERITAGE_PREMIUM_AUDIT.md,Phase-4 archive group D_reference_material; historical/superseded report/audit/reference with no canonical dependency,,,MEDIUM,0,0,LOW,D_reference_material,MEDIUM
docs/template-references/live-audit/04_DEEYAR_ARTISAN_EDITORIAL_AUDIT.md,04_DEEYAR_ARTISAN_EDITORIAL_AUDIT.md,storefront_presentation,EVIDENCE_ONLY,EVIDENCE_ONLY,ARCHIVE_CANDIDATE,docs/archive/template-references/live-audit/04_DEEYAR_ARTISAN_EDITORIAL_AUDIT.md,Phase-4 archive group D_reference_material; historical/superseded report/audit/reference with no canonical dependency,,,MEDIUM,0,0,LOW,D_reference_material,MEDIUM
docs/template-references/live-audit/05_IBOLAK_MODERN_FASHION_AUDIT.md,05_IBOLAK_MODERN_FASHION_AUDIT.md,storefront_presentation,EVIDENCE_ONLY,EVIDENCE_ONLY,ARCHIVE_CANDIDATE,docs/archive/template-references/live-audit/05_IBOLAK_MODERN_FASHION_AUDIT.md,Phase-4 archive group D_reference_material; historical/superseded report/audit/reference with no canonical dependency,,,MEDIUM,0,0,LOW,D_reference_material,MEDIUM
docs/template-references/live-audit/06_IKALAJAM_NORDIC_LIVING_AUDIT.md,06_IKALAJAM_NORDIC_LIVING_AUDIT.md,storefront_presentation,EVIDENCE_ONLY,EVIDENCE_ONLY,ARCHIVE_CANDIDATE,docs/archive/template-references/live-audit/06_IKALAJAM_NORDIC_LIVING_AUDIT.md,Phase-4 archive group D_reference_material; historical/superseded report/audit/reference with no canonical dependency,,,MEDIUM,0,0,LOW,D_reference_material,MEDIUM
docs/template-references/live-audit/07_CROSS_REFERENCE_MATRIX.md,07_CROSS_REFERENCE_MATRIX.md,storefront_presentation,EVIDENCE_ONLY,EVIDENCE_ONLY,ARCHIVE_CANDIDATE,docs/archive/template-references/live-audit/07_CROSS_REFERENCE_MATRIX.md,Phase-4 archive group D_reference_material; historical/superseded report/audit/reference with no canonical dependency,,,MEDIUM,0,0,LOW,D_reference_material,MEDIUM
docs/template-references/live-audit/08_TARGET_ARCHITECTURE_AND_FILE_PLAN.md,08_TARGET_ARCHITECTURE_AND_FILE_PLAN.md,storefront_presentation,EVIDENCE_ONLY,EVIDENCE_ONLY,ARCHIVE_CANDIDATE,docs/archive/template-references/live-audit/08_TARGET_ARCHITECTURE_AND_FILE_PLAN.md,Phase-4 archive group D_reference_material; historical/superseded report/audit/reference with no canonical dependency,,,MEDIUM,0,0,LOW,D_reference_material,MEDIUM
docs/template-references/live-audit/09_QUESTIONS_FOR_OWNER_FA.md,09_QUESTIONS_FOR_OWNER_FA.md,storefront_presentation,EVIDENCE_ONLY,EVIDENCE_ONLY,ARCHIVE_CANDIDATE,docs/archive/template-references/live-audit/09_QUESTIONS_FOR_OWNER_FA.md,Phase-4 archive group D_reference_material; historical/superseded report/audit/reference with no canonical dependency,,,MEDIUM,0,0,LOW,D_reference_material,MEDIUM
docs/template-references/live-audit/10_OWNER_DECISION_LOG.md,10_OWNER_DECISION_LOG.md,storefront_presentation,EVIDENCE_ONLY,EVIDENCE_ONLY,ARCHIVE_CANDIDATE,docs/archive/template-references/live-audit/10_OWNER_DECISION_LOG.md,Phase-4 archive group D_reference_material; historical/superseded report/audit/reference with no canonical dependency,,,MEDIUM,0,0,LOW,D_reference_material,MEDIUM
docs/template-references/live-audit/11_REFERENCE_FIDELITY_GAP_ANALYSIS.md,11_REFERENCE_FIDELITY_GAP_ANALYSIS.md,storefront_presentation,EVIDENCE_ONLY,EVIDENCE_ONLY,ARCHIVE_CANDIDATE,docs/archive/template-references/live-audit/11_REFERENCE_FIDELITY_GAP_ANALYSIS.md,Phase-4 archive group D_reference_material; historical/superseded report/audit/reference with no canonical dependency,,,MEDIUM,0,0,LOW,D_reference_material,MEDIUM
docs/third_party/FRONTEND_DESIGN_PLUGIN_NOTICE.md,FRONTEND_DESIGN_PLUGIN_NOTICE.md,storefront_presentation,SUPPORTING,SUPPORTING,DO_NOT_TOUCH_LEGAL_OR_EXTERNAL,,Third-party / license / vendored external asset; retain untouched for compliance,,,EXTERNAL,0,0,NONE,LEGAL_OR_EXTERNAL,HIGH
docs/third_party/UI_UX_PRO_MAX_PALETTES_NOTICE.md,UI_UX_PRO_MAX_PALETTES_NOTICE.md,cross_cutting,SUPPORTING,SUPPORTING,DO_NOT_TOUCH_LEGAL_OR_EXTERNAL,,Third-party / license / vendored external asset; retain untouched for compliance,,,EXTERNAL,0,0,NONE,LEGAL_OR_EXTERNAL,HIGH
docs/third_party/UI_UX_PRO_MAX_SKILL_NOTICE.md,UI_UX_PRO_MAX_SKILL_NOTICE.md,cross_cutting,SUPPORTING,SUPPORTING,DO_NOT_TOUCH_LEGAL_OR_EXTERNAL,,Third-party / license / vendored external asset; retain untouched for compliance,,,EXTERNAL,0,1,NONE,LEGAL_OR_EXTERNAL,HIGH
docs/qa_evidence/** (png/webp/js/html/json/css assets beyond 340 textual),css assets beyond 340 textual),COLLECTION:storefront_presentation,COLLECTION,COLLECTION,ARCHIVE_CANDIDATE,docs/archive/qa_evidence/**,Binary/asset collection with no canonical runtime relevance; bundle-archive with provenance,,,LOW,0,0,LOW,COLLECTION_ASSET_BUNDLE,MEDIUM
docs/reference-kits/** assets,** assets,COLLECTION:storefront_presentation,COLLECTION,COLLECTION,ARCHIVE_CANDIDATE,docs/archive/reference-kits/**,Binary/asset collection with no canonical runtime relevance; bundle-archive with provenance,,,LOW,0,0,LOW,COLLECTION_ASSET_BUNDLE,MEDIUM
docs/references/beraito-exact-frontend-v5/** assets,** assets,COLLECTION:storefront_presentation,COLLECTION,COLLECTION,ARCHIVE_CANDIDATE,docs/archive/references/beraito-exact-frontend-v5/**,Binary/asset collection with no canonical runtime relevance; bundle-archive with provenance,,,LOW,0,0,LOW,COLLECTION_ASSET_BUNDLE,MEDIUM
docs/template-references/** assets,** assets,COLLECTION:storefront_presentation,COLLECTION,COLLECTION,ARCHIVE_CANDIDATE,docs/archive/template-references/**,Binary/asset collection with no canonical runtime relevance; bundle-archive with provenance,,,LOW,0,0,LOW,COLLECTION_ASSET_BUNDLE,MEDIUM
docs/prototypes/** assets,** assets,COLLECTION:dashboard_merchant_admin,COLLECTION,COLLECTION,ARCHIVE_CANDIDATE,docs/archive/prototypes/**,Binary/asset collection with no canonical runtime relevance; bundle-archive with provenance,,,LOW,0,0,LOW,COLLECTION_ASSET_BUNDLE,MEDIUM
docs/docs/product/Final Result At Last/** (novinshop+rastisi-site html/js/css),css),COLLECTION:platform_wide,COLLECTION,COLLECTION,ARCHIVE_CANDIDATE,docs/archive/docs/product/Final Result At Last/**,Binary/asset collection with no canonical runtime relevance; bundle-archive with provenance,,,LOW,0,0,LOW,COLLECTION_ASSET_BUNDLE,MEDIUM
