collection_source,tracked_path,path_type,effective_disposition,proposed_target,protected_reason,safe_for_move,batch
docs/qa_evidence/** (png/webp/js/html/json/css assets beyond 340 textual),docs/qa_evidence/phase5_uiux_agent_foundation/fresh_session_runtime_acceptance.md,file,ARCHIVE_CANDIDATE,docs/archive/qa_evidence/phase5_uiux_agent_foundation/fresh_session_runtime_acceptance.md,,TRUE,A
docs/qa_evidence/** (png/webp/js/html/json/css assets beyond 340 textual),docs/qa_evidence/phase5_uiux_agent_foundation/frontend_design_cloud_load_diagnostic.md,file,ARCHIVE_CANDIDATE,docs/archive/qa_evidence/phase5_uiux_agent_foundation/frontend_design_cloud_load_diagnostic.md,,TRUE,A
docs/qa_evidence/** (png/webp/js/html/json/css assets beyond 340 textual),docs/qa_evidence/phase5_uiux_agent_foundation/read_only_design_review_smoke_test.md,file,ARCHIVE_CANDIDATE,docs/archive/qa_evidence/phase5_uiux_agent_foundation/read_only_design_review_smoke_test.md,,TRUE,A
docs/qa_evidence/** (png/webp/js/html/json/css assets beyond 340 textual),docs/qa_evidence/ready_template_previews/dark_digital/fullpage/home_desktop_full.jpg,file,ARCHIVE_CANDIDATE,docs/archive/qa_evidence/ready_template_previews/dark_digital/fullpage/home_desktop_full.jpg,,TRUE,A
docs/qa_evidence/** (png/webp/js/html/json/css assets beyond 340 textual),docs/qa_evidence/ready_template_previews/dark_digital/fullpage/home_mobile_full.jpg,file,ARCHIVE_CANDIDATE,docs/archive/qa_evidence/ready_template_previews/dark_digital/fullpage/home_mobile_full.jpg,,TRUE,A
docs/qa_evidence/** (png/webp/js/html/json/css assets beyond 340 textual),docs/qa_evidence/ready_template_previews/dark_digital/home_mobile.jpg,file,ARCHIVE_CANDIDATE,docs/archive/qa_evidence/ready_template_previews/dark_digital/home_mobile.jpg,,TRUE,A
docs/qa_evidence/** (png/webp/js/html/json/css assets beyond 340 textual),docs/qa_evidence/ready_template_previews/dark_digital/listing_desktop.jpg,file,ARCHIVE_CANDIDATE,docs/archive/qa_evidence/ready_template_previews/dark_digital/listing_desktop.jpg,,TRUE,A
docs/qa_evidence/** (png/webp/js/html/json/css assets beyond 340 textual),docs/qa_evidence/ready_template_previews/dark_digital/pdp_desktop.jpg,file,ARCHIVE_CANDIDATE,docs/archive/qa_evidence/ready_template_previews/dark_digital/pdp_desktop.jpg,,TRUE,A
docs/qa_evidence/** (png/webp/js/html/json/css assets beyond 340 textual),docs/qa_evidence/ready_template_previews/dense_marketplace/fullpage/home_desktop_full.jpg,file,ARCHIVE_CANDIDATE,docs/archive/qa_evidence/ready_template_previews/dense_marketplace/fullpage/home_desktop_full.jpg,,TRUE,A
docs/qa_evidence/** (png/webp/js/html/json/css assets beyond 340 textual),docs/qa_evidence/ready_template_previews/dense_marketplace/fullpage/home_mobile_full.jpg,file,ARCHIVE_CANDIDATE,docs/archive/qa_evidence/ready_template_previews/dense_marketplace/fullpage/home_mobile_full.jpg,,TRUE,A
docs/qa_evidence/** (png/webp/js/html/json/css assets beyond 340 textual),docs/qa_evidence/ready_template_previews/dense_marketplace/home_mobile.jpg,file,ARCHIVE_CANDIDATE,docs/archive/qa_evidence/ready_template_previews/dense_marketplace/home_mobile.jpg,,TRUE,A
docs/qa_evidence/** (png/webp/js/html/json/css assets beyond 340 textual),docs/qa_evidence/ready_template_previews/dense_marketplace/listing_desktop.jpg,file,ARCHIVE_CANDIDATE,docs/archive/qa_evidence/ready_template_previews/dense_marketplace/listing_desktop.jpg,,TRUE,A
docs/qa_evidence/** (png/webp/js/html/json/css assets beyond 340 textual),docs/qa_evidence/ready_template_previews/dense_marketplace/pdp_desktop.jpg,file,ARCHIVE_CANDIDATE,docs/archive/qa_evidence/ready_template_previews/dense_marketplace/pdp_desktop.jpg,,TRUE,A
docs/qa_evidence/** (png/webp/js/html/json/css assets beyond 340 textual),docs/qa_evidence/ready_template_previews/editorial_jewelry/fullpage/home_desktop_full.jpg,file,ARCHIVE_CANDIDATE,docs/archive/qa_evidence/ready_template_previews/editorial_jewelry/fullpage/home_desktop_full.jpg,,TRUE,A
docs/qa_evidence/** (png/webp/js/html/json/css assets beyond 340 textual),docs/qa_evidence/ready_template_previews/editorial_jewelry/fullpage/home_mobile_full.jpg,file,ARCHIVE_CANDIDATE,docs/archive/qa_evidence/ready_template_previews/editorial_jewelry/fullpage/home_mobile_full.jpg,,TRUE,A
docs/qa_evidence/** (png/webp/js/html/json/css assets beyond 340 textual),docs/qa_evidence/ready_template_previews/editorial_jewelry/home_mobile.jpg,file,ARCHIVE_CANDIDATE,docs/archive/qa_evidence/ready_template_previews/editorial_jewelry/home_mobile.jpg,,TRUE,A
docs/qa_evidence/** (png/webp/js/html/json/css assets beyond 340 textual),docs/qa_evidence/ready_template_previews/editorial_jewelry/listing_desktop.jpg,file,ARCHIVE_CANDIDATE,docs/archive/qa_evidence/ready_template_previews/editorial_jewelry/listing_desktop.jpg,,TRUE,A
docs/qa_evidence/** (png/webp/js/html/json/css assets beyond 340 textual),docs/qa_evidence/ready_template_previews/editorial_jewelry/pdp_desktop.jpg,file,ARCHIVE_CANDIDATE,docs/archive/qa_evidence/ready_template_previews/editorial_jewelry/pdp_desktop.jpg,,TRUE,A
docs/qa_evidence/** (png/webp/js/html/json/css assets beyond 340 textual),docs/qa_evidence/ready_template_previews/fashion_promo_catalog/home_mobile.jpg,file,ARCHIVE_CANDIDATE,docs/archive/qa_evidence/ready_template_previews/fashion_promo_catalog/home_mobile.jpg,,TRUE,A
docs/qa_evidence/** (png/webp/js/html/json/css assets beyond 340 textual),docs/qa_evidence/ready_template_previews/fashion_promo_catalog/listing_desktop.jpg,file,ARCHIVE_CANDIDATE,docs/archive/qa_evidence/ready_template_previews/fashion_promo_catalog/listing_desktop.jpg,,TRUE,A
docs/qa_evidence/** (png/webp/js/html/json/css assets beyond 340 textual),docs/qa_evidence/ready_template_previews/fashion_promo_catalog/pdp_desktop.jpg,file,ARCHIVE_CANDIDATE,docs/archive/qa_evidence/ready_template_previews/fashion_promo_catalog/pdp_desktop.jpg,,TRUE,A
docs/qa_evidence/** (png/webp/js/html/json/css assets beyond 340 textual),docs/qa_evidence/ready_template_previews/playful_lifestyle/home_mobile.jpg,file,ARCHIVE_CANDIDATE,docs/archive/qa_evidence/ready_template_previews/playful_lifestyle/home_mobile.jpg,,TRUE,A
docs/qa_evidence/** (png/webp/js/html/json/css assets beyond 340 textual),docs/qa_evidence/ready_template_previews/playful_lifestyle/listing_desktop.jpg,file,ARCHIVE_CANDIDATE,docs/archive/qa_evidence/ready_template_previews/playful_lifestyle/listing_desktop.jpg,,TRUE,A
docs/qa_evidence/** (png/webp/js/html/json/css assets beyond 340 textual),docs/qa_evidence/ready_template_previews/playful_lifestyle/pdp_desktop.jpg,file,ARCHIVE_CANDIDATE,docs/archive/qa_evidence/ready_template_previews/playful_lifestyle/pdp_desktop.jpg,,TRUE,A
docs/qa_evidence/** (png/webp/js/html/json/css assets beyond 340 textual),docs/qa_evidence/ready_template_previews/premium_leather/home_mobile.jpg,file,ARCHIVE_CANDIDATE,docs/archive/qa_evidence/ready_template_previews/premium_leather/home_mobile.jpg,,TRUE,A
docs/qa_evidence/** (png/webp/js/html/json/css assets beyond 340 textual),docs/qa_evidence/ready_template_previews/premium_leather/listing_desktop.jpg,file,ARCHIVE_CANDIDATE,docs/archive/qa_evidence/ready_template_previews/premium_leather/listing_desktop.jpg,,TRUE,A
docs/qa_evidence/** (png/webp/js/html/json/css assets beyond 340 textual),docs/qa_evidence/ready_template_previews/premium_leather/pdp_desktop.jpg,file,ARCHIVE_CANDIDATE,docs/archive/qa_evidence/ready_template_previews/premium_leather/pdp_desktop.jpg,,TRUE,A
docs/qa_evidence/** (png/webp/js/html/json/css assets beyond 340 textual),docs/qa_evidence/ready_template_previews/utility_catalog/home_mobile.jpg,file,ARCHIVE_CANDIDATE,docs/archive/qa_evidence/ready_template_previews/utility_catalog/home_mobile.jpg,,TRUE,A
docs/qa_evidence/** (png/webp/js/html/json/css assets beyond 340 textual),docs/qa_evidence/ready_template_previews/utility_catalog/listing_desktop.jpg,file,ARCHIVE_CANDIDATE,docs/archive/qa_evidence/ready_template_previews/utility_catalog/listing_desktop.jpg,,TRUE,A
docs/qa_evidence/** (png/webp/js/html/json/css assets beyond 340 textual),docs/qa_evidence/ready_template_previews/utility_catalog/pdp_desktop.jpg,file,ARCHIVE_CANDIDATE,docs/archive/qa_evidence/ready_template_previews/utility_catalog/pdp_desktop.jpg,,TRUE,A
docs/qa_evidence/** (png/webp/js/html/json/css assets beyond 340 textual),docs/qa_evidence/ready_template_previews/warm_boutique/home_mobile.jpg,file,ARCHIVE_CANDIDATE,docs/archive/qa_evidence/ready_template_previews/warm_boutique/home_mobile.jpg,,TRUE,A
docs/qa_evidence/** (png/webp/js/html/json/css assets beyond 340 textual),docs/qa_evidence/ready_template_previews/warm_boutique/listing_desktop.jpg,file,ARCHIVE_CANDIDATE,docs/archive/qa_evidence/ready_template_previews/warm_boutique/listing_desktop.jpg,,TRUE,A
docs/qa_evidence/** (png/webp/js/html/json/css assets beyond 340 textual),docs/qa_evidence/ready_template_previews/warm_boutique/pdp_desktop.jpg,file,ARCHIVE_CANDIDATE,docs/archive/qa_evidence/ready_template_previews/warm_boutique/pdp_desktop.jpg,,TRUE,A
docs/qa_evidence/** (png/webp/js/html/json/css assets beyond 340 textual),docs/qa_evidence/site_target_overhaul/ibolak/home_comparison/current_render.webp,file,ARCHIVE_CANDIDATE,docs/archive/qa_evidence/site_target_overhaul/ibolak/home_comparison/current_render.webp,,TRUE,A
docs/qa_evidence/** (png/webp/js/html/json/css assets beyond 340 textual),docs/qa_evidence/site_target_overhaul/ibolak/home_comparison/reference.jpg,file,ARCHIVE_CANDIDATE,docs/archive/qa_evidence/site_target_overhaul/ibolak/home_comparison/reference.jpg,,TRUE,A
docs/qa_evidence/** (png/webp/js/html/json/css assets beyond 340 textual),docs/qa_evidence/site_target_overhaul/ibolak/home_comparison/side_by_side.jpg,file,ARCHIVE_CANDIDATE,docs/archive/qa_evidence/site_target_overhaul/ibolak/home_comparison/side_by_side.jpg,,TRUE,A
docs/qa_evidence/** (png/webp/js/html/json/css assets beyond 340 textual),docs/qa_evidence/site_target_overhaul/ibolak/home_final/category_compare.jpg,file,ARCHIVE_CANDIDATE,docs/archive/qa_evidence/site_target_overhaul/ibolak/home_final/category_compare.jpg,,TRUE,A
docs/qa_evidence/** (png/webp/js/html/json/css assets beyond 340 textual),docs/qa_evidence/site_target_overhaul/ibolak/home_final/footer_compare.jpg,file,ARCHIVE_CANDIDATE,docs/archive/qa_evidence/site_target_overhaul/ibolak/home_final/footer_compare.jpg,,TRUE,A
docs/qa_evidence/** (png/webp/js/html/json/css assets beyond 340 textual),docs/qa_evidence/site_target_overhaul/ibolak/home_final/full_current.jpg,file,ARCHIVE_CANDIDATE,docs/archive/qa_evidence/site_target_overhaul/ibolak/home_final/full_current.jpg,,TRUE,A
docs/qa_evidence/** (png/webp/js/html/json/css assets beyond 340 textual),docs/qa_evidence/site_target_overhaul/ibolak/home_final/full_reference.jpg,file,ARCHIVE_CANDIDATE,docs/archive/qa_evidence/site_target_overhaul/ibolak/home_final/full_reference.jpg,,TRUE,A
docs/qa_evidence/** (png/webp/js/html/json/css assets beyond 340 textual),docs/qa_evidence/site_target_overhaul/ibolak/home_final/hero_compare.jpg,file,ARCHIVE_CANDIDATE,docs/archive/qa_evidence/site_target_overhaul/ibolak/home_final/hero_compare.jpg,,TRUE,A
docs/qa_evidence/** (png/webp/js/html/json/css assets beyond 340 textual),docs/qa_evidence/site_target_overhaul/ibolak/home_final/product_card_compare.jpg,file,ARCHIVE_CANDIDATE,docs/archive/qa_evidence/site_target_overhaul/ibolak/home_final/product_card_compare.jpg,,TRUE,A
docs/qa_evidence/** (png/webp/js/html/json/css assets beyond 340 textual),docs/qa_evidence/site_target_overhaul/ibolak/home_final/product_wall_compare.jpg,file,ARCHIVE_CANDIDATE,docs/archive/qa_evidence/site_target_overhaul/ibolak/home_final/product_wall_compare.jpg,,TRUE,A
docs/qa_evidence/** (png/webp/js/html/json/css assets beyond 340 textual),docs/qa_evidence/site_target_overhaul/ibolak/home_final/side_by_side.jpg,file,ARCHIVE_CANDIDATE,docs/archive/qa_evidence/site_target_overhaul/ibolak/home_final/side_by_side.jpg,,TRUE,A
docs/qa_evidence/** (png/webp/js/html/json/css assets beyond 340 textual),docs/qa_evidence/site_target_overhaul/ibolak/home_precision/categories_compare.jpg,file,ARCHIVE_CANDIDATE,docs/archive/qa_evidence/site_target_overhaul/ibolak/home_precision/categories_compare.jpg,,TRUE,A
docs/qa_evidence/** (png/webp/js/html/json/css assets beyond 340 textual),docs/qa_evidence/site_target_overhaul/ibolak/home_precision/footer_compare.jpg,file,ARCHIVE_CANDIDATE,docs/archive/qa_evidence/site_target_overhaul/ibolak/home_precision/footer_compare.jpg,,TRUE,A
docs/qa_evidence/** (png/webp/js/html/json/css assets beyond 340 textual),docs/qa_evidence/site_target_overhaul/ibolak/home_precision/full_current.jpg,file,ARCHIVE_CANDIDATE,docs/archive/qa_evidence/site_target_overhaul/ibolak/home_precision/full_current.jpg,,TRUE,A
docs/qa_evidence/** (png/webp/js/html/json/css assets beyond 340 textual),docs/qa_evidence/site_target_overhaul/ibolak/home_precision/full_reference.jpg,file,ARCHIVE_CANDIDATE,docs/archive/qa_evidence/site_target_overhaul/ibolak/home_precision/full_reference.jpg,,TRUE,A
docs/qa_evidence/** (png/webp/js/html/json/css assets beyond 340 textual),docs/qa_evidence/site_target_overhaul/ibolak/home_precision/header_hero_compare.jpg,file,ARCHIVE_CANDIDATE,docs/archive/qa_evidence/site_target_overhaul/ibolak/home_precision/header_hero_compare.jpg,,TRUE,A
docs/qa_evidence/** (png/webp/js/html/json/css assets beyond 340 textual),docs/qa_evidence/site_target_overhaul/ibolak/home_precision/product_row_compare.jpg,file,ARCHIVE_CANDIDATE,docs/archive/qa_evidence/site_target_overhaul/ibolak/home_precision/product_row_compare.jpg,,TRUE,A
docs/qa_evidence/** (png/webp/js/html/json/css assets beyond 340 textual),docs/qa_evidence/site_target_overhaul/ibolak/home_precision/side_by_side.jpg,file,ARCHIVE_CANDIDATE,docs/archive/qa_evidence/site_target_overhaul/ibolak/home_precision/side_by_side.jpg,,TRUE,A
docs/qa_evidence/** (png/webp/js/html/json/css assets beyond 340 textual),docs/qa_evidence/storefront_appearance_convergence/phase1/baseline.md,file,ARCHIVE_CANDIDATE,docs/archive/qa_evidence/storefront_appearance_convergence/phase1/baseline.md,,TRUE,A
docs/qa_evidence/** (png/webp/js/html/json/css assets beyond 340 textual),docs/qa_evidence/storefront_appearance_convergence/phase1/final_gate.md,file,ARCHIVE_CANDIDATE,docs/archive/qa_evidence/storefront_appearance_convergence/phase1/final_gate.md,,TRUE,A
docs/qa_evidence/** (png/webp/js/html/json/css assets beyond 340 textual),docs/qa_evidence/storefront_appearance_convergence/phase1/recipe_fidelity.md,file,ARCHIVE_CANDIDATE,docs/archive/qa_evidence/storefront_appearance_convergence/phase1/recipe_fidelity.md,,TRUE,A
docs/qa_evidence/** (png/webp/js/html/json/css assets beyond 340 textual),docs/qa_evidence/storefront_appearance_convergence/phase1/task1_red_characterization.md,file,ARCHIVE_CANDIDATE,docs/archive/qa_evidence/storefront_appearance_convergence/phase1/task1_red_characterization.md,,TRUE,A
docs/qa_evidence/** (png/webp/js/html/json/css assets beyond 340 textual),docs/qa_evidence/storefront_appearance_convergence/phase1/task2_authority_service.md,file,ARCHIVE_CANDIDATE,docs/archive/qa_evidence/storefront_appearance_convergence/phase1/task2_authority_service.md,,TRUE,A
docs/qa_evidence/** (png/webp/js/html/json/css assets beyond 340 textual),docs/qa_evidence/storefront_appearance_convergence/phase1/task3_legacy_writer_delegation.md,file,ARCHIVE_CANDIDATE,docs/archive/qa_evidence/storefront_appearance_convergence/phase1/task3_legacy_writer_delegation.md,,TRUE,A
docs/qa_evidence/** (png/webp/js/html/json/css assets beyond 340 textual),docs/qa_evidence/storefront_appearance_convergence/phase1/task4_r4_writer_delegation.md,file,ARCHIVE_CANDIDATE,docs/archive/qa_evidence/storefront_appearance_convergence/phase1/task4_r4_writer_delegation.md,,TRUE,A
docs/qa_evidence/** (png/webp/js/html/json/css assets beyond 340 textual),docs/qa_evidence/storefront_appearance_convergence/phase1/task5_ready_template_authority.md,file,ARCHIVE_CANDIDATE,docs/archive/qa_evidence/storefront_appearance_convergence/phase1/task5_ready_template_authority.md,,TRUE,A
docs/qa_evidence/** (png/webp/js/html/json/css assets beyond 340 textual),docs/qa_evidence/storefront_appearance_convergence/phase1/task6_explicit_local_variant.md,file,KEEP_HISTORICAL_REFERENCE,,RETAINED_KEEP,FALSE,
docs/qa_evidence/** (png/webp/js/html/json/css assets beyond 340 textual),docs/qa_evidence/storefront_appearance_convergence/phase2/baseline.md,file,ARCHIVE_CANDIDATE,docs/archive/qa_evidence/storefront_appearance_convergence/phase2/baseline.md,,TRUE,A
docs/qa_evidence/** (png/webp/js/html/json/css assets beyond 340 textual),docs/qa_evidence/storefront_appearance_convergence/phase2/final_gate.md,file,ARCHIVE_CANDIDATE,docs/archive/qa_evidence/storefront_appearance_convergence/phase2/final_gate.md,,TRUE,A
docs/qa_evidence/** (png/webp/js/html/json/css assets beyond 340 textual),docs/qa_evidence/storefront_appearance_convergence/phase2/lifecycle_media_inventory.md,file,KEEP_HISTORICAL_REFERENCE,,RETAINED_KEEP,FALSE,
docs/qa_evidence/** (png/webp/js/html/json/css assets beyond 340 textual),docs/qa_evidence/storefront_appearance_convergence/phase2/task1_red_characterization.md,file,ARCHIVE_CANDIDATE,docs/archive/qa_evidence/storefront_appearance_convergence/phase2/task1_red_characterization.md,,TRUE,A
docs/qa_evidence/** (png/webp/js/html/json/css assets beyond 340 textual),docs/qa_evidence/storefront_appearance_convergence/phase2/task2_published_archived_protection.md,file,ARCHIVE_CANDIDATE,docs/archive/qa_evidence/storefront_appearance_convergence/phase2/task2_published_archived_protection.md,,TRUE,A
docs/qa_evidence/** (png/webp/js/html/json/css assets beyond 340 textual),docs/qa_evidence/storefront_appearance_convergence/phase2/task3_revision_convergence.md,file,ARCHIVE_CANDIDATE,docs/archive/qa_evidence/storefront_appearance_convergence/phase2/task3_revision_convergence.md,,TRUE,A
docs/qa_evidence/** (png/webp/js/html/json/css assets beyond 340 textual),docs/qa_evidence/storefront_appearance_convergence/phase2/task4_publish_history_recovery.md,file,ARCHIVE_CANDIDATE,docs/archive/qa_evidence/storefront_appearance_convergence/phase2/task4_publish_history_recovery.md,,TRUE,A
docs/qa_evidence/** (png/webp/js/html/json/css assets beyond 340 textual),docs/qa_evidence/storefront_appearance_convergence/phase2/task5_lock_template_lifecycle.md,file,ARCHIVE_CANDIDATE,docs/archive/qa_evidence/storefront_appearance_convergence/phase2/task5_lock_template_lifecycle.md,,TRUE,A
docs/qa_evidence/** (png/webp/js/html/json/css assets beyond 340 textual),docs/qa_evidence/storefront_appearance_convergence/phase2/task6_media_reachability.md,file,ARCHIVE_CANDIDATE,docs/archive/qa_evidence/storefront_appearance_convergence/phase2/task6_media_reachability.md,,TRUE,A
docs/qa_evidence/** (png/webp/js/html/json/css assets beyond 340 textual),docs/qa_evidence/storefront_appearance_convergence/phase2/task7_cross_entry_convergence.md,file,ARCHIVE_CANDIDATE,docs/archive/qa_evidence/storefront_appearance_convergence/phase2/task7_cross_entry_convergence.md,,TRUE,A
docs/qa_evidence/** (png/webp/js/html/json/css assets beyond 340 textual),docs/qa_evidence/storefront_appearance_convergence/phase3/2026-09-06-141946-review.md,file,ARCHIVE_CANDIDATE,docs/archive/qa_evidence/storefront_appearance_convergence/phase3/2026-09-06-141946-review.md,,TRUE,A
docs/qa_evidence/** (png/webp/js/html/json/css assets beyond 340 textual),docs/qa_evidence/storefront_appearance_convergence/phase3/2026-09-06-144255-review.md,file,ARCHIVE_CANDIDATE,docs/archive/qa_evidence/storefront_appearance_convergence/phase3/2026-09-06-144255-review.md,,TRUE,A
docs/qa_evidence/** (png/webp/js/html/json/css assets beyond 340 textual),docs/qa_evidence/storefront_appearance_convergence/phase3/2026-09-06-180333-review.md,file,ARCHIVE_CANDIDATE,docs/archive/qa_evidence/storefront_appearance_convergence/phase3/2026-09-06-180333-review.md,,TRUE,A
docs/qa_evidence/** (png/webp/js/html/json/css assets beyond 340 textual),docs/qa_evidence/storefront_appearance_convergence/phase3/baseline.md,file,ARCHIVE_CANDIDATE,docs/archive/qa_evidence/storefront_appearance_convergence/phase3/baseline.md,,TRUE,A
docs/qa_evidence/** (png/webp/js/html/json/css assets beyond 340 textual),docs/qa_evidence/storefront_appearance_convergence/phase3/browser/brand/beauty_tabs/desktop/cart-public.png,file,ARCHIVE_CANDIDATE,docs/archive/qa_evidence/storefront_appearance_convergence/phase3/browser/brand/beauty_tabs/desktop/cart-public.png,,TRUE,A
docs/qa_evidence/** (png/webp/js/html/json/css assets beyond 340 textual),docs/qa_evidence/storefront_appearance_convergence/phase3/browser/brand/beauty_tabs/desktop/collection-public.png,file,ARCHIVE_CANDIDATE,docs/archive/qa_evidence/storefront_appearance_convergence/phase3/browser/brand/beauty_tabs/desktop/collection-public.png,,TRUE,A
docs/qa_evidence/** (png/webp/js/html/json/css assets beyond 340 textual),docs/qa_evidence/storefront_appearance_convergence/phase3/browser/brand/beauty_tabs/desktop/home-public.png,file,ARCHIVE_CANDIDATE,docs/archive/qa_evidence/storefront_appearance_convergence/phase3/browser/brand/beauty_tabs/desktop/home-public.png,,TRUE,A
docs/qa_evidence/** (png/webp/js/html/json/css assets beyond 340 textual),docs/qa_evidence/storefront_appearance_convergence/phase3/browser/brand/beauty_tabs/desktop/listing-public.png,file,ARCHIVE_CANDIDATE,docs/archive/qa_evidence/storefront_appearance_convergence/phase3/browser/brand/beauty_tabs/desktop/listing-public.png,,TRUE,A
docs/qa_evidence/** (png/webp/js/html/json/css assets beyond 340 textual),docs/qa_evidence/storefront_appearance_convergence/phase3/browser/brand/beauty_tabs/desktop/product_detail-public.png,file,ARCHIVE_CANDIDATE,docs/archive/qa_evidence/storefront_appearance_convergence/phase3/browser/brand/beauty_tabs/desktop/product_detail-public.png,,TRUE,A
docs/qa_evidence/** (png/webp/js/html/json/css assets beyond 340 textual),docs/qa_evidence/storefront_appearance_convergence/phase3/browser/brand/beauty_tabs/mobile/cart-public.png,file,ARCHIVE_CANDIDATE,docs/archive/qa_evidence/storefront_appearance_convergence/phase3/browser/brand/beauty_tabs/mobile/cart-public.png,,TRUE,A
docs/qa_evidence/** (png/webp/js/html/json/css assets beyond 340 textual),docs/qa_evidence/storefront_appearance_convergence/phase3/browser/brand/beauty_tabs/mobile/collection-public.png,file,ARCHIVE_CANDIDATE,docs/archive/qa_evidence/storefront_appearance_convergence/phase3/browser/brand/beauty_tabs/mobile/collection-public.png,,TRUE,A
docs/qa_evidence/** (png/webp/js/html/json/css assets beyond 340 textual),docs/qa_evidence/storefront_appearance_convergence/phase3/browser/brand/beauty_tabs/mobile/home-public.png,file,ARCHIVE_CANDIDATE,docs/archive/qa_evidence/storefront_appearance_convergence/phase3/browser/brand/beauty_tabs/mobile/home-public.png,,TRUE,A
docs/qa_evidence/** (png/webp/js/html/json/css assets beyond 340 textual),docs/qa_evidence/storefront_appearance_convergence/phase3/browser/brand/beauty_tabs/mobile/listing-public.png,file,ARCHIVE_CANDIDATE,docs/archive/qa_evidence/storefront_appearance_convergence/phase3/browser/brand/beauty_tabs/mobile/listing-public.png,,TRUE,A
docs/qa_evidence/** (png/webp/js/html/json/css assets beyond 340 textual),docs/qa_evidence/storefront_appearance_convergence/phase3/browser/brand/beauty_tabs/mobile/product_detail-public.png,file,ARCHIVE_CANDIDATE,docs/archive/qa_evidence/storefront_appearance_convergence/phase3/browser/brand/beauty_tabs/mobile/product_detail-public.png,,TRUE,A
docs/qa_evidence/** (png/webp/js/html/json/css assets beyond 340 textual),docs/qa_evidence/storefront_appearance_convergence/phase3/browser/brand/beauty_tabs/tablet/cart-public.png,file,ARCHIVE_CANDIDATE,docs/archive/qa_evidence/storefront_appearance_convergence/phase3/browser/brand/beauty_tabs/tablet/cart-public.png,,TRUE,A
docs/qa_evidence/** (png/webp/js/html/json/css assets beyond 340 textual),docs/qa_evidence/storefront_appearance_convergence/phase3/browser/brand/beauty_tabs/tablet/collection-public.png,file,ARCHIVE_CANDIDATE,docs/archive/qa_evidence/storefront_appearance_convergence/phase3/browser/brand/beauty_tabs/tablet/collection-public.png,,TRUE,A
docs/qa_evidence/** (png/webp/js/html/json/css assets beyond 340 textual),docs/qa_evidence/storefront_appearance_convergence/phase3/browser/brand/beauty_tabs/tablet/home-public.png,file,ARCHIVE_CANDIDATE,docs/archive/qa_evidence/storefront_appearance_convergence/phase3/browser/brand/beauty_tabs/tablet/home-public.png,,TRUE,A
docs/qa_evidence/** (png/webp/js/html/json/css assets beyond 340 textual),docs/qa_evidence/storefront_appearance_convergence/phase3/browser/brand/beauty_tabs/tablet/listing-public.png,file,ARCHIVE_CANDIDATE,docs/archive/qa_evidence/storefront_appearance_convergence/phase3/browser/brand/beauty_tabs/tablet/listing-public.png,,TRUE,A
docs/qa_evidence/** (png/webp/js/html/json/css assets beyond 340 textual),docs/qa_evidence/storefront_appearance_convergence/phase3/browser/brand/beauty_tabs/tablet/product_detail-public.png,file,ARCHIVE_CANDIDATE,docs/archive/qa_evidence/storefront_appearance_convergence/phase3/browser/brand/beauty_tabs/tablet/product_detail-public.png,,TRUE,A
docs/qa_evidence/** (png/webp/js/html/json/css assets beyond 340 textual),docs/qa_evidence/storefront_appearance_convergence/phase3/browser/brand/broken-image/search.png,file,ARCHIVE_CANDIDATE,docs/archive/qa_evidence/storefront_appearance_convergence/phase3/browser/brand/broken-image/search.png,,TRUE,A
docs/qa_evidence/** (png/webp/js/html/json/css assets beyond 340 textual),docs/qa_evidence/storefront_appearance_convergence/phase3/browser/brand/carousel/desktop/cart-public.png,file,ARCHIVE_CANDIDATE,docs/archive/qa_evidence/storefront_appearance_convergence/phase3/browser/brand/carousel/desktop/cart-public.png,,TRUE,A
docs/qa_evidence/** (png/webp/js/html/json/css assets beyond 340 textual),docs/qa_evidence/storefront_appearance_convergence/phase3/browser/brand/carousel/desktop/collection-public.png,file,ARCHIVE_CANDIDATE,docs/archive/qa_evidence/storefront_appearance_convergence/phase3/browser/brand/carousel/desktop/collection-public.png,,TRUE,A
docs/qa_evidence/** (png/webp/js/html/json/css assets beyond 340 textual),docs/qa_evidence/storefront_appearance_convergence/phase3/browser/brand/carousel/desktop/home-public.png,file,ARCHIVE_CANDIDATE,docs/archive/qa_evidence/storefront_appearance_convergence/phase3/browser/brand/carousel/desktop/home-public.png,,TRUE,A
docs/qa_evidence/** (png/webp/js/html/json/css assets beyond 340 textual),docs/qa_evidence/storefront_appearance_convergence/phase3/browser/brand/carousel/desktop/listing-public.png,file,ARCHIVE_CANDIDATE,docs/archive/qa_evidence/storefront_appearance_convergence/phase3/browser/brand/carousel/desktop/listing-public.png,,TRUE,A
docs/qa_evidence/** (png/webp/js/html/json/css assets beyond 340 textual),docs/qa_evidence/storefront_appearance_convergence/phase3/browser/brand/carousel/desktop/product_detail-public.png,file,ARCHIVE_CANDIDATE,docs/archive/qa_evidence/storefront_appearance_convergence/phase3/browser/brand/carousel/desktop/product_detail-public.png,,TRUE,A
docs/qa_evidence/** (png/webp/js/html/json/css assets beyond 340 textual),docs/qa_evidence/storefront_appearance_convergence/phase3/browser/brand/carousel/mobile/cart-public.png,file,ARCHIVE_CANDIDATE,docs/archive/qa_evidence/storefront_appearance_convergence/phase3/browser/brand/carousel/mobile/cart-public.png,,TRUE,A
docs/qa_evidence/** (png/webp/js/html/json/css assets beyond 340 textual),docs/qa_evidence/storefront_appearance_convergence/phase3/browser/brand/carousel/mobile/collection-public.png,file,ARCHIVE_CANDIDATE,docs/archive/qa_evidence/storefront_appearance_convergence/phase3/browser/brand/carousel/mobile/collection-public.png,,TRUE,A
docs/qa_evidence/** (png/webp/js/html/json/css assets beyond 340 textual),docs/qa_evidence/storefront_appearance_convergence/phase3/browser/brand/carousel/mobile/home-public.png,file,ARCHIVE_CANDIDATE,docs/archive/qa_evidence/storefront_appearance_convergence/phase3/browser/brand/carousel/mobile/home-public.png,,TRUE,A
docs/qa_evidence/** (png/webp/js/html/json/css assets beyond 340 textual),docs/qa_evidence/storefront_appearance_convergence/phase3/browser/brand/carousel/mobile/listing-public.png,file,ARCHIVE_CANDIDATE,docs/archive/qa_evidence/storefront_appearance_convergence/phase3/browser/brand/carousel/mobile/listing-public.png,,TRUE,A
docs/qa_evidence/** (png/webp/js/html/json/css assets beyond 340 textual),docs/qa_evidence/storefront_appearance_convergence/phase3/browser/brand/carousel/mobile/product_detail-public.png,file,ARCHIVE_CANDIDATE,docs/archive/qa_evidence/storefront_appearance_convergence/phase3/browser/brand/carousel/mobile/product_detail-public.png,,TRUE,A
docs/qa_evidence/** (png/webp/js/html/json/css assets beyond 340 textual),docs/qa_evidence/storefront_appearance_convergence/phase3/browser/brand/carousel/tablet/cart-public.png,file,ARCHIVE_CANDIDATE,docs/archive/qa_evidence/storefront_appearance_convergence/phase3/browser/brand/carousel/tablet/cart-public.png,,TRUE,A
docs/qa_evidence/** (png/webp/js/html/json/css assets beyond 340 textual),docs/qa_evidence/storefront_appearance_convergence/phase3/browser/brand/carousel/tablet/collection-public.png,file,ARCHIVE_CANDIDATE,docs/archive/qa_evidence/storefront_appearance_convergence/phase3/browser/brand/carousel/tablet/collection-public.png,,TRUE,A
docs/qa_evidence/** (png/webp/js/html/json/css assets beyond 340 textual),docs/qa_evidence/storefront_appearance_convergence/phase3/browser/brand/carousel/tablet/home-public.png,file,ARCHIVE_CANDIDATE,docs/archive/qa_evidence/storefront_appearance_convergence/phase3/browser/brand/carousel/tablet/home-public.png,,TRUE,A
docs/qa_evidence/** (png/webp/js/html/json/css assets beyond 340 textual),docs/qa_evidence/storefront_appearance_convergence/phase3/browser/brand/carousel/tablet/listing-public.png,file,ARCHIVE_CANDIDATE,docs/archive/qa_evidence/storefront_appearance_convergence/phase3/browser/brand/carousel/tablet/listing-public.png,,TRUE,A
docs/qa_evidence/** (png/webp/js/html/json/css assets beyond 340 textual),docs/qa_evidence/storefront_appearance_convergence/phase3/browser/brand/carousel/tablet/product_detail-public.png,file,ARCHIVE_CANDIDATE,docs/archive/qa_evidence/storefront_appearance_convergence/phase3/browser/brand/carousel/tablet/product_detail-public.png,,TRUE,A
docs/qa_evidence/** (png/webp/js/html/json/css assets beyond 340 textual),docs/qa_evidence/storefront_appearance_convergence/phase3/browser/brand/grid/desktop/cart-public.png,file,ARCHIVE_CANDIDATE,docs/archive/qa_evidence/storefront_appearance_convergence/phase3/browser/brand/grid/desktop/cart-public.png,,TRUE,A
docs/qa_evidence/** (png/webp/js/html/json/css assets beyond 340 textual),docs/qa_evidence/storefront_appearance_convergence/phase3/browser/brand/grid/desktop/collection-public.png,file,ARCHIVE_CANDIDATE,docs/archive/qa_evidence/storefront_appearance_convergence/phase3/browser/brand/grid/desktop/collection-public.png,,TRUE,A
docs/qa_evidence/** (png/webp/js/html/json/css assets beyond 340 textual),docs/qa_evidence/storefront_appearance_convergence/phase3/browser/brand/grid/desktop/home-public.png,file,ARCHIVE_CANDIDATE,docs/archive/qa_evidence/storefront_appearance_convergence/phase3/browser/brand/grid/desktop/home-public.png,,TRUE,A
docs/qa_evidence/** (png/webp/js/html/json/css assets beyond 340 textual),docs/qa_evidence/storefront_appearance_convergence/phase3/browser/brand/grid/desktop/listing-public.png,file,ARCHIVE_CANDIDATE,docs/archive/qa_evidence/storefront_appearance_convergence/phase3/browser/brand/grid/desktop/listing-public.png,,TRUE,A
docs/qa_evidence/** (png/webp/js/html/json/css assets beyond 340 textual),docs/qa_evidence/storefront_appearance_convergence/phase3/browser/brand/grid/desktop/product_detail-public.png,file,ARCHIVE_CANDIDATE,docs/archive/qa_evidence/storefront_appearance_convergence/phase3/browser/brand/grid/desktop/product_detail-public.png,,TRUE,A
docs/qa_evidence/** (png/webp/js/html/json/css assets beyond 340 textual),docs/qa_evidence/storefront_appearance_convergence/phase3/browser/brand/grid/mobile/cart-public.png,file,ARCHIVE_CANDIDATE,docs/archive/qa_evidence/storefront_appearance_convergence/phase3/browser/brand/grid/mobile/cart-public.png,,TRUE,A
docs/qa_evidence/** (png/webp/js/html/json/css assets beyond 340 textual),docs/qa_evidence/storefront_appearance_convergence/phase3/browser/brand/grid/mobile/collection-public.png,file,ARCHIVE_CANDIDATE,docs/archive/qa_evidence/storefront_appearance_convergence/phase3/browser/brand/grid/mobile/collection-public.png,,TRUE,A
docs/qa_evidence/** (png/webp/js/html/json/css assets beyond 340 textual),docs/qa_evidence/storefront_appearance_convergence/phase3/browser/brand/grid/mobile/home-public.png,file,ARCHIVE_CANDIDATE,docs/archive/qa_evidence/storefront_appearance_convergence/phase3/browser/brand/grid/mobile/home-public.png,,TRUE,A
docs/qa_evidence/** (png/webp/js/html/json/css assets beyond 340 textual),docs/qa_evidence/storefront_appearance_convergence/phase3/browser/brand/grid/mobile/listing-public.png,file,ARCHIVE_CANDIDATE,docs/archive/qa_evidence/storefront_appearance_convergence/phase3/browser/brand/grid/mobile/listing-public.png,,TRUE,A
docs/qa_evidence/** (png/webp/js/html/json/css assets beyond 340 textual),docs/qa_evidence/storefront_appearance_convergence/phase3/browser/brand/grid/mobile/product_detail-public.png,file,ARCHIVE_CANDIDATE,docs/archive/qa_evidence/storefront_appearance_convergence/phase3/browser/brand/grid/mobile/product_detail-public.png,,TRUE,A
docs/qa_evidence/** (png/webp/js/html/json/css assets beyond 340 textual),docs/qa_evidence/storefront_appearance_convergence/phase3/browser/brand/grid/tablet/cart-public.png,file,ARCHIVE_CANDIDATE,docs/archive/qa_evidence/storefront_appearance_convergence/phase3/browser/brand/grid/tablet/cart-public.png,,TRUE,A
docs/qa_evidence/** (png/webp/js/html/json/css assets beyond 340 textual),docs/qa_evidence/storefront_appearance_convergence/phase3/browser/brand/grid/tablet/collection-public.png,file,ARCHIVE_CANDIDATE,docs/archive/qa_evidence/storefront_appearance_convergence/phase3/browser/brand/grid/tablet/collection-public.png,,TRUE,A
docs/qa_evidence/** (png/webp/js/html/json/css assets beyond 340 textual),docs/qa_evidence/storefront_appearance_convergence/phase3/browser/brand/grid/tablet/home-public.png,file,ARCHIVE_CANDIDATE,docs/archive/qa_evidence/storefront_appearance_convergence/phase3/browser/brand/grid/tablet/home-public.png,,TRUE,A
docs/qa_evidence/** (png/webp/js/html/json/css assets beyond 340 textual),docs/qa_evidence/storefront_appearance_convergence/phase3/browser/brand/grid/tablet/listing-public.png,file,ARCHIVE_CANDIDATE,docs/archive/qa_evidence/storefront_appearance_convergence/phase3/browser/brand/grid/tablet/listing-public.png,,TRUE,A
docs/qa_evidence/** (png/webp/js/html/json/css assets beyond 340 textual),docs/qa_evidence/storefront_appearance_convergence/phase3/browser/brand/grid/tablet/product_detail-public.png,file,ARCHIVE_CANDIDATE,docs/archive/qa_evidence/storefront_appearance_convergence/phase3/browser/brand/grid/tablet/product_detail-public.png,,TRUE,A
docs/qa_evidence/** (png/webp/js/html/json/css assets beyond 340 textual),docs/qa_evidence/storefront_appearance_convergence/phase3/browser/collection-index/index-companion.png,file,ARCHIVE_CANDIDATE,docs/archive/qa_evidence/storefront_appearance_convergence/phase3/browser/collection-index/index-companion.png,,TRUE,A
docs/qa_evidence/** (png/webp/js/html/json/css assets beyond 340 textual),docs/qa_evidence/storefront_appearance_convergence/phase3/browser/collection/carousel/desktop/cart-public.png,file,ARCHIVE_CANDIDATE,docs/archive/qa_evidence/storefront_appearance_convergence/phase3/browser/collection/carousel/desktop/cart-public.png,,TRUE,A
docs/qa_evidence/** (png/webp/js/html/json/css assets beyond 340 textual),docs/qa_evidence/storefront_appearance_convergence/phase3/browser/collection/carousel/desktop/collection-public.png,file,ARCHIVE_CANDIDATE,docs/archive/qa_evidence/storefront_appearance_convergence/phase3/browser/collection/carousel/desktop/collection-public.png,,TRUE,A
docs/qa_evidence/** (png/webp/js/html/json/css assets beyond 340 textual),docs/qa_evidence/storefront_appearance_convergence/phase3/browser/collection/carousel/desktop/home-public.png,file,ARCHIVE_CANDIDATE,docs/archive/qa_evidence/storefront_appearance_convergence/phase3/browser/collection/carousel/desktop/home-public.png,,TRUE,A
docs/qa_evidence/** (png/webp/js/html/json/css assets beyond 340 textual),docs/qa_evidence/storefront_appearance_convergence/phase3/browser/collection/carousel/desktop/listing-public.png,file,ARCHIVE_CANDIDATE,docs/archive/qa_evidence/storefront_appearance_convergence/phase3/browser/collection/carousel/desktop/listing-public.png,,TRUE,A
docs/qa_evidence/** (png/webp/js/html/json/css assets beyond 340 textual),docs/qa_evidence/storefront_appearance_convergence/phase3/browser/collection/carousel/desktop/product_detail-public.png,file,ARCHIVE_CANDIDATE,docs/archive/qa_evidence/storefront_appearance_convergence/phase3/browser/collection/carousel/desktop/product_detail-public.png,,TRUE,A
docs/qa_evidence/** (png/webp/js/html/json/css assets beyond 340 textual),docs/qa_evidence/storefront_appearance_convergence/phase3/browser/collection/carousel/desktop/search-public.png,file,ARCHIVE_CANDIDATE,docs/archive/qa_evidence/storefront_appearance_convergence/phase3/browser/collection/carousel/desktop/search-public.png,,TRUE,A
docs/qa_evidence/** (png/webp/js/html/json/css assets beyond 340 textual),docs/qa_evidence/storefront_appearance_convergence/phase3/browser/collection/carousel/mobile/cart-public.png,file,ARCHIVE_CANDIDATE,docs/archive/qa_evidence/storefront_appearance_convergence/phase3/browser/collection/carousel/mobile/cart-public.png,,TRUE,A
docs/qa_evidence/** (png/webp/js/html/json/css assets beyond 340 textual),docs/qa_evidence/storefront_appearance_convergence/phase3/browser/collection/carousel/mobile/collection-public.png,file,ARCHIVE_CANDIDATE,docs/archive/qa_evidence/storefront_appearance_convergence/phase3/browser/collection/carousel/mobile/collection-public.png,,TRUE,A
docs/qa_evidence/** (png/webp/js/html/json/css assets beyond 340 textual),docs/qa_evidence/storefront_appearance_convergence/phase3/browser/collection/carousel/mobile/home-public.png,file,ARCHIVE_CANDIDATE,docs/archive/qa_evidence/storefront_appearance_convergence/phase3/browser/collection/carousel/mobile/home-public.png,,TRUE,A
docs/qa_evidence/** (png/webp/js/html/json/css assets beyond 340 textual),docs/qa_evidence/storefront_appearance_convergence/phase3/browser/collection/carousel/mobile/listing-public.png,file,ARCHIVE_CANDIDATE,docs/archive/qa_evidence/storefront_appearance_convergence/phase3/browser/collection/carousel/mobile/listing-public.png,,TRUE,A
docs/qa_evidence/** (png/webp/js/html/json/css assets beyond 340 textual),docs/qa_evidence/storefront_appearance_convergence/phase3/browser/collection/carousel/mobile/product_detail-public.png,file,ARCHIVE_CANDIDATE,docs/archive/qa_evidence/storefront_appearance_convergence/phase3/browser/collection/carousel/mobile/product_detail-public.png,,TRUE,A
docs/qa_evidence/** (png/webp/js/html/json/css assets beyond 340 textual),docs/qa_evidence/storefront_appearance_convergence/phase3/browser/collection/carousel/mobile/search-public.png,file,ARCHIVE_CANDIDATE,docs/archive/qa_evidence/storefront_appearance_convergence/phase3/browser/collection/carousel/mobile/search-public.png,,TRUE,A
docs/qa_evidence/** (png/webp/js/html/json/css assets beyond 340 textual),docs/qa_evidence/storefront_appearance_convergence/phase3/browser/collection/carousel/tablet/cart-public.png,file,ARCHIVE_CANDIDATE,docs/archive/qa_evidence/storefront_appearance_convergence/phase3/browser/collection/carousel/tablet/cart-public.png,,TRUE,A
docs/qa_evidence/** (png/webp/js/html/json/css assets beyond 340 textual),docs/qa_evidence/storefront_appearance_convergence/phase3/browser/collection/carousel/tablet/collection-public.png,file,ARCHIVE_CANDIDATE,docs/archive/qa_evidence/storefront_appearance_convergence/phase3/browser/collection/carousel/tablet/collection-public.png,,TRUE,A
docs/qa_evidence/** (png/webp/js/html/json/css assets beyond 340 textual),docs/qa_evidence/storefront_appearance_convergence/phase3/browser/collection/carousel/tablet/home-public.png,file,ARCHIVE_CANDIDATE,docs/archive/qa_evidence/storefront_appearance_convergence/phase3/browser/collection/carousel/tablet/home-public.png,,TRUE,A
docs/qa_evidence/** (png/webp/js/html/json/css assets beyond 340 textual),docs/qa_evidence/storefront_appearance_convergence/phase3/browser/collection/carousel/tablet/listing-public.png,file,ARCHIVE_CANDIDATE,docs/archive/qa_evidence/storefront_appearance_convergence/phase3/browser/collection/carousel/tablet/listing-public.png,,TRUE,A
docs/qa_evidence/** (png/webp/js/html/json/css assets beyond 340 textual),docs/qa_evidence/storefront_appearance_convergence/phase3/browser/collection/carousel/tablet/product_detail-public.png,file,ARCHIVE_CANDIDATE,docs/archive/qa_evidence/storefront_appearance_convergence/phase3/browser/collection/carousel/tablet/product_detail-public.png,,TRUE,A
docs/qa_evidence/** (png/webp/js/html/json/css assets beyond 340 textual),docs/qa_evidence/storefront_appearance_convergence/phase3/browser/collection/carousel/tablet/search-public.png,file,ARCHIVE_CANDIDATE,docs/archive/qa_evidence/storefront_appearance_convergence/phase3/browser/collection/carousel/tablet/search-public.png,,TRUE,A
docs/qa_evidence/** (png/webp/js/html/json/css assets beyond 340 textual),docs/qa_evidence/storefront_appearance_convergence/phase3/browser/collection/cart/before.png,file,ARCHIVE_CANDIDATE,docs/archive/qa_evidence/storefront_appearance_convergence/phase3/browser/collection/cart/before.png,,TRUE,A
docs/qa_evidence/** (png/webp/js/html/json/css assets beyond 340 textual),docs/qa_evidence/storefront_appearance_convergence/phase3/browser/collection/cart/update.png,file,ARCHIVE_CANDIDATE,docs/archive/qa_evidence/storefront_appearance_convergence/phase3/browser/collection/cart/update.png,,TRUE,A
docs/qa_evidence/** (png/webp/js/html/json/css assets beyond 340 textual),docs/qa_evidence/storefront_appearance_convergence/phase3/browser/collection/grid/desktop/cart-public.png,file,ARCHIVE_CANDIDATE,docs/archive/qa_evidence/storefront_appearance_convergence/phase3/browser/collection/grid/desktop/cart-public.png,,TRUE,A
docs/qa_evidence/** (png/webp/js/html/json/css assets beyond 340 textual),docs/qa_evidence/storefront_appearance_convergence/phase3/browser/collection/grid/desktop/collection-public.png,file,ARCHIVE_CANDIDATE,docs/archive/qa_evidence/storefront_appearance_convergence/phase3/browser/collection/grid/desktop/collection-public.png,,TRUE,A
docs/qa_evidence/** (png/webp/js/html/json/css assets beyond 340 textual),docs/qa_evidence/storefront_appearance_convergence/phase3/browser/collection/grid/desktop/home-public.png,file,ARCHIVE_CANDIDATE,docs/archive/qa_evidence/storefront_appearance_convergence/phase3/browser/collection/grid/desktop/home-public.png,,TRUE,A
docs/qa_evidence/** (png/webp/js/html/json/css assets beyond 340 textual),docs/qa_evidence/storefront_appearance_convergence/phase3/browser/collection/grid/desktop/listing-public.png,file,ARCHIVE_CANDIDATE,docs/archive/qa_evidence/storefront_appearance_convergence/phase3/browser/collection/grid/desktop/listing-public.png,,TRUE,A
docs/qa_evidence/** (png/webp/js/html/json/css assets beyond 340 textual),docs/qa_evidence/storefront_appearance_convergence/phase3/browser/collection/grid/desktop/product_detail-public.png,file,ARCHIVE_CANDIDATE,docs/archive/qa_evidence/storefront_appearance_convergence/phase3/browser/collection/grid/desktop/product_detail-public.png,,TRUE,A
docs/qa_evidence/** (png/webp/js/html/json/css assets beyond 340 textual),docs/qa_evidence/storefront_appearance_convergence/phase3/browser/collection/grid/desktop/search-public.png,file,ARCHIVE_CANDIDATE,docs/archive/qa_evidence/storefront_appearance_convergence/phase3/browser/collection/grid/desktop/search-public.png,,TRUE,A
docs/qa_evidence/** (png/webp/js/html/json/css assets beyond 340 textual),docs/qa_evidence/storefront_appearance_convergence/phase3/browser/collection/grid/mobile/cart-public.png,file,ARCHIVE_CANDIDATE,docs/archive/qa_evidence/storefront_appearance_convergence/phase3/browser/collection/grid/mobile/cart-public.png,,TRUE,A
docs/qa_evidence/** (png/webp/js/html/json/css assets beyond 340 textual),docs/qa_evidence/storefront_appearance_convergence/phase3/browser/collection/grid/mobile/collection-public.png,file,ARCHIVE_CANDIDATE,docs/archive/qa_evidence/storefront_appearance_convergence/phase3/browser/collection/grid/mobile/collection-public.png,,TRUE,A
docs/qa_evidence/** (png/webp/js/html/json/css assets beyond 340 textual),docs/qa_evidence/storefront_appearance_convergence/phase3/browser/collection/grid/mobile/home-public.png,file,ARCHIVE_CANDIDATE,docs/archive/qa_evidence/storefront_appearance_convergence/phase3/browser/collection/grid/mobile/home-public.png,,TRUE,A
docs/qa_evidence/** (png/webp/js/html/json/css assets beyond 340 textual),docs/qa_evidence/storefront_appearance_convergence/phase3/browser/collection/grid/mobile/listing-public.png,file,ARCHIVE_CANDIDATE,docs/archive/qa_evidence/storefront_appearance_convergence/phase3/browser/collection/grid/mobile/listing-public.png,,TRUE,A
docs/qa_evidence/** (png/webp/js/html/json/css assets beyond 340 textual),docs/qa_evidence/storefront_appearance_convergence/phase3/browser/collection/grid/mobile/product_detail-public.png,file,ARCHIVE_CANDIDATE,docs/archive/qa_evidence/storefront_appearance_convergence/phase3/browser/collection/grid/mobile/product_detail-public.png,,TRUE,A
docs/qa_evidence/** (png/webp/js/html/json/css assets beyond 340 textual),docs/qa_evidence/storefront_appearance_convergence/phase3/browser/collection/grid/mobile/search-public.png,file,ARCHIVE_CANDIDATE,docs/archive/qa_evidence/storefront_appearance_convergence/phase3/browser/collection/grid/mobile/search-public.png,,TRUE,A
docs/qa_evidence/** (png/webp/js/html/json/css assets beyond 340 textual),docs/qa_evidence/storefront_appearance_convergence/phase3/browser/collection/grid/tablet/cart-public.png,file,ARCHIVE_CANDIDATE,docs/archive/qa_evidence/storefront_appearance_convergence/phase3/browser/collection/grid/tablet/cart-public.png,,TRUE,A
docs/qa_evidence/** (png/webp/js/html/json/css assets beyond 340 textual),docs/qa_evidence/storefront_appearance_convergence/phase3/browser/collection/grid/tablet/collection-public.png,file,ARCHIVE_CANDIDATE,docs/archive/qa_evidence/storefront_appearance_convergence/phase3/browser/collection/grid/tablet/collection-public.png,,TRUE,A
docs/qa_evidence/** (png/webp/js/html/json/css assets beyond 340 textual),docs/qa_evidence/storefront_appearance_convergence/phase3/browser/collection/grid/tablet/home-public.png,file,ARCHIVE_CANDIDATE,docs/archive/qa_evidence/storefront_appearance_convergence/phase3/browser/collection/grid/tablet/home-public.png,,TRUE,A
docs/qa_evidence/** (png/webp/js/html/json/css assets beyond 340 textual),docs/qa_evidence/storefront_appearance_convergence/phase3/browser/collection/grid/tablet/listing-public.png,file,ARCHIVE_CANDIDATE,docs/archive/qa_evidence/storefront_appearance_convergence/phase3/browser/collection/grid/tablet/listing-public.png,,TRUE,A
docs/qa_evidence/** (png/webp/js/html/json/css assets beyond 340 textual),docs/qa_evidence/storefront_appearance_convergence/phase3/browser/collection/grid/tablet/product_detail-public.png,file,ARCHIVE_CANDIDATE,docs/archive/qa_evidence/storefront_appearance_convergence/phase3/browser/collection/grid/tablet/product_detail-public.png,,TRUE,A
docs/qa_evidence/** (png/webp/js/html/json/css assets beyond 340 textual),docs/qa_evidence/storefront_appearance_convergence/phase3/browser/collection/grid/tablet/search-public.png,file,ARCHIVE_CANDIDATE,docs/archive/qa_evidence/storefront_appearance_convergence/phase3/browser/collection/grid/tablet/search-public.png,,TRUE,A
docs/qa_evidence/** (png/webp/js/html/json/css assets beyond 340 textual),docs/qa_evidence/storefront_appearance_convergence/phase3/browser/collection/page2/page2.png,file,ARCHIVE_CANDIDATE,docs/archive/qa_evidence/storefront_appearance_convergence/phase3/browser/collection/page2/page2.png,,TRUE,A
docs/qa_evidence/** (png/webp/js/html/json/css assets beyond 340 textual),docs/qa_evidence/storefront_appearance_convergence/phase3/browser/db-restore-proof.json,file,ARCHIVE_CANDIDATE,docs/archive/qa_evidence/storefront_appearance_convergence/phase3/browser/db-restore-proof.json,,TRUE,A
docs/qa_evidence/** (png/webp/js/html/json/css assets beyond 340 textual),docs/qa_evidence/storefront_appearance_convergence/phase3/browser/fixture.json,file,ARCHIVE_CANDIDATE,docs/archive/qa_evidence/storefront_appearance_convergence/phase3/browser/fixture.json,,TRUE,A
docs/qa_evidence/** (png/webp/js/html/json/css assets beyond 340 textual),docs/qa_evidence/storefront_appearance_convergence/phase3/browser/fragments/cart/desktop/before.png,file,ARCHIVE_CANDIDATE,docs/archive/qa_evidence/storefront_appearance_convergence/phase3/browser/fragments/cart/desktop/before.png,,TRUE,A
docs/qa_evidence/** (png/webp/js/html/json/css assets beyond 340 textual),docs/qa_evidence/storefront_appearance_convergence/phase3/browser/fragments/cart/desktop/remove.png,file,ARCHIVE_CANDIDATE,docs/archive/qa_evidence/storefront_appearance_convergence/phase3/browser/fragments/cart/desktop/remove.png,,TRUE,A
docs/qa_evidence/** (png/webp/js/html/json/css assets beyond 340 textual),docs/qa_evidence/storefront_appearance_convergence/phase3/browser/fragments/cart/desktop/update.png,file,ARCHIVE_CANDIDATE,docs/archive/qa_evidence/storefront_appearance_convergence/phase3/browser/fragments/cart/desktop/update.png,,TRUE,A
docs/qa_evidence/** (png/webp/js/html/json/css assets beyond 340 textual),docs/qa_evidence/storefront_appearance_convergence/phase3/browser/fragments/cart/mobile/before.png,file,ARCHIVE_CANDIDATE,docs/archive/qa_evidence/storefront_appearance_convergence/phase3/browser/fragments/cart/mobile/before.png,,TRUE,A
docs/qa_evidence/** (png/webp/js/html/json/css assets beyond 340 textual),docs/qa_evidence/storefront_appearance_convergence/phase3/browser/fragments/cart/mobile/remove.png,file,ARCHIVE_CANDIDATE,docs/archive/qa_evidence/storefront_appearance_convergence/phase3/browser/fragments/cart/mobile/remove.png,,TRUE,A
docs/qa_evidence/** (png/webp/js/html/json/css assets beyond 340 textual),docs/qa_evidence/storefront_appearance_convergence/phase3/browser/fragments/cart/mobile/update.png,file,ARCHIVE_CANDIDATE,docs/archive/qa_evidence/storefront_appearance_convergence/phase3/browser/fragments/cart/mobile/update.png,,TRUE,A
docs/qa_evidence/** (png/webp/js/html/json/css assets beyond 340 textual),docs/qa_evidence/storefront_appearance_convergence/phase3/browser/fragments/cart/tablet/before.png,file,ARCHIVE_CANDIDATE,docs/archive/qa_evidence/storefront_appearance_convergence/phase3/browser/fragments/cart/tablet/before.png,,TRUE,A
docs/qa_evidence/** (png/webp/js/html/json/css assets beyond 340 textual),docs/qa_evidence/storefront_appearance_convergence/phase3/browser/fragments/cart/tablet/remove.png,file,ARCHIVE_CANDIDATE,docs/archive/qa_evidence/storefront_appearance_convergence/phase3/browser/fragments/cart/tablet/remove.png,,TRUE,A
docs/qa_evidence/** (png/webp/js/html/json/css assets beyond 340 textual),docs/qa_evidence/storefront_appearance_convergence/phase3/browser/fragments/cart/tablet/update.png,file,ARCHIVE_CANDIDATE,docs/archive/qa_evidence/storefront_appearance_convergence/phase3/browser/fragments/cart/tablet/update.png,,TRUE,A
docs/qa_evidence/** (png/webp/js/html/json/css assets beyond 340 textual),docs/qa_evidence/storefront_appearance_convergence/phase3/browser/metrics.json,file,ARCHIVE_CANDIDATE,docs/archive/qa_evidence/storefront_appearance_convergence/phase3/browser/metrics.json,,TRUE,A
docs/qa_evidence/** (png/webp/js/html/json/css assets beyond 340 textual),docs/qa_evidence/storefront_appearance_convergence/phase3/browser/r4-browser-result.json,file,ARCHIVE_CANDIDATE,docs/archive/qa_evidence/storefront_appearance_convergence/phase3/browser/r4-browser-result.json,,TRUE,A
docs/qa_evidence/** (png/webp/js/html/json/css assets beyond 340 textual),docs/qa_evidence/storefront_appearance_convergence/phase3/browser/tenant_negatives.json,file,ARCHIVE_CANDIDATE,docs/archive/qa_evidence/storefront_appearance_convergence/phase3/browser/tenant_negatives.json,,TRUE,A
docs/qa_evidence/** (png/webp/js/html/json/css assets beyond 340 textual),docs/qa_evidence/storefront_appearance_convergence/phase3/browser/wrapper_projection/preview-after-3x-replacement.png,file,ARCHIVE_CANDIDATE,docs/archive/qa_evidence/storefront_appearance_convergence/phase3/browser/wrapper_projection/preview-after-3x-replacement.png,,TRUE,A
docs/qa_evidence/** (png/webp/js/html/json/css assets beyond 340 textual),docs/qa_evidence/storefront_appearance_convergence/phase3/execution_ledger.md,file,ARCHIVE_CANDIDATE,docs/archive/qa_evidence/storefront_appearance_convergence/phase3/execution_ledger.md,,TRUE,A
docs/qa_evidence/** (png/webp/js/html/json/css assets beyond 340 textual),docs/qa_evidence/storefront_appearance_convergence/phase3/final_gate.md,file,ARCHIVE_CANDIDATE,docs/archive/qa_evidence/storefront_appearance_convergence/phase3/final_gate.md,,TRUE,A
docs/qa_evidence/** (png/webp/js/html/json/css assets beyond 340 textual),docs/qa_evidence/storefront_appearance_convergence/phase3/task1_red_characterization.md,file,ARCHIVE_CANDIDATE,docs/archive/qa_evidence/storefront_appearance_convergence/phase3/task1_red_characterization.md,,TRUE,A
docs/qa_evidence/** (png/webp/js/html/json/css assets beyond 340 textual),docs/qa_evidence/storefront_appearance_convergence/phase3/task2_brand_contract.md,file,ARCHIVE_CANDIDATE,docs/archive/qa_evidence/storefront_appearance_convergence/phase3/task2_brand_contract.md,,TRUE,A
docs/qa_evidence/** (png/webp/js/html/json/css assets beyond 340 textual),docs/qa_evidence/storefront_appearance_convergence/phase3/task3_brand_gate.md,file,ARCHIVE_CANDIDATE,docs/archive/qa_evidence/storefront_appearance_convergence/phase3/task3_brand_gate.md,,TRUE,A
docs/qa_evidence/** (png/webp/js/html/json/css assets beyond 340 textual),docs/qa_evidence/storefront_appearance_convergence/phase3/task4_collection_contract.md,file,ARCHIVE_CANDIDATE,docs/archive/qa_evidence/storefront_appearance_convergence/phase3/task4_collection_contract.md,,TRUE,A
docs/qa_evidence/** (png/webp/js/html/json/css assets beyond 340 textual),docs/qa_evidence/storefront_appearance_convergence/phase3/task5_collection_gate.md,file,ARCHIVE_CANDIDATE,docs/archive/qa_evidence/storefront_appearance_convergence/phase3/task5_collection_gate.md,,TRUE,A
docs/qa_evidence/** (png/webp/js/html/json/css assets beyond 340 textual),docs/qa_evidence/storefront_appearance_convergence/phase3/task6_shared_contract.md,file,ARCHIVE_CANDIDATE,docs/archive/qa_evidence/storefront_appearance_convergence/phase3/task6_shared_contract.md,,TRUE,A
docs/qa_evidence/** (png/webp/js/html/json/css assets beyond 340 textual),docs/qa_evidence/storefront_appearance_convergence/phase3/task7_browser_matrix.md,file,ARCHIVE_CANDIDATE,docs/archive/qa_evidence/storefront_appearance_convergence/phase3/task7_browser_matrix.md,,TRUE,A
docs/qa_evidence/** (png/webp/js/html/json/css assets beyond 340 textual),docs/qa_evidence/storefront_appearance_convergence/phase3/vertical_slice_inventory.md,file,ARCHIVE_CANDIDATE,docs/archive/qa_evidence/storefront_appearance_convergence/phase3/vertical_slice_inventory.md,,TRUE,A
docs/qa_evidence/** (png/webp/js/html/json/css assets beyond 340 textual),docs/qa_evidence/storefront_appearance_convergence/phase4/baseline.md,file,ARCHIVE_CANDIDATE,docs/archive/qa_evidence/storefront_appearance_convergence/phase4/baseline.md,,TRUE,A
docs/qa_evidence/** (png/webp/js/html/json/css assets beyond 340 textual),docs/qa_evidence/storefront_appearance_convergence/phase4/browser_final/RECOVERY.txt,file,ARCHIVE_CANDIDATE,docs/archive/qa_evidence/storefront_appearance_convergence/phase4/browser_final/RECOVERY.txt,,TRUE,A
docs/qa_evidence/** (png/webp/js/html/json/css assets beyond 340 textual),docs/qa_evidence/storefront_appearance_convergence/phase4/browser_final/brand/beauty_tabs/desktop/cart-public.png,file,ARCHIVE_CANDIDATE,docs/archive/qa_evidence/storefront_appearance_convergence/phase4/browser_final/brand/beauty_tabs/desktop/cart-public.png,,TRUE,A
docs/qa_evidence/** (png/webp/js/html/json/css assets beyond 340 textual),docs/qa_evidence/storefront_appearance_convergence/phase4/browser_final/brand/beauty_tabs/desktop/collection-public.png,file,ARCHIVE_CANDIDATE,docs/archive/qa_evidence/storefront_appearance_convergence/phase4/browser_final/brand/beauty_tabs/desktop/collection-public.png,,TRUE,A
docs/qa_evidence/** (png/webp/js/html/json/css assets beyond 340 textual),docs/qa_evidence/storefront_appearance_convergence/phase4/browser_final/brand/beauty_tabs/desktop/home-public.png,file,ARCHIVE_CANDIDATE,docs/archive/qa_evidence/storefront_appearance_convergence/phase4/browser_final/brand/beauty_tabs/desktop/home-public.png,,TRUE,A
docs/qa_evidence/** (png/webp/js/html/json/css assets beyond 340 textual),docs/qa_evidence/storefront_appearance_convergence/phase4/browser_final/brand/beauty_tabs/desktop/listing-public.png,file,ARCHIVE_CANDIDATE,docs/archive/qa_evidence/storefront_appearance_convergence/phase4/browser_final/brand/beauty_tabs/desktop/listing-public.png,,TRUE,A
docs/qa_evidence/** (png/webp/js/html/json/css assets beyond 340 textual),docs/qa_evidence/storefront_appearance_convergence/phase4/browser_final/brand/beauty_tabs/desktop/product_detail-public.png,file,ARCHIVE_CANDIDATE,docs/archive/qa_evidence/storefront_appearance_convergence/phase4/browser_final/brand/beauty_tabs/desktop/product_detail-public.png,,TRUE,A
docs/qa_evidence/** (png/webp/js/html/json/css assets beyond 340 textual),docs/qa_evidence/storefront_appearance_convergence/phase4/browser_final/brand/beauty_tabs/mobile/cart-public.png,file,ARCHIVE_CANDIDATE,docs/archive/qa_evidence/storefront_appearance_convergence/phase4/browser_final/brand/beauty_tabs/mobile/cart-public.png,,TRUE,A
docs/qa_evidence/** (png/webp/js/html/json/css assets beyond 340 textual),docs/qa_evidence/storefront_appearance_convergence/phase4/browser_final/brand/beauty_tabs/mobile/collection-public.png,file,ARCHIVE_CANDIDATE,docs/archive/qa_evidence/storefront_appearance_convergence/phase4/browser_final/brand/beauty_tabs/mobile/collection-public.png,,TRUE,A
docs/qa_evidence/** (png/webp/js/html/json/css assets beyond 340 textual),docs/qa_evidence/storefront_appearance_convergence/phase4/browser_final/brand/beauty_tabs/mobile/home-public.png,file,ARCHIVE_CANDIDATE,docs/archive/qa_evidence/storefront_appearance_convergence/phase4/browser_final/brand/beauty_tabs/mobile/home-public.png,,TRUE,A
docs/qa_evidence/** (png/webp/js/html/json/css assets beyond 340 textual),docs/qa_evidence/storefront_appearance_convergence/phase4/browser_final/brand/beauty_tabs/mobile/listing-public.png,file,ARCHIVE_CANDIDATE,docs/archive/qa_evidence/storefront_appearance_convergence/phase4/browser_final/brand/beauty_tabs/mobile/listing-public.png,,TRUE,A
docs/qa_evidence/** (png/webp/js/html/json/css assets beyond 340 textual),docs/qa_evidence/storefront_appearance_convergence/phase4/browser_final/brand/beauty_tabs/mobile/product_detail-public.png,file,ARCHIVE_CANDIDATE,docs/archive/qa_evidence/storefront_appearance_convergence/phase4/browser_final/brand/beauty_tabs/mobile/product_detail-public.png,,TRUE,A
docs/qa_evidence/** (png/webp/js/html/json/css assets beyond 340 textual),docs/qa_evidence/storefront_appearance_convergence/phase4/browser_final/brand/beauty_tabs/tablet/cart-public.png,file,ARCHIVE_CANDIDATE,docs/archive/qa_evidence/storefront_appearance_convergence/phase4/browser_final/brand/beauty_tabs/tablet/cart-public.png,,TRUE,A
docs/qa_evidence/** (png/webp/js/html/json/css assets beyond 340 textual),docs/qa_evidence/storefront_appearance_convergence/phase4/browser_final/brand/beauty_tabs/tablet/collection-public.png,file,ARCHIVE_CANDIDATE,docs/archive/qa_evidence/storefront_appearance_convergence/phase4/browser_final/brand/beauty_tabs/tablet/collection-public.png,,TRUE,A
docs/qa_evidence/** (png/webp/js/html/json/css assets beyond 340 textual),docs/qa_evidence/storefront_appearance_convergence/phase4/browser_final/brand/beauty_tabs/tablet/home-public.png,file,ARCHIVE_CANDIDATE,docs/archive/qa_evidence/storefront_appearance_convergence/phase4/browser_final/brand/beauty_tabs/tablet/home-public.png,,TRUE,A
docs/qa_evidence/** (png/webp/js/html/json/css assets beyond 340 textual),docs/qa_evidence/storefront_appearance_convergence/phase4/browser_final/brand/beauty_tabs/tablet/listing-public.png,file,ARCHIVE_CANDIDATE,docs/archive/qa_evidence/storefront_appearance_convergence/phase4/browser_final/brand/beauty_tabs/tablet/listing-public.png,,TRUE,A
docs/qa_evidence/** (png/webp/js/html/json/css assets beyond 340 textual),docs/qa_evidence/storefront_appearance_convergence/phase4/browser_final/brand/beauty_tabs/tablet/product_detail-public.png,file,ARCHIVE_CANDIDATE,docs/archive/qa_evidence/storefront_appearance_convergence/phase4/browser_final/brand/beauty_tabs/tablet/product_detail-public.png,,TRUE,A
docs/qa_evidence/** (png/webp/js/html/json/css assets beyond 340 textual),docs/qa_evidence/storefront_appearance_convergence/phase4/browser_final/brand/broken-image/search.png,file,ARCHIVE_CANDIDATE,docs/archive/qa_evidence/storefront_appearance_convergence/phase4/browser_final/brand/broken-image/search.png,,TRUE,A
docs/qa_evidence/** (png/webp/js/html/json/css assets beyond 340 textual),docs/qa_evidence/storefront_appearance_convergence/phase4/browser_final/brand/carousel/desktop/cart-public.png,file,ARCHIVE_CANDIDATE,docs/archive/qa_evidence/storefront_appearance_convergence/phase4/browser_final/brand/carousel/desktop/cart-public.png,,TRUE,A
docs/qa_evidence/** (png/webp/js/html/json/css assets beyond 340 textual),docs/qa_evidence/storefront_appearance_convergence/phase4/browser_final/brand/carousel/desktop/collection-public.png,file,ARCHIVE_CANDIDATE,docs/archive/qa_evidence/storefront_appearance_convergence/phase4/browser_final/brand/carousel/desktop/collection-public.png,,TRUE,A
docs/qa_evidence/** (png/webp/js/html/json/css assets beyond 340 textual),docs/qa_evidence/storefront_appearance_convergence/phase4/browser_final/brand/carousel/desktop/home-public.png,file,ARCHIVE_CANDIDATE,docs/archive/qa_evidence/storefront_appearance_convergence/phase4/browser_final/brand/carousel/desktop/home-public.png,,TRUE,A
docs/qa_evidence/** (png/webp/js/html/json/css assets beyond 340 textual),docs/qa_evidence/storefront_appearance_convergence/phase4/browser_final/brand/carousel/desktop/listing-public.png,file,ARCHIVE_CANDIDATE,docs/archive/qa_evidence/storefront_appearance_convergence/phase4/browser_final/brand/carousel/desktop/listing-public.png,,TRUE,A
docs/qa_evidence/** (png/webp/js/html/json/css assets beyond 340 textual),docs/qa_evidence/storefront_appearance_convergence/phase4/browser_final/brand/carousel/desktop/product_detail-public.png,file,ARCHIVE_CANDIDATE,docs/archive/qa_evidence/storefront_appearance_convergence/phase4/browser_final/brand/carousel/desktop/product_detail-public.png,,TRUE,A
docs/qa_evidence/** (png/webp/js/html/json/css assets beyond 340 textual),docs/qa_evidence/storefront_appearance_convergence/phase4/browser_final/brand/carousel/mobile/cart-public.png,file,ARCHIVE_CANDIDATE,docs/archive/qa_evidence/storefront_appearance_convergence/phase4/browser_final/brand/carousel/mobile/cart-public.png,,TRUE,A
docs/qa_evidence/** (png/webp/js/html/json/css assets beyond 340 textual),docs/qa_evidence/storefront_appearance_convergence/phase4/browser_final/brand/carousel/mobile/collection-public.png,file,ARCHIVE_CANDIDATE,docs/archive/qa_evidence/storefront_appearance_convergence/phase4/browser_final/brand/carousel/mobile/collection-public.png,,TRUE,A
docs/qa_evidence/** (png/webp/js/html/json/css assets beyond 340 textual),docs/qa_evidence/storefront_appearance_convergence/phase4/browser_final/brand/carousel/mobile/home-public.png,file,ARCHIVE_CANDIDATE,docs/archive/qa_evidence/storefront_appearance_convergence/phase4/browser_final/brand/carousel/mobile/home-public.png,,TRUE,A
docs/qa_evidence/** (png/webp/js/html/json/css assets beyond 340 textual),docs/qa_evidence/storefront_appearance_convergence/phase4/browser_final/brand/carousel/mobile/listing-public.png,file,ARCHIVE_CANDIDATE,docs/archive/qa_evidence/storefront_appearance_convergence/phase4/browser_final/brand/carousel/mobile/listing-public.png,,TRUE,A
docs/qa_evidence/** (png/webp/js/html/json/css assets beyond 340 textual),docs/qa_evidence/storefront_appearance_convergence/phase4/browser_final/brand/carousel/mobile/product_detail-public.png,file,ARCHIVE_CANDIDATE,docs/archive/qa_evidence/storefront_appearance_convergence/phase4/browser_final/brand/carousel/mobile/product_detail-public.png,,TRUE,A
docs/qa_evidence/** (png/webp/js/html/json/css assets beyond 340 textual),docs/qa_evidence/storefront_appearance_convergence/phase4/browser_final/brand/carousel/tablet/cart-public.png,file,ARCHIVE_CANDIDATE,docs/archive/qa_evidence/storefront_appearance_convergence/phase4/browser_final/brand/carousel/tablet/cart-public.png,,TRUE,A
docs/qa_evidence/** (png/webp/js/html/json/css assets beyond 340 textual),docs/qa_evidence/storefront_appearance_convergence/phase4/browser_final/brand/carousel/tablet/collection-public.png,file,ARCHIVE_CANDIDATE,docs/archive/qa_evidence/storefront_appearance_convergence/phase4/browser_final/brand/carousel/tablet/collection-public.png,,TRUE,A
docs/qa_evidence/** (png/webp/js/html/json/css assets beyond 340 textual),docs/qa_evidence/storefront_appearance_convergence/phase4/browser_final/brand/carousel/tablet/home-public.png,file,ARCHIVE_CANDIDATE,docs/archive/qa_evidence/storefront_appearance_convergence/phase4/browser_final/brand/carousel/tablet/home-public.png,,TRUE,A
docs/qa_evidence/** (png/webp/js/html/json/css assets beyond 340 textual),docs/qa_evidence/storefront_appearance_convergence/phase4/browser_final/brand/carousel/tablet/listing-public.png,file,ARCHIVE_CANDIDATE,docs/archive/qa_evidence/storefront_appearance_convergence/phase4/browser_final/brand/carousel/tablet/listing-public.png,,TRUE,A
docs/qa_evidence/** (png/webp/js/html/json/css assets beyond 340 textual),docs/qa_evidence/storefront_appearance_convergence/phase4/browser_final/brand/carousel/tablet/product_detail-public.png,file,ARCHIVE_CANDIDATE,docs/archive/qa_evidence/storefront_appearance_convergence/phase4/browser_final/brand/carousel/tablet/product_detail-public.png,,TRUE,A
docs/qa_evidence/** (png/webp/js/html/json/css assets beyond 340 textual),docs/qa_evidence/storefront_appearance_convergence/phase4/browser_final/brand/grid/desktop/cart-public.png,file,ARCHIVE_CANDIDATE,docs/archive/qa_evidence/storefront_appearance_convergence/phase4/browser_final/brand/grid/desktop/cart-public.png,,TRUE,A
docs/qa_evidence/** (png/webp/js/html/json/css assets beyond 340 textual),docs/qa_evidence/storefront_appearance_convergence/phase4/browser_final/brand/grid/desktop/collection-public.png,file,ARCHIVE_CANDIDATE,docs/archive/qa_evidence/storefront_appearance_convergence/phase4/browser_final/brand/grid/desktop/collection-public.png,,TRUE,A
docs/qa_evidence/** (png/webp/js/html/json/css assets beyond 340 textual),docs/qa_evidence/storefront_appearance_convergence/phase4/browser_final/brand/grid/desktop/home-public.png,file,ARCHIVE_CANDIDATE,docs/archive/qa_evidence/storefront_appearance_convergence/phase4/browser_final/brand/grid/desktop/home-public.png,,TRUE,A
docs/qa_evidence/** (png/webp/js/html/json/css assets beyond 340 textual),docs/qa_evidence/storefront_appearance_convergence/phase4/browser_final/brand/grid/desktop/listing-public.png,file,ARCHIVE_CANDIDATE,docs/archive/qa_evidence/storefront_appearance_convergence/phase4/browser_final/brand/grid/desktop/listing-public.png,,TRUE,A
docs/qa_evidence/** (png/webp/js/html/json/css assets beyond 340 textual),docs/qa_evidence/storefront_appearance_convergence/phase4/browser_final/brand/grid/desktop/product_detail-public.png,file,ARCHIVE_CANDIDATE,docs/archive/qa_evidence/storefront_appearance_convergence/phase4/browser_final/brand/grid/desktop/product_detail-public.png,,TRUE,A
docs/qa_evidence/** (png/webp/js/html/json/css assets beyond 340 textual),docs/qa_evidence/storefront_appearance_convergence/phase4/browser_final/brand/grid/mobile/cart-public.png,file,ARCHIVE_CANDIDATE,docs/archive/qa_evidence/storefront_appearance_convergence/phase4/browser_final/brand/grid/mobile/cart-public.png,,TRUE,A
docs/qa_evidence/** (png/webp/js/html/json/css assets beyond 340 textual),docs/qa_evidence/storefront_appearance_convergence/phase4/browser_final/brand/grid/mobile/collection-public.png,file,ARCHIVE_CANDIDATE,docs/archive/qa_evidence/storefront_appearance_convergence/phase4/browser_final/brand/grid/mobile/collection-public.png,,TRUE,A
docs/qa_evidence/** (png/webp/js/html/json/css assets beyond 340 textual),docs/qa_evidence/storefront_appearance_convergence/phase4/browser_final/brand/grid/mobile/home-public.png,file,ARCHIVE_CANDIDATE,docs/archive/qa_evidence/storefront_appearance_convergence/phase4/browser_final/brand/grid/mobile/home-public.png,,TRUE,A
docs/qa_evidence/** (png/webp/js/html/json/css assets beyond 340 textual),docs/qa_evidence/storefront_appearance_convergence/phase4/browser_final/brand/grid/mobile/listing-public.png,file,ARCHIVE_CANDIDATE,docs/archive/qa_evidence/storefront_appearance_convergence/phase4/browser_final/brand/grid/mobile/listing-public.png,,TRUE,A
docs/qa_evidence/** (png/webp/js/html/json/css assets beyond 340 textual),docs/qa_evidence/storefront_appearance_convergence/phase4/browser_final/brand/grid/mobile/product_detail-public.png,file,ARCHIVE_CANDIDATE,docs/archive/qa_evidence/storefront_appearance_convergence/phase4/browser_final/brand/grid/mobile/product_detail-public.png,,TRUE,A
docs/qa_evidence/** (png/webp/js/html/json/css assets beyond 340 textual),docs/qa_evidence/storefront_appearance_convergence/phase4/browser_final/brand/grid/tablet/cart-public.png,file,ARCHIVE_CANDIDATE,docs/archive/qa_evidence/storefront_appearance_convergence/phase4/browser_final/brand/grid/tablet/cart-public.png,,TRUE,A
docs/qa_evidence/** (png/webp/js/html/json/css assets beyond 340 textual),docs/qa_evidence/storefront_appearance_convergence/phase4/browser_final/brand/grid/tablet/collection-public.png,file,ARCHIVE_CANDIDATE,docs/archive/qa_evidence/storefront_appearance_convergence/phase4/browser_final/brand/grid/tablet/collection-public.png,,TRUE,A
docs/qa_evidence/** (png/webp/js/html/json/css assets beyond 340 textual),docs/qa_evidence/storefront_appearance_convergence/phase4/browser_final/brand/grid/tablet/home-public.png,file,ARCHIVE_CANDIDATE,docs/archive/qa_evidence/storefront_appearance_convergence/phase4/browser_final/brand/grid/tablet/home-public.png,,TRUE,A
docs/qa_evidence/** (png/webp/js/html/json/css assets beyond 340 textual),docs/qa_evidence/storefront_appearance_convergence/phase4/browser_final/brand/grid/tablet/listing-public.png,file,ARCHIVE_CANDIDATE,docs/archive/qa_evidence/storefront_appearance_convergence/phase4/browser_final/brand/grid/tablet/listing-public.png,,TRUE,A
docs/qa_evidence/** (png/webp/js/html/json/css assets beyond 340 textual),docs/qa_evidence/storefront_appearance_convergence/phase4/browser_final/brand/grid/tablet/product_detail-public.png,file,ARCHIVE_CANDIDATE,docs/archive/qa_evidence/storefront_appearance_convergence/phase4/browser_final/brand/grid/tablet/product_detail-public.png,,TRUE,A
docs/qa_evidence/** (png/webp/js/html/json/css assets beyond 340 textual),docs/qa_evidence/storefront_appearance_convergence/phase4/browser_final/collection-index/index-companion.png,file,ARCHIVE_CANDIDATE,docs/archive/qa_evidence/storefront_appearance_convergence/phase4/browser_final/collection-index/index-companion.png,,TRUE,A
docs/qa_evidence/** (png/webp/js/html/json/css assets beyond 340 textual),docs/qa_evidence/storefront_appearance_convergence/phase4/browser_final/collection/carousel/desktop/cart-public.png,file,ARCHIVE_CANDIDATE,docs/archive/qa_evidence/storefront_appearance_convergence/phase4/browser_final/collection/carousel/desktop/cart-public.png,,TRUE,A
docs/qa_evidence/** (png/webp/js/html/json/css assets beyond 340 textual),docs/qa_evidence/storefront_appearance_convergence/phase4/browser_final/collection/carousel/desktop/collection-public.png,file,ARCHIVE_CANDIDATE,docs/archive/qa_evidence/storefront_appearance_convergence/phase4/browser_final/collection/carousel/desktop/collection-public.png,,TRUE,A
docs/qa_evidence/** (png/webp/js/html/json/css assets beyond 340 textual),docs/qa_evidence/storefront_appearance_convergence/phase4/browser_final/collection/carousel/desktop/home-public.png,file,ARCHIVE_CANDIDATE,docs/archive/qa_evidence/storefront_appearance_convergence/phase4/browser_final/collection/carousel/desktop/home-public.png,,TRUE,A
docs/qa_evidence/** (png/webp/js/html/json/css assets beyond 340 textual),docs/qa_evidence/storefront_appearance_convergence/phase4/browser_final/collection/carousel/desktop/listing-public.png,file,ARCHIVE_CANDIDATE,docs/archive/qa_evidence/storefront_appearance_convergence/phase4/browser_final/collection/carousel/desktop/listing-public.png,,TRUE,A
docs/qa_evidence/** (png/webp/js/html/json/css assets beyond 340 textual),docs/qa_evidence/storefront_appearance_convergence/phase4/browser_final/collection/carousel/desktop/product_detail-public.png,file,ARCHIVE_CANDIDATE,docs/archive/qa_evidence/storefront_appearance_convergence/phase4/browser_final/collection/carousel/desktop/product_detail-public.png,,TRUE,A
docs/qa_evidence/** (png/webp/js/html/json/css assets beyond 340 textual),docs/qa_evidence/storefront_appearance_convergence/phase4/browser_final/collection/carousel/desktop/search-public.png,file,ARCHIVE_CANDIDATE,docs/archive/qa_evidence/storefront_appearance_convergence/phase4/browser_final/collection/carousel/desktop/search-public.png,,TRUE,A
docs/qa_evidence/** (png/webp/js/html/json/css assets beyond 340 textual),docs/qa_evidence/storefront_appearance_convergence/phase4/browser_final/collection/carousel/mobile/cart-public.png,file,ARCHIVE_CANDIDATE,docs/archive/qa_evidence/storefront_appearance_convergence/phase4/browser_final/collection/carousel/mobile/cart-public.png,,TRUE,A
docs/qa_evidence/** (png/webp/js/html/json/css assets beyond 340 textual),docs/qa_evidence/storefront_appearance_convergence/phase4/browser_final/collection/carousel/mobile/collection-public.png,file,ARCHIVE_CANDIDATE,docs/archive/qa_evidence/storefront_appearance_convergence/phase4/browser_final/collection/carousel/mobile/collection-public.png,,TRUE,A
docs/qa_evidence/** (png/webp/js/html/json/css assets beyond 340 textual),docs/qa_evidence/storefront_appearance_convergence/phase4/browser_final/collection/carousel/mobile/home-public.png,file,ARCHIVE_CANDIDATE,docs/archive/qa_evidence/storefront_appearance_convergence/phase4/browser_final/collection/carousel/mobile/home-public.png,,TRUE,A
docs/qa_evidence/** (png/webp/js/html/json/css assets beyond 340 textual),docs/qa_evidence/storefront_appearance_convergence/phase4/browser_final/collection/carousel/mobile/listing-public.png,file,ARCHIVE_CANDIDATE,docs/archive/qa_evidence/storefront_appearance_convergence/phase4/browser_final/collection/carousel/mobile/listing-public.png,,TRUE,A
docs/qa_evidence/** (png/webp/js/html/json/css assets beyond 340 textual),docs/qa_evidence/storefront_appearance_convergence/phase4/browser_final/collection/carousel/mobile/product_detail-public.png,file,ARCHIVE_CANDIDATE,docs/archive/qa_evidence/storefront_appearance_convergence/phase4/browser_final/collection/carousel/mobile/product_detail-public.png,,TRUE,A
docs/qa_evidence/** (png/webp/js/html/json/css assets beyond 340 textual),docs/qa_evidence/storefront_appearance_convergence/phase4/browser_final/collection/carousel/mobile/search-public.png,file,ARCHIVE_CANDIDATE,docs/archive/qa_evidence/storefront_appearance_convergence/phase4/browser_final/collection/carousel/mobile/search-public.png,,TRUE,A
docs/qa_evidence/** (png/webp/js/html/json/css assets beyond 340 textual),docs/qa_evidence/storefront_appearance_convergence/phase4/browser_final/collection/carousel/tablet/cart-public.png,file,ARCHIVE_CANDIDATE,docs/archive/qa_evidence/storefront_appearance_convergence/phase4/browser_final/collection/carousel/tablet/cart-public.png,,TRUE,A
docs/qa_evidence/** (png/webp/js/html/json/css assets beyond 340 textual),docs/qa_evidence/storefront_appearance_convergence/phase4/browser_final/collection/carousel/tablet/collection-public.png,file,ARCHIVE_CANDIDATE,docs/archive/qa_evidence/storefront_appearance_convergence/phase4/browser_final/collection/carousel/tablet/collection-public.png,,TRUE,A
docs/qa_evidence/** (png/webp/js/html/json/css assets beyond 340 textual),docs/qa_evidence/storefront_appearance_convergence/phase4/browser_final/collection/carousel/tablet/home-public.png,file,ARCHIVE_CANDIDATE,docs/archive/qa_evidence/storefront_appearance_convergence/phase4/browser_final/collection/carousel/tablet/home-public.png,,TRUE,A
docs/qa_evidence/** (png/webp/js/html/json/css assets beyond 340 textual),docs/qa_evidence/storefront_appearance_convergence/phase4/browser_final/collection/carousel/tablet/listing-public.png,file,ARCHIVE_CANDIDATE,docs/archive/qa_evidence/storefront_appearance_convergence/phase4/browser_final/collection/carousel/tablet/listing-public.png,,TRUE,A
docs/qa_evidence/** (png/webp/js/html/json/css assets beyond 340 textual),docs/qa_evidence/storefront_appearance_convergence/phase4/browser_final/collection/carousel/tablet/product_detail-public.png,file,ARCHIVE_CANDIDATE,docs/archive/qa_evidence/storefront_appearance_convergence/phase4/browser_final/collection/carousel/tablet/product_detail-public.png,,TRUE,A
docs/qa_evidence/** (png/webp/js/html/json/css assets beyond 340 textual),docs/qa_evidence/storefront_appearance_convergence/phase4/browser_final/collection/carousel/tablet/search-public.png,file,ARCHIVE_CANDIDATE,docs/archive/qa_evidence/storefront_appearance_convergence/phase4/browser_final/collection/carousel/tablet/search-public.png,,TRUE,A
docs/qa_evidence/** (png/webp/js/html/json/css assets beyond 340 textual),docs/qa_evidence/storefront_appearance_convergence/phase4/browser_final/collection/cart/before.png,file,ARCHIVE_CANDIDATE,docs/archive/qa_evidence/storefront_appearance_convergence/phase4/browser_final/collection/cart/before.png,,TRUE,A
docs/qa_evidence/** (png/webp/js/html/json/css assets beyond 340 textual),docs/qa_evidence/storefront_appearance_convergence/phase4/browser_final/collection/cart/update.png,file,ARCHIVE_CANDIDATE,docs/archive/qa_evidence/storefront_appearance_convergence/phase4/browser_final/collection/cart/update.png,,TRUE,A
docs/qa_evidence/** (png/webp/js/html/json/css assets beyond 340 textual),docs/qa_evidence/storefront_appearance_convergence/phase4/browser_final/collection/grid/desktop/cart-public.png,file,ARCHIVE_CANDIDATE,docs/archive/qa_evidence/storefront_appearance_convergence/phase4/browser_final/collection/grid/desktop/cart-public.png,,TRUE,A
docs/qa_evidence/** (png/webp/js/html/json/css assets beyond 340 textual),docs/qa_evidence/storefront_appearance_convergence/phase4/browser_final/collection/grid/desktop/collection-public.png,file,ARCHIVE_CANDIDATE,docs/archive/qa_evidence/storefront_appearance_convergence/phase4/browser_final/collection/grid/desktop/collection-public.png,,TRUE,A
docs/qa_evidence/** (png/webp/js/html/json/css assets beyond 340 textual),docs/qa_evidence/storefront_appearance_convergence/phase4/browser_final/collection/grid/desktop/home-public.png,file,ARCHIVE_CANDIDATE,docs/archive/qa_evidence/storefront_appearance_convergence/phase4/browser_final/collection/grid/desktop/home-public.png,,TRUE,A
docs/qa_evidence/** (png/webp/js/html/json/css assets beyond 340 textual),docs/qa_evidence/storefront_appearance_convergence/phase4/browser_final/collection/grid/desktop/listing-public.png,file,ARCHIVE_CANDIDATE,docs/archive/qa_evidence/storefront_appearance_convergence/phase4/browser_final/collection/grid/desktop/listing-public.png,,TRUE,A
docs/qa_evidence/** (png/webp/js/html/json/css assets beyond 340 textual),docs/qa_evidence/storefront_appearance_convergence/phase4/browser_final/collection/grid/desktop/product_detail-public.png,file,ARCHIVE_CANDIDATE,docs/archive/qa_evidence/storefront_appearance_convergence/phase4/browser_final/collection/grid/desktop/product_detail-public.png,,TRUE,A
docs/qa_evidence/** (png/webp/js/html/json/css assets beyond 340 textual),docs/qa_evidence/storefront_appearance_convergence/phase4/browser_final/collection/grid/desktop/search-public.png,file,ARCHIVE_CANDIDATE,docs/archive/qa_evidence/storefront_appearance_convergence/phase4/browser_final/collection/grid/desktop/search-public.png,,TRUE,A
docs/qa_evidence/** (png/webp/js/html/json/css assets beyond 340 textual),docs/qa_evidence/storefront_appearance_convergence/phase4/browser_final/collection/grid/mobile/cart-public.png,file,ARCHIVE_CANDIDATE,docs/archive/qa_evidence/storefront_appearance_convergence/phase4/browser_final/collection/grid/mobile/cart-public.png,,TRUE,A
docs/qa_evidence/** (png/webp/js/html/json/css assets beyond 340 textual),docs/qa_evidence/storefront_appearance_convergence/phase4/browser_final/collection/grid/mobile/collection-public.png,file,ARCHIVE_CANDIDATE,docs/archive/qa_evidence/storefront_appearance_convergence/phase4/browser_final/collection/grid/mobile/collection-public.png,,TRUE,A
docs/qa_evidence/** (png/webp/js/html/json/css assets beyond 340 textual),docs/qa_evidence/storefront_appearance_convergence/phase4/browser_final/collection/grid/mobile/home-public.png,file,ARCHIVE_CANDIDATE,docs/archive/qa_evidence/storefront_appearance_convergence/phase4/browser_final/collection/grid/mobile/home-public.png,,TRUE,A
docs/qa_evidence/** (png/webp/js/html/json/css assets beyond 340 textual),docs/qa_evidence/storefront_appearance_convergence/phase4/browser_final/collection/grid/mobile/listing-public.png,file,ARCHIVE_CANDIDATE,docs/archive/qa_evidence/storefront_appearance_convergence/phase4/browser_final/collection/grid/mobile/listing-public.png,,TRUE,A
docs/qa_evidence/** (png/webp/js/html/json/css assets beyond 340 textual),docs/qa_evidence/storefront_appearance_convergence/phase4/browser_final/collection/grid/mobile/product_detail-public.png,file,ARCHIVE_CANDIDATE,docs/archive/qa_evidence/storefront_appearance_convergence/phase4/browser_final/collection/grid/mobile/product_detail-public.png,,TRUE,A
docs/qa_evidence/** (png/webp/js/html/json/css assets beyond 340 textual),docs/qa_evidence/storefront_appearance_convergence/phase4/browser_final/collection/grid/mobile/search-public.png,file,ARCHIVE_CANDIDATE,docs/archive/qa_evidence/storefront_appearance_convergence/phase4/browser_final/collection/grid/mobile/search-public.png,,TRUE,A
docs/qa_evidence/** (png/webp/js/html/json/css assets beyond 340 textual),docs/qa_evidence/storefront_appearance_convergence/phase4/browser_final/collection/grid/tablet/cart-public.png,file,ARCHIVE_CANDIDATE,docs/archive/qa_evidence/storefront_appearance_convergence/phase4/browser_final/collection/grid/tablet/cart-public.png,,TRUE,A
docs/qa_evidence/** (png/webp/js/html/json/css assets beyond 340 textual),docs/qa_evidence/storefront_appearance_convergence/phase4/browser_final/collection/grid/tablet/collection-public.png,file,ARCHIVE_CANDIDATE,docs/archive/qa_evidence/storefront_appearance_convergence/phase4/browser_final/collection/grid/tablet/collection-public.png,,TRUE,A
docs/qa_evidence/** (png/webp/js/html/json/css assets beyond 340 textual),docs/qa_evidence/storefront_appearance_convergence/phase4/browser_final/collection/grid/tablet/home-public.png,file,ARCHIVE_CANDIDATE,docs/archive/qa_evidence/storefront_appearance_convergence/phase4/browser_final/collection/grid/tablet/home-public.png,,TRUE,A
docs/qa_evidence/** (png/webp/js/html/json/css assets beyond 340 textual),docs/qa_evidence/storefront_appearance_convergence/phase4/browser_final/collection/grid/tablet/listing-public.png,file,ARCHIVE_CANDIDATE,docs/archive/qa_evidence/storefront_appearance_convergence/phase4/browser_final/collection/grid/tablet/listing-public.png,,TRUE,A
docs/qa_evidence/** (png/webp/js/html/json/css assets beyond 340 textual),docs/qa_evidence/storefront_appearance_convergence/phase4/browser_final/collection/grid/tablet/product_detail-public.png,file,ARCHIVE_CANDIDATE,docs/archive/qa_evidence/storefront_appearance_convergence/phase4/browser_final/collection/grid/tablet/product_detail-public.png,,TRUE,A
docs/qa_evidence/** (png/webp/js/html/json/css assets beyond 340 textual),docs/qa_evidence/storefront_appearance_convergence/phase4/browser_final/collection/grid/tablet/search-public.png,file,ARCHIVE_CANDIDATE,docs/archive/qa_evidence/storefront_appearance_convergence/phase4/browser_final/collection/grid/tablet/search-public.png,,TRUE,A
docs/qa_evidence/** (png/webp/js/html/json/css assets beyond 340 textual),docs/qa_evidence/storefront_appearance_convergence/phase4/browser_final/collection/page2/page2.png,file,ARCHIVE_CANDIDATE,docs/archive/qa_evidence/storefront_appearance_convergence/phase4/browser_final/collection/page2/page2.png,,TRUE,A
docs/qa_evidence/** (png/webp/js/html/json/css assets beyond 340 textual),docs/qa_evidence/storefront_appearance_convergence/phase4/browser_final/db-restore-proof.json,file,ARCHIVE_CANDIDATE,docs/archive/qa_evidence/storefront_appearance_convergence/phase4/browser_final/db-restore-proof.json,,TRUE,A
docs/qa_evidence/** (png/webp/js/html/json/css assets beyond 340 textual),docs/qa_evidence/storefront_appearance_convergence/phase4/browser_final/fixture.json,file,ARCHIVE_CANDIDATE,docs/archive/qa_evidence/storefront_appearance_convergence/phase4/browser_final/fixture.json,,TRUE,A
docs/qa_evidence/** (png/webp/js/html/json/css assets beyond 340 textual),docs/qa_evidence/storefront_appearance_convergence/phase4/browser_final/fragments/cart/desktop/before.png,file,ARCHIVE_CANDIDATE,docs/archive/qa_evidence/storefront_appearance_convergence/phase4/browser_final/fragments/cart/desktop/before.png,,TRUE,A
docs/qa_evidence/** (png/webp/js/html/json/css assets beyond 340 textual),docs/qa_evidence/storefront_appearance_convergence/phase4/browser_final/fragments/cart/desktop/remove.png,file,ARCHIVE_CANDIDATE,docs/archive/qa_evidence/storefront_appearance_convergence/phase4/browser_final/fragments/cart/desktop/remove.png,,TRUE,A
docs/qa_evidence/** (png/webp/js/html/json/css assets beyond 340 textual),docs/qa_evidence/storefront_appearance_convergence/phase4/browser_final/fragments/cart/desktop/update.png,file,ARCHIVE_CANDIDATE,docs/archive/qa_evidence/storefront_appearance_convergence/phase4/browser_final/fragments/cart/desktop/update.png,,TRUE,A
docs/qa_evidence/** (png/webp/js/html/json/css assets beyond 340 textual),docs/qa_evidence/storefront_appearance_convergence/phase4/browser_final/fragments/cart/mobile/before.png,file,ARCHIVE_CANDIDATE,docs/archive/qa_evidence/storefront_appearance_convergence/phase4/browser_final/fragments/cart/mobile/before.png,,TRUE,A
docs/qa_evidence/** (png/webp/js/html/json/css assets beyond 340 textual),docs/qa_evidence/storefront_appearance_convergence/phase4/browser_final/fragments/cart/mobile/remove.png,file,ARCHIVE_CANDIDATE,docs/archive/qa_evidence/storefront_appearance_convergence/phase4/browser_final/fragments/cart/mobile/remove.png,,TRUE,A
docs/qa_evidence/** (png/webp/js/html/json/css assets beyond 340 textual),docs/qa_evidence/storefront_appearance_convergence/phase4/browser_final/fragments/cart/mobile/update.png,file,ARCHIVE_CANDIDATE,docs/archive/qa_evidence/storefront_appearance_convergence/phase4/browser_final/fragments/cart/mobile/update.png,,TRUE,A
docs/qa_evidence/** (png/webp/js/html/json/css assets beyond 340 textual),docs/qa_evidence/storefront_appearance_convergence/phase4/browser_final/fragments/cart/tablet/before.png,file,ARCHIVE_CANDIDATE,docs/archive/qa_evidence/storefront_appearance_convergence/phase4/browser_final/fragments/cart/tablet/before.png,,TRUE,A
docs/qa_evidence/** (png/webp/js/html/json/css assets beyond 340 textual),docs/qa_evidence/storefront_appearance_convergence/phase4/browser_final/fragments/cart/tablet/remove.png,file,ARCHIVE_CANDIDATE,docs/archive/qa_evidence/storefront_appearance_convergence/phase4/browser_final/fragments/cart/tablet/remove.png,,TRUE,A
docs/qa_evidence/** (png/webp/js/html/json/css assets beyond 340 textual),docs/qa_evidence/storefront_appearance_convergence/phase4/browser_final/fragments/cart/tablet/update.png,file,ARCHIVE_CANDIDATE,docs/archive/qa_evidence/storefront_appearance_convergence/phase4/browser_final/fragments/cart/tablet/update.png,,TRUE,A
docs/qa_evidence/** (png/webp/js/html/json/css assets beyond 340 textual),docs/qa_evidence/storefront_appearance_convergence/phase4/browser_final/metrics.json,file,ARCHIVE_CANDIDATE,docs/archive/qa_evidence/storefront_appearance_convergence/phase4/browser_final/metrics.json,,TRUE,A
docs/qa_evidence/** (png/webp/js/html/json/css assets beyond 340 textual),docs/qa_evidence/storefront_appearance_convergence/phase4/browser_final/r4-browser-result.json,file,ARCHIVE_CANDIDATE,docs/archive/qa_evidence/storefront_appearance_convergence/phase4/browser_final/r4-browser-result.json,,TRUE,A
docs/qa_evidence/** (png/webp/js/html/json/css assets beyond 340 textual),docs/qa_evidence/storefront_appearance_convergence/phase4/browser_final/tenant_negatives.json,file,ARCHIVE_CANDIDATE,docs/archive/qa_evidence/storefront_appearance_convergence/phase4/browser_final/tenant_negatives.json,,TRUE,A
docs/qa_evidence/** (png/webp/js/html/json/css assets beyond 340 textual),docs/qa_evidence/storefront_appearance_convergence/phase4/browser_final/wrapper_projection/preview-after-3x-replacement.png,file,ARCHIVE_CANDIDATE,docs/archive/qa_evidence/storefront_appearance_convergence/phase4/browser_final/wrapper_projection/preview-after-3x-replacement.png,,TRUE,A
docs/qa_evidence/** (png/webp/js/html/json/css assets beyond 340 textual),docs/qa_evidence/storefront_appearance_convergence/phase4/execution_ledger.md,file,ARCHIVE_CANDIDATE,docs/archive/qa_evidence/storefront_appearance_convergence/phase4/execution_ledger.md,,TRUE,A
docs/qa_evidence/** (png/webp/js/html/json/css assets beyond 340 textual),docs/qa_evidence/storefront_appearance_convergence/phase4/family_certification_matrix.md,file,ARCHIVE_CANDIDATE,docs/archive/qa_evidence/storefront_appearance_convergence/phase4/family_certification_matrix.md,,TRUE,A
docs/qa_evidence/** (png/webp/js/html/json/css assets beyond 340 textual),docs/qa_evidence/storefront_appearance_convergence/phase4/final_gate.md,file,ARCHIVE_CANDIDATE,docs/archive/qa_evidence/storefront_appearance_convergence/phase4/final_gate.md,,TRUE,A
docs/qa_evidence/** (png/webp/js/html/json/css assets beyond 340 textual),docs/qa_evidence/storefront_appearance_convergence/phase4/legacy_disposition.md,file,ARCHIVE_CANDIDATE,docs/archive/qa_evidence/storefront_appearance_convergence/phase4/legacy_disposition.md,,TRUE,A
docs/qa_evidence/** (png/webp/js/html/json/css assets beyond 340 textual),docs/qa_evidence/storefront_appearance_convergence/phase4/phase4_architecture_audit.md,file,ARCHIVE_CANDIDATE,docs/archive/qa_evidence/storefront_appearance_convergence/phase4/phase4_architecture_audit.md,,TRUE,A
docs/qa_evidence/** (png/webp/js/html/json/css assets beyond 340 textual),docs/qa_evidence/storefront_appearance_convergence/phase4/pre_task10_r4_cutover.md,file,KEEP_HISTORICAL_REFERENCE,,RETAINED_KEEP,FALSE,
docs/qa_evidence/** (png/webp/js/html/json/css assets beyond 340 textual),docs/qa_evidence/storefront_appearance_convergence/phase4/task10_blocker_task8_reset_fix.md,file,ARCHIVE_CANDIDATE,docs/archive/qa_evidence/storefront_appearance_convergence/phase4/task10_blocker_task8_reset_fix.md,,TRUE,A
docs/qa_evidence/** (png/webp/js/html/json/css assets beyond 340 textual),docs/qa_evidence/storefront_appearance_convergence/phase4/task1_authority.md,file,ARCHIVE_CANDIDATE,docs/archive/qa_evidence/storefront_appearance_convergence/phase4/task1_authority.md,,TRUE,A
docs/qa_evidence/** (png/webp/js/html/json/css assets beyond 340 textual),docs/qa_evidence/storefront_appearance_convergence/phase4/task2_resource_source.md,file,ARCHIVE_CANDIDATE,docs/archive/qa_evidence/storefront_appearance_convergence/phase4/task2_resource_source.md,,TRUE,A
docs/qa_evidence/** (png/webp/js/html/json/css assets beyond 340 textual),docs/qa_evidence/storefront_appearance_convergence/phase4/task3_non_home_page_appearance.md,file,ARCHIVE_CANDIDATE,docs/archive/qa_evidence/storefront_appearance_convergence/phase4/task3_non_home_page_appearance.md,,TRUE,A
docs/qa_evidence/** (png/webp/js/html/json/css assets beyond 340 textual),docs/qa_evidence/storefront_appearance_convergence/phase4/task3c_page_appearance.md,file,ARCHIVE_CANDIDATE,docs/archive/qa_evidence/storefront_appearance_convergence/phase4/task3c_page_appearance.md,,TRUE,A
docs/qa_evidence/** (png/webp/js/html/json/css assets beyond 340 textual),docs/qa_evidence/storefront_appearance_convergence/phase4/task4_qa_harness.md,file,ARCHIVE_CANDIDATE,docs/archive/qa_evidence/storefront_appearance_convergence/phase4/task4_qa_harness.md,,TRUE,A
docs/qa_evidence/** (png/webp/js/html/json/css assets beyond 340 textual),docs/qa_evidence/storefront_appearance_convergence/phase4/task5_cross_page_css.md,file,ARCHIVE_CANDIDATE,docs/archive/qa_evidence/storefront_appearance_convergence/phase4/task5_cross_page_css.md,,TRUE,A
docs/qa_evidence/** (png/webp/js/html/json/css assets beyond 340 textual),docs/qa_evidence/storefront_appearance_convergence/phase4/task6_family_convergence.md,file,ARCHIVE_CANDIDATE,docs/archive/qa_evidence/storefront_appearance_convergence/phase4/task6_family_convergence.md,,TRUE,A
docs/qa_evidence/** (png/webp/js/html/json/css assets beyond 340 textual),docs/qa_evidence/storefront_appearance_convergence/phase4/task7_r4_composition_media_parity.md,file,ARCHIVE_CANDIDATE,docs/archive/qa_evidence/storefront_appearance_convergence/phase4/task7_r4_composition_media_parity.md,,TRUE,A
docs/qa_evidence/** (png/webp/js/html/json/css assets beyond 340 textual),docs/qa_evidence/storefront_appearance_convergence/phase4/task8_template_switch_lifecycle.md,file,ARCHIVE_CANDIDATE,docs/archive/qa_evidence/storefront_appearance_convergence/phase4/task8_template_switch_lifecycle.md,,TRUE,A
docs/qa_evidence/** (png/webp/js/html/json/css assets beyond 340 textual),docs/qa_evidence/storefront_appearance_convergence/phase4/task9_legacy_retirement.md,file,KEEP_HISTORICAL_REFERENCE,,RETAINED_KEEP,FALSE,
docs/qa_evidence/** (png/webp/js/html/json/css assets beyond 340 textual),docs/qa_evidence/storefront_builder/r4/PHASE1_ARCHITECTURE_GATE.md,file,ARCHIVE_CANDIDATE,docs/archive/qa_evidence/storefront_builder/r4/PHASE1_ARCHITECTURE_GATE.md,,TRUE,A
docs/qa_evidence/** (png/webp/js/html/json/css assets beyond 340 textual),docs/qa_evidence/storefront_builder/r4/phase0/01_r4_shell_preview_closed_inspector.png,file,ARCHIVE_CANDIDATE,docs/archive/qa_evidence/storefront_builder/r4/phase0/01_r4_shell_preview_closed_inspector.png,,TRUE,A
docs/qa_evidence/** (png/webp/js/html/json/css assets beyond 340 textual),docs/qa_evidence/storefront_builder/r4/phase0/02_rich_text_basic_inspector.png,file,ARCHIVE_CANDIDATE,docs/archive/qa_evidence/storefront_builder/r4/phase0/02_rich_text_basic_inspector.png,,TRUE,A
docs/qa_evidence/** (png/webp/js/html/json/css assets beyond 340 textual),docs/qa_evidence/storefront_builder/r4/phase0/03_hero_advanced_inspector.png,file,ARCHIVE_CANDIDATE,docs/archive/qa_evidence/storefront_builder/r4/phase0/03_hero_advanced_inspector.png,,TRUE,A
docs/qa_evidence/** (png/webp/js/html/json/css assets beyond 340 textual),docs/qa_evidence/storefront_builder/r4/phase1/01_r4_initial.png,file,ARCHIVE_CANDIDATE,docs/archive/qa_evidence/storefront_builder/r4/phase1/01_r4_initial.png,,TRUE,A
docs/qa_evidence/** (png/webp/js/html/json/css assets beyond 340 textual),docs/qa_evidence/storefront_builder/r4/phase1/02_hero_basic.png,file,ARCHIVE_CANDIDATE,docs/archive/qa_evidence/storefront_builder/r4/phase1/02_hero_basic.png,,TRUE,A
docs/qa_evidence/** (png/webp/js/html/json/css assets beyond 340 textual),docs/qa_evidence/storefront_builder/r4/phase1/03_hero_advanced_typography_override.png,file,ARCHIVE_CANDIDATE,docs/archive/qa_evidence/storefront_builder/r4/phase1/03_hero_advanced_typography_override.png,,TRUE,A
docs/qa_evidence/** (png/webp/js/html/json/css assets beyond 340 textual),docs/qa_evidence/storefront_builder/r4/phase1/04_product_added_reordered.png,file,ARCHIVE_CANDIDATE,docs/archive/qa_evidence/storefront_builder/r4/phase1/04_product_added_reordered.png,,TRUE,A
docs/qa_evidence/** (png/webp/js/html/json/css assets beyond 340 textual),docs/qa_evidence/storefront_builder/r4/phase1/04_product_resource_picker_manual.png,file,ARCHIVE_CANDIDATE,docs/archive/qa_evidence/storefront_builder/r4/phase1/04_product_resource_picker_manual.png,,TRUE,A
docs/qa_evidence/** (png/webp/js/html/json/css assets beyond 340 textual),docs/qa_evidence/storefront_builder/r4/phase1/05_brand_resource_picker_manual.png,file,ARCHIVE_CANDIDATE,docs/archive/qa_evidence/storefront_builder/r4/phase1/05_brand_resource_picker_manual.png,,TRUE,A
docs/qa_evidence/** (png/webp/js/html/json/css assets beyond 340 textual),docs/qa_evidence/storefront_builder/r4/phase1/05_product_manual_picker.png,file,ARCHIVE_CANDIDATE,docs/archive/qa_evidence/storefront_builder/r4/phase1/05_product_manual_picker.png,,TRUE,A
docs/qa_evidence/** (png/webp/js/html/json/css assets beyond 340 textual),docs/qa_evidence/storefront_builder/r4/phase1/06_brand_manual_picker.png,file,ARCHIVE_CANDIDATE,docs/archive/qa_evidence/storefront_builder/r4/phase1/06_brand_manual_picker.png,,TRUE,A
docs/qa_evidence/** (png/webp/js/html/json/css assets beyond 340 textual),docs/qa_evidence/storefront_builder/r4/phase1/07_conflict_detected.png,file,ARCHIVE_CANDIDATE,docs/archive/qa_evidence/storefront_builder/r4/phase1/07_conflict_detected.png,,TRUE,A
docs/qa_evidence/** (png/webp/js/html/json/css assets beyond 340 textual),docs/qa_evidence/storefront_builder/r4/phase1/08_publish_success.png,file,ARCHIVE_CANDIDATE,docs/archive/qa_evidence/storefront_builder/r4/phase1/08_publish_success.png,,TRUE,A
docs/qa_evidence/** (png/webp/js/html/json/css assets beyond 340 textual),docs/qa_evidence/storefront_builder/r4/phase1/09_public_storefront_after_publish.png,file,ARCHIVE_CANDIDATE,docs/archive/qa_evidence/storefront_builder/r4/phase1/09_public_storefront_after_publish.png,,TRUE,A
docs/qa_evidence/** (png/webp/js/html/json/css assets beyond 340 textual),docs/qa_evidence/storefront_builder/r4/phase1/10_draft_changed_public_unchanged.png,file,ARCHIVE_CANDIDATE,docs/archive/qa_evidence/storefront_builder/r4/phase1/10_draft_changed_public_unchanged.png,,TRUE,A
docs/qa_evidence/** (png/webp/js/html/json/css assets beyond 340 textual),docs/qa_evidence/storefront_builder/r4/phase1/11_task7_composition_and_recovery.png,file,ARCHIVE_CANDIDATE,docs/archive/qa_evidence/storefront_builder/r4/phase1/11_task7_composition_and_recovery.png,,TRUE,A
docs/qa_evidence/** (png/webp/js/html/json/css assets beyond 340 textual),docs/qa_evidence/storefront_builder/r4/phase1/12_final_remediation_publish_public_parity.png,file,ARCHIVE_CANDIDATE,docs/archive/qa_evidence/storefront_builder/r4/phase1/12_final_remediation_publish_public_parity.png,,TRUE,A
docs/qa_evidence/** (png/webp/js/html/json/css assets beyond 340 textual),docs/qa_evidence/storefront_builder/r4/phase1/13_task8_template_switch_lifecycle.png,file,ARCHIVE_CANDIDATE,docs/archive/qa_evidence/storefront_builder/r4/phase1/13_task8_template_switch_lifecycle.png,,TRUE,A
docs/qa_evidence/** (png/webp/js/html/json/css assets beyond 340 textual),docs/qa_evidence/storefront_builder/r4/phase1/task7_hero_typography_override.png,file,ARCHIVE_CANDIDATE,docs/archive/qa_evidence/storefront_builder/r4/phase1/task7_hero_typography_override.png,,TRUE,A
docs/qa_evidence/** (png/webp/js/html/json/css assets beyond 340 textual),docs/qa_evidence/storefront_builder/r4/phase1/task8_structure_panel.png,file,ARCHIVE_CANDIDATE,docs/archive/qa_evidence/storefront_builder/r4/phase1/task8_structure_panel.png,,TRUE,A
docs/qa_evidence/** (png/webp/js/html/json/css assets beyond 340 textual),docs/qa_evidence/storefront_design_engine/a8_component_coverage.md,file,ARCHIVE_CANDIDATE,docs/archive/qa_evidence/storefront_design_engine/a8_component_coverage.md,,TRUE,A
docs/qa_evidence/** (png/webp/js/html/json/css assets beyond 340 textual),docs/qa_evidence/storefront_design_engine/a8_component_inventory.md,file,ARCHIVE_CANDIDATE,docs/archive/qa_evidence/storefront_design_engine/a8_component_inventory.md,,TRUE,A
docs/qa_evidence/** (png/webp/js/html/json/css assets beyond 340 textual),docs/qa_evidence/storefront_design_engine/a8_diversity_matrix.md,file,ARCHIVE_CANDIDATE,docs/archive/qa_evidence/storefront_design_engine/a8_diversity_matrix.md,,TRUE,A
docs/qa_evidence/** (png/webp/js/html/json/css assets beyond 340 textual),docs/qa_evidence/storefront_design_engine/a8_template_mapping.md,file,ARCHIVE_CANDIDATE,docs/archive/qa_evidence/storefront_design_engine/a8_template_mapping.md,,TRUE,A
docs/qa_evidence/** (png/webp/js/html/json/css assets beyond 340 textual),docs/qa_evidence/storefront_design_engine/phase5/67_family_production_map.md,file,ARCHIVE_CANDIDATE,docs/archive/qa_evidence/storefront_design_engine/phase5/67_family_production_map.md,,TRUE,A
docs/qa_evidence/** (png/webp/js/html/json/css assets beyond 340 textual),docs/qa_evidence/storefront_design_engine/phase5/demo_store_inventory.md,file,ARCHIVE_CANDIDATE,docs/archive/qa_evidence/storefront_design_engine/phase5/demo_store_inventory.md,,TRUE,A
docs/qa_evidence/** (png/webp/js/html/json/css assets beyond 340 textual),docs/qa_evidence/storefront_design_engine/phase5/kickoff_capability_map.md,file,ARCHIVE_CANDIDATE,docs/archive/qa_evidence/storefront_design_engine/phase5/kickoff_capability_map.md,,TRUE,A
docs/qa_evidence/** (png/webp/js/html/json/css assets beyond 340 textual),docs/qa_evidence/storefront_design_engine/phase5/phase5_convergence_audit.md,file,ARCHIVE_CANDIDATE,docs/archive/qa_evidence/storefront_design_engine/phase5/phase5_convergence_audit.md,,TRUE,A
docs/qa_evidence/** (png/webp/js/html/json/css assets beyond 340 textual),docs/qa_evidence/storefront_design_engine/phase5/task1_candidate_preview_primitive.md,file,ARCHIVE_CANDIDATE,docs/archive/qa_evidence/storefront_design_engine/phase5/task1_candidate_preview_primitive.md,,TRUE,A
docs/qa_evidence/** (png/webp/js/html/json/css assets beyond 340 textual),docs/qa_evidence/storefront_design_engine/phase5/task2_live_demo_template_gallery.md,file,ARCHIVE_CANDIDATE,docs/archive/qa_evidence/storefront_design_engine/phase5/task2_live_demo_template_gallery.md,,TRUE,A
docs/qa_evidence/** (png/webp/js/html/json/css assets beyond 340 textual),docs/qa_evidence/storefront_design_engine/phase5/task2_live_preview_browser_qa.md,file,ARCHIVE_CANDIDATE,docs/archive/qa_evidence/storefront_design_engine/phase5/task2_live_preview_browser_qa.md,,TRUE,A
docs/qa_evidence/** (png/webp/js/html/json/css assets beyond 340 textual),docs/qa_evidence/storefront_design_engine/phase5/task3_merchant_data_template_preview.md,file,ARCHIVE_CANDIDATE,docs/archive/qa_evidence/storefront_design_engine/phase5/task3_merchant_data_template_preview.md,,TRUE,A
docs/qa_evidence/** (png/webp/js/html/json/css assets beyond 340 textual),docs/qa_evidence/storefront_design_engine/phase5/task4_browser_qa/RECOVERY.txt,file,ARCHIVE_CANDIDATE,docs/archive/qa_evidence/storefront_design_engine/phase5/task4_browser_qa/RECOVERY.txt,,TRUE,A
docs/qa_evidence/** (png/webp/js/html/json/css assets beyond 340 textual),docs/qa_evidence/storefront_design_engine/phase5/task4_browser_qa/db-restore-proof.json,file,ARCHIVE_CANDIDATE,docs/archive/qa_evidence/storefront_design_engine/phase5/task4_browser_qa/db-restore-proof.json,,TRUE,A
docs/qa_evidence/** (png/webp/js/html/json/css assets beyond 340 textual),docs/qa_evidence/storefront_design_engine/phase5/task4_browser_qa/fixture.json,file,ARCHIVE_CANDIDATE,docs/archive/qa_evidence/storefront_design_engine/phase5/task4_browser_qa/fixture.json,,TRUE,A
docs/qa_evidence/** (png/webp/js/html/json/css assets beyond 340 textual),docs/qa_evidence/storefront_design_engine/phase5/task4_browser_qa/metrics.json,file,ARCHIVE_CANDIDATE,docs/archive/qa_evidence/storefront_design_engine/phase5/task4_browser_qa/metrics.json,,TRUE,A
docs/qa_evidence/** (png/webp/js/html/json/css assets beyond 340 textual),docs/qa_evidence/storefront_design_engine/phase5/task4_browser_qa/r4-browser-result.json,file,ARCHIVE_CANDIDATE,docs/archive/qa_evidence/storefront_design_engine/phase5/task4_browser_qa/r4-browser-result.json,,TRUE,A
docs/qa_evidence/** (png/webp/js/html/json/css assets beyond 340 textual),docs/qa_evidence/storefront_design_engine/phase5/task4_browser_qa/shots/1440x900-4A-4D-section-inspector.png,file,ARCHIVE_CANDIDATE,docs/archive/qa_evidence/storefront_design_engine/phase5/task4_browser_qa/shots/1440x900-4A-4D-section-inspector.png,,TRUE,A
docs/qa_evidence/** (png/webp/js/html/json/css assets beyond 340 textual),docs/qa_evidence/storefront_design_engine/phase5/task4_browser_qa/shots/1440x900-4A-R2-global-scope.png,file,ARCHIVE_CANDIDATE,docs/archive/qa_evidence/storefront_design_engine/phase5/task4_browser_qa/shots/1440x900-4A-R2-global-scope.png,,TRUE,A
docs/qa_evidence/** (png/webp/js/html/json/css assets beyond 340 textual),docs/qa_evidence/storefront_design_engine/phase5/task4_browser_qa/shots/1440x900-4B-background-picker.png,file,ARCHIVE_CANDIDATE,docs/archive/qa_evidence/storefront_design_engine/phase5/task4_browser_qa/shots/1440x900-4B-background-picker.png,,TRUE,A
docs/qa_evidence/** (png/webp/js/html/json/css assets beyond 340 textual),docs/qa_evidence/storefront_design_engine/phase5/task4_browser_qa/shots/1440x900-4C-device-mobile.png,file,ARCHIVE_CANDIDATE,docs/archive/qa_evidence/storefront_design_engine/phase5/task4_browser_qa/shots/1440x900-4C-device-mobile.png,,TRUE,A
docs/qa_evidence/** (png/webp/js/html/json/css assets beyond 340 textual),docs/qa_evidence/storefront_design_engine/phase5/task4_browser_qa/shots/1440x900-4C-device-tablet.png,file,ARCHIVE_CANDIDATE,docs/archive/qa_evidence/storefront_design_engine/phase5/task4_browser_qa/shots/1440x900-4C-device-tablet.png,,TRUE,A
docs/qa_evidence/** (png/webp/js/html/json/css assets beyond 340 textual),docs/qa_evidence/storefront_design_engine/phase5/task4_browser_qa/shots/1440x900-R1a-media-inline.png,file,ARCHIVE_CANDIDATE,docs/archive/qa_evidence/storefront_design_engine/phase5/task4_browser_qa/shots/1440x900-R1a-media-inline.png,,TRUE,A
docs/qa_evidence/** (png/webp/js/html/json/css assets beyond 340 textual),docs/qa_evidence/storefront_design_engine/phase5/task4_browser_qa/shots/390x844-4A-4D-section-inspector.png,file,ARCHIVE_CANDIDATE,docs/archive/qa_evidence/storefront_design_engine/phase5/task4_browser_qa/shots/390x844-4A-4D-section-inspector.png,,TRUE,A
docs/qa_evidence/** (png/webp/js/html/json/css assets beyond 340 textual),docs/qa_evidence/storefront_design_engine/phase5/task4_browser_qa/shots/390x844-4A-R2-global-scope.png,file,ARCHIVE_CANDIDATE,docs/archive/qa_evidence/storefront_design_engine/phase5/task4_browser_qa/shots/390x844-4A-R2-global-scope.png,,TRUE,A
docs/qa_evidence/** (png/webp/js/html/json/css assets beyond 340 textual),docs/qa_evidence/storefront_design_engine/phase5/task4_browser_qa/shots/390x844-4B-background-picker.png,file,ARCHIVE_CANDIDATE,docs/archive/qa_evidence/storefront_design_engine/phase5/task4_browser_qa/shots/390x844-4B-background-picker.png,,TRUE,A
docs/qa_evidence/** (png/webp/js/html/json/css assets beyond 340 textual),docs/qa_evidence/storefront_design_engine/phase5/task4_browser_qa/shots/390x844-4C-device-mobile.png,file,ARCHIVE_CANDIDATE,docs/archive/qa_evidence/storefront_design_engine/phase5/task4_browser_qa/shots/390x844-4C-device-mobile.png,,TRUE,A
docs/qa_evidence/** (png/webp/js/html/json/css assets beyond 340 textual),docs/qa_evidence/storefront_design_engine/phase5/task4_browser_qa/shots/390x844-4C-device-tablet.png,file,ARCHIVE_CANDIDATE,docs/archive/qa_evidence/storefront_design_engine/phase5/task4_browser_qa/shots/390x844-4C-device-tablet.png,,TRUE,A
docs/qa_evidence/** (png/webp/js/html/json/css assets beyond 340 textual),docs/qa_evidence/storefront_design_engine/phase5/task4_browser_qa/shots/390x844-R1a-media-inline.png,file,ARCHIVE_CANDIDATE,docs/archive/qa_evidence/storefront_design_engine/phase5/task4_browser_qa/shots/390x844-R1a-media-inline.png,,TRUE,A
docs/qa_evidence/** (png/webp/js/html/json/css assets beyond 340 textual),docs/qa_evidence/storefront_design_engine/phase5/task4_browser_qa/shots/768x1024-4A-4D-section-inspector.png,file,ARCHIVE_CANDIDATE,docs/archive/qa_evidence/storefront_design_engine/phase5/task4_browser_qa/shots/768x1024-4A-4D-section-inspector.png,,TRUE,A
docs/qa_evidence/** (png/webp/js/html/json/css assets beyond 340 textual),docs/qa_evidence/storefront_design_engine/phase5/task4_browser_qa/shots/768x1024-4A-R2-global-scope.png,file,ARCHIVE_CANDIDATE,docs/archive/qa_evidence/storefront_design_engine/phase5/task4_browser_qa/shots/768x1024-4A-R2-global-scope.png,,TRUE,A
docs/qa_evidence/** (png/webp/js/html/json/css assets beyond 340 textual),docs/qa_evidence/storefront_design_engine/phase5/task4_browser_qa/shots/768x1024-4B-background-picker.png,file,ARCHIVE_CANDIDATE,docs/archive/qa_evidence/storefront_design_engine/phase5/task4_browser_qa/shots/768x1024-4B-background-picker.png,,TRUE,A
docs/qa_evidence/** (png/webp/js/html/json/css assets beyond 340 textual),docs/qa_evidence/storefront_design_engine/phase5/task4_browser_qa/shots/768x1024-4C-device-mobile.png,file,ARCHIVE_CANDIDATE,docs/archive/qa_evidence/storefront_design_engine/phase5/task4_browser_qa/shots/768x1024-4C-device-mobile.png,,TRUE,A
docs/qa_evidence/** (png/webp/js/html/json/css assets beyond 340 textual),docs/qa_evidence/storefront_design_engine/phase5/task4_browser_qa/shots/768x1024-4C-device-tablet.png,file,ARCHIVE_CANDIDATE,docs/archive/qa_evidence/storefront_design_engine/phase5/task4_browser_qa/shots/768x1024-4C-device-tablet.png,,TRUE,A
docs/qa_evidence/** (png/webp/js/html/json/css assets beyond 340 textual),docs/qa_evidence/storefront_design_engine/phase5/task4_browser_qa/shots/768x1024-R1a-media-inline.png,file,ARCHIVE_CANDIDATE,docs/archive/qa_evidence/storefront_design_engine/phase5/task4_browser_qa/shots/768x1024-R1a-media-inline.png,,TRUE,A
docs/qa_evidence/** (png/webp/js/html/json/css assets beyond 340 textual),docs/qa_evidence/storefront_design_engine/phase5/task4_browser_qa/shots/smoke-A-r4-media.png,file,ARCHIVE_CANDIDATE,docs/archive/qa_evidence/storefront_design_engine/phase5/task4_browser_qa/shots/smoke-A-r4-media.png,,TRUE,A
docs/qa_evidence/** (png/webp/js/html/json/css assets beyond 340 textual),docs/qa_evidence/storefront_design_engine/phase5/task4_browser_qa/shots/smoke-B-legacy-media.png,file,ARCHIVE_CANDIDATE,docs/archive/qa_evidence/storefront_design_engine/phase5/task4_browser_qa/shots/smoke-B-legacy-media.png,,TRUE,A
docs/qa_evidence/** (png/webp/js/html/json/css assets beyond 340 textual),docs/qa_evidence/storefront_design_engine/phase5/task4_browser_qa/tenant_negatives.json,file,ARCHIVE_CANDIDATE,docs/archive/qa_evidence/storefront_design_engine/phase5/task4_browser_qa/tenant_negatives.json,,TRUE,A
docs/qa_evidence/** (png/webp/js/html/json/css assets beyond 340 textual),docs/qa_evidence/storefront_design_engine/phase5/task4_contextual_editor_repairs.md,file,ARCHIVE_CANDIDATE,docs/archive/qa_evidence/storefront_design_engine/phase5/task4_contextual_editor_repairs.md,,TRUE,A
docs/qa_evidence/** (png/webp/js/html/json/css assets beyond 340 textual),docs/qa_evidence/storefront_design_engine/phase5/task5_browser_qa/home-desktop-1440.png,file,ARCHIVE_CANDIDATE,docs/archive/qa_evidence/storefront_design_engine/phase5/task5_browser_qa/home-desktop-1440.png,,TRUE,A
docs/qa_evidence/** (png/webp/js/html/json/css assets beyond 340 textual),docs/qa_evidence/storefront_design_engine/phase5/task5_browser_qa/home-mobile-390.png,file,ARCHIVE_CANDIDATE,docs/archive/qa_evidence/storefront_design_engine/phase5/task5_browser_qa/home-mobile-390.png,,TRUE,A
docs/qa_evidence/** (png/webp/js/html/json/css assets beyond 340 textual),docs/qa_evidence/storefront_design_engine/phase5/task5_browser_qa/home-quickview-desktop-1440.png,file,ARCHIVE_CANDIDATE,docs/archive/qa_evidence/storefront_design_engine/phase5/task5_browser_qa/home-quickview-desktop-1440.png,,TRUE,A
docs/qa_evidence/** (png/webp/js/html/json/css assets beyond 340 textual),docs/qa_evidence/storefront_design_engine/phase5/task5_browser_qa/home-quickview-mobile-390.png,file,ARCHIVE_CANDIDATE,docs/archive/qa_evidence/storefront_design_engine/phase5/task5_browser_qa/home-quickview-mobile-390.png,,TRUE,A
docs/qa_evidence/** (png/webp/js/html/json/css assets beyond 340 textual),docs/qa_evidence/storefront_design_engine/phase5/task5_browser_qa/home-quickview-tablet-768.png,file,ARCHIVE_CANDIDATE,docs/archive/qa_evidence/storefront_design_engine/phase5/task5_browser_qa/home-quickview-tablet-768.png,,TRUE,A
docs/qa_evidence/** (png/webp/js/html/json/css assets beyond 340 textual),docs/qa_evidence/storefront_design_engine/phase5/task5_browser_qa/home-tablet-768.png,file,ARCHIVE_CANDIDATE,docs/archive/qa_evidence/storefront_design_engine/phase5/task5_browser_qa/home-tablet-768.png,,TRUE,A
docs/qa_evidence/** (png/webp/js/html/json/css assets beyond 340 textual),docs/qa_evidence/storefront_design_engine/phase5/task5_browser_qa/mdr-drawer-mobile-390.png,file,ARCHIVE_CANDIDATE,docs/archive/qa_evidence/storefront_design_engine/phase5/task5_browser_qa/mdr-drawer-mobile-390.png,,TRUE,A
docs/qa_evidence/** (png/webp/js/html/json/css assets beyond 340 textual),docs/qa_evidence/storefront_design_engine/phase5/task5_browser_qa/pdp-desktop-1440.png,file,ARCHIVE_CANDIDATE,docs/archive/qa_evidence/storefront_design_engine/phase5/task5_browser_qa/pdp-desktop-1440.png,,TRUE,A
docs/qa_evidence/** (png/webp/js/html/json/css assets beyond 340 textual),docs/qa_evidence/storefront_design_engine/phase5/task5_browser_qa/pdp-mobile-390.png,file,ARCHIVE_CANDIDATE,docs/archive/qa_evidence/storefront_design_engine/phase5/task5_browser_qa/pdp-mobile-390.png,,TRUE,A
docs/qa_evidence/** (png/webp/js/html/json/css assets beyond 340 textual),docs/qa_evidence/storefront_design_engine/phase5/task5_browser_qa/pdp-nojs-desktop-1440.png,file,ARCHIVE_CANDIDATE,docs/archive/qa_evidence/storefront_design_engine/phase5/task5_browser_qa/pdp-nojs-desktop-1440.png,,TRUE,A
docs/qa_evidence/** (png/webp/js/html/json/css assets beyond 340 textual),docs/qa_evidence/storefront_design_engine/phase5/task5_browser_qa/pdp-tablet-768.png,file,ARCHIVE_CANDIDATE,docs/archive/qa_evidence/storefront_design_engine/phase5/task5_browser_qa/pdp-tablet-768.png,,TRUE,A
docs/qa_evidence/** (png/webp/js/html/json/css assets beyond 340 textual),docs/qa_evidence/storefront_design_engine/phase5/task5_browser_qa/report.json,file,ARCHIVE_CANDIDATE,docs/archive/qa_evidence/storefront_design_engine/phase5/task5_browser_qa/report.json,,TRUE,A
docs/qa_evidence/** (png/webp/js/html/json/css assets beyond 340 textual),docs/qa_evidence/storefront_design_engine/phase5/task5_implementation_report.md,file,ARCHIVE_CANDIDATE,docs/archive/qa_evidence/storefront_design_engine/phase5/task5_implementation_report.md,,TRUE,A
docs/qa_evidence/** (png/webp/js/html/json/css assets beyond 340 textual),docs/qa_evidence/storefront_design_engine/phase5/task6_discovery_report.md,file,ARCHIVE_CANDIDATE,docs/archive/qa_evidence/storefront_design_engine/phase5/task6_discovery_report.md,,TRUE,A
docs/qa_evidence/** (png/webp/js/html/json/css assets beyond 340 textual),docs/qa_evidence/storefront_design_engine/phase5/task6_showcase/01_showcase_chooser_desktop.png,file,ARCHIVE_CANDIDATE,docs/archive/qa_evidence/storefront_design_engine/phase5/task6_showcase/01_showcase_chooser_desktop.png,,TRUE,A
docs/qa_evidence/** (png/webp/js/html/json/css assets beyond 340 textual),docs/qa_evidence/storefront_design_engine/phase5/task6_showcase/02_four_canonical_sections_desktop.png,file,ARCHIVE_CANDIDATE,docs/archive/qa_evidence/storefront_design_engine/phase5/task6_showcase/02_four_canonical_sections_desktop.png,,TRUE,A
docs/qa_evidence/** (png/webp/js/html/json/css assets beyond 340 textual),docs/qa_evidence/storefront_design_engine/phase5/task6_showcase/03_showcase_mobile_390_rtl.png,file,ARCHIVE_CANDIDATE,docs/archive/qa_evidence/storefront_design_engine/phase5/task6_showcase/03_showcase_mobile_390_rtl.png,,TRUE,A
docs/qa_evidence/** (png/webp/js/html/json/css assets beyond 340 textual),docs/qa_evidence/storefront_design_engine/phase5/task6_showcase/r4_browser_result.json,file,ARCHIVE_CANDIDATE,docs/archive/qa_evidence/storefront_design_engine/phase5/task6_showcase/r4_browser_result.json,,TRUE,A
docs/qa_evidence/** (png/webp/js/html/json/css assets beyond 340 textual),docs/qa_evidence/storefront_design_engine/phase5/task6_showcase/task6_diagnostics.json,file,ARCHIVE_CANDIDATE,docs/archive/qa_evidence/storefront_design_engine/phase5/task6_showcase/task6_diagnostics.json,,TRUE,A
docs/qa_evidence/** (png/webp/js/html/json/css assets beyond 340 textual),docs/qa_evidence/storefront_design_engine/phase5/task6_showcase_implementation_report.md,file,ARCHIVE_CANDIDATE,docs/archive/qa_evidence/storefront_design_engine/phase5/task6_showcase_implementation_report.md,,TRUE,A
docs/qa_evidence/** (png/webp/js/html/json/css assets beyond 340 textual),docs/qa_evidence/storefront_design_engine/phase5/task7_browse_hardening/drawer-search-mobile-390.png,file,ARCHIVE_CANDIDATE,docs/archive/qa_evidence/storefront_design_engine/phase5/task7_browse_hardening/drawer-search-mobile-390.png,,TRUE,A
docs/qa_evidence/** (png/webp/js/html/json/css assets beyond 340 textual),docs/qa_evidence/storefront_design_engine/phase5/task7_browse_hardening/drawer-search-results-mobile-390.png,file,ARCHIVE_CANDIDATE,docs/archive/qa_evidence/storefront_design_engine/phase5/task7_browse_hardening/drawer-search-results-mobile-390.png,,TRUE,A
docs/qa_evidence/** (png/webp/js/html/json/css assets beyond 340 textual),docs/qa_evidence/storefront_design_engine/phase5/task7_browse_hardening/fallback/drawer-search-mobile-390.png,file,ARCHIVE_CANDIDATE,docs/archive/qa_evidence/storefront_design_engine/phase5/task7_browse_hardening/fallback/drawer-search-mobile-390.png,,TRUE,A
docs/qa_evidence/** (png/webp/js/html/json/css assets beyond 340 textual),docs/qa_evidence/storefront_design_engine/phase5/task7_browse_hardening/fallback/drawer-search-results-mobile-390.png,file,ARCHIVE_CANDIDATE,docs/archive/qa_evidence/storefront_design_engine/phase5/task7_browse_hardening/fallback/drawer-search-results-mobile-390.png,,TRUE,A
docs/qa_evidence/** (png/webp/js/html/json/css assets beyond 340 textual),docs/qa_evidence/storefront_design_engine/phase5/task7_browse_hardening/fallback/task7_browser_result.json,file,ARCHIVE_CANDIDATE,docs/archive/qa_evidence/storefront_design_engine/phase5/task7_browse_hardening/fallback/task7_browser_result.json,,TRUE,A
docs/qa_evidence/** (png/webp/js/html/json/css assets beyond 340 textual),docs/qa_evidence/storefront_design_engine/phase5/task7_browse_hardening/pagination-desktop-1440.png,file,ARCHIVE_CANDIDATE,docs/archive/qa_evidence/storefront_design_engine/phase5/task7_browse_hardening/pagination-desktop-1440.png,,TRUE,A
docs/qa_evidence/** (png/webp/js/html/json/css assets beyond 340 textual),docs/qa_evidence/storefront_design_engine/phase5/task7_browse_hardening/pagination-mobile-390.png,file,ARCHIVE_CANDIDATE,docs/archive/qa_evidence/storefront_design_engine/phase5/task7_browse_hardening/pagination-mobile-390.png,,TRUE,A
docs/qa_evidence/** (png/webp/js/html/json/css assets beyond 340 textual),docs/qa_evidence/storefront_design_engine/phase5/task7_browse_hardening/task7_browser_result.json,file,ARCHIVE_CANDIDATE,docs/archive/qa_evidence/storefront_design_engine/phase5/task7_browse_hardening/task7_browser_result.json,,TRUE,A
docs/qa_evidence/** (png/webp/js/html/json/css assets beyond 340 textual),docs/qa_evidence/storefront_design_engine/phase5/task7_discovery_report.md,file,ARCHIVE_CANDIDATE,docs/archive/qa_evidence/storefront_design_engine/phase5/task7_discovery_report.md,,TRUE,A
docs/qa_evidence/** (png/webp/js/html/json/css assets beyond 340 textual),docs/qa_evidence/storefront_design_engine/phase5/task7_implementation_report.md,file,ARCHIVE_CANDIDATE,docs/archive/qa_evidence/storefront_design_engine/phase5/task7_implementation_report.md,,TRUE,A
docs/qa_evidence/** (png/webp/js/html/json/css assets beyond 340 textual),docs/qa_evidence/storefront_design_engine/phase5/task8_browser_qa/pdp_five_item_mobile-360.png,file,ARCHIVE_CANDIDATE,docs/archive/qa_evidence/storefront_design_engine/phase5/task8_browser_qa/pdp_five_item_mobile-360.png,,TRUE,A
docs/qa_evidence/** (png/webp/js/html/json/css assets beyond 340 textual),docs/qa_evidence/storefront_design_engine/phase5/task8_browser_qa/pdp_five_item_mobile-390.png,file,ARCHIVE_CANDIDATE,docs/archive/qa_evidence/storefront_design_engine/phase5/task8_browser_qa/pdp_five_item_mobile-390.png,,TRUE,A
docs/qa_evidence/** (png/webp/js/html/json/css assets beyond 340 textual),docs/qa_evidence/storefront_design_engine/phase5/task8_browser_qa/pdp_floating_dock_mobile-360.png,file,ARCHIVE_CANDIDATE,docs/archive/qa_evidence/storefront_design_engine/phase5/task8_browser_qa/pdp_floating_dock_mobile-360.png,,TRUE,A
docs/qa_evidence/** (png/webp/js/html/json/css assets beyond 340 textual),docs/qa_evidence/storefront_design_engine/phase5/task8_browser_qa/pdp_floating_dock_mobile-390.png,file,ARCHIVE_CANDIDATE,docs/archive/qa_evidence/storefront_design_engine/phase5/task8_browser_qa/pdp_floating_dock_mobile-390.png,,TRUE,A
docs/qa_evidence/** (png/webp/js/html/json/css assets beyond 340 textual),docs/qa_evidence/storefront_design_engine/phase5/task8_browser_qa/pdp_four_item_mobile-360.png,file,ARCHIVE_CANDIDATE,docs/archive/qa_evidence/storefront_design_engine/phase5/task8_browser_qa/pdp_four_item_mobile-360.png,,TRUE,A
docs/qa_evidence/** (png/webp/js/html/json/css assets beyond 340 textual),docs/qa_evidence/storefront_design_engine/phase5/task8_browser_qa/pdp_four_item_mobile-390.png,file,ARCHIVE_CANDIDATE,docs/archive/qa_evidence/storefront_design_engine/phase5/task8_browser_qa/pdp_four_item_mobile-390.png,,TRUE,A
docs/qa_evidence/** (png/webp/js/html/json/css assets beyond 340 textual),docs/qa_evidence/storefront_design_engine/phase5/task8_browser_qa/pdp_glass_dock_mobile-360.png,file,ARCHIVE_CANDIDATE,docs/archive/qa_evidence/storefront_design_engine/phase5/task8_browser_qa/pdp_glass_dock_mobile-360.png,,TRUE,A
docs/qa_evidence/** (png/webp/js/html/json/css assets beyond 340 textual),docs/qa_evidence/storefront_design_engine/phase5/task8_browser_qa/pdp_glass_dock_mobile-390.png,file,ARCHIVE_CANDIDATE,docs/archive/qa_evidence/storefront_design_engine/phase5/task8_browser_qa/pdp_glass_dock_mobile-390.png,,TRUE,A
docs/qa_evidence/** (png/webp/js/html/json/css assets beyond 340 textual),docs/qa_evidence/storefront_design_engine/phase5/task8_browser_qa/pdp_hidden_mobile-360.png,file,ARCHIVE_CANDIDATE,docs/archive/qa_evidence/storefront_design_engine/phase5/task8_browser_qa/pdp_hidden_mobile-360.png,,TRUE,A
docs/qa_evidence/** (png/webp/js/html/json/css assets beyond 340 textual),docs/qa_evidence/storefront_design_engine/phase5/task8_browser_qa/pdp_hidden_mobile-390.png,file,ARCHIVE_CANDIDATE,docs/archive/qa_evidence/storefront_design_engine/phase5/task8_browser_qa/pdp_hidden_mobile-390.png,,TRUE,A
docs/qa_evidence/** (png/webp/js/html/json/css assets beyond 340 textual),docs/qa_evidence/storefront_design_engine/phase5/task8_browser_qa/pdp_luxury_floating_cart_mobile-360.png,file,ARCHIVE_CANDIDATE,docs/archive/qa_evidence/storefront_design_engine/phase5/task8_browser_qa/pdp_luxury_floating_cart_mobile-360.png,,TRUE,A
docs/qa_evidence/** (png/webp/js/html/json/css assets beyond 340 textual),docs/qa_evidence/storefront_design_engine/phase5/task8_browser_qa/pdp_luxury_floating_cart_mobile-390.png,file,ARCHIVE_CANDIDATE,docs/archive/qa_evidence/storefront_design_engine/phase5/task8_browser_qa/pdp_luxury_floating_cart_mobile-390.png,,TRUE,A
docs/qa_evidence/** (png/webp/js/html/json/css assets beyond 340 textual),docs/qa_evidence/storefront_design_engine/phase5/task8_browser_qa/pdp_minimal_icons_mobile-360.png,file,ARCHIVE_CANDIDATE,docs/archive/qa_evidence/storefront_design_engine/phase5/task8_browser_qa/pdp_minimal_icons_mobile-360.png,,TRUE,A
docs/qa_evidence/** (png/webp/js/html/json/css assets beyond 340 textual),docs/qa_evidence/storefront_design_engine/phase5/task8_browser_qa/pdp_minimal_icons_mobile-390.png,file,ARCHIVE_CANDIDATE,docs/archive/qa_evidence/storefront_design_engine/phase5/task8_browser_qa/pdp_minimal_icons_mobile-390.png,,TRUE,A
docs/qa_evidence/** (png/webp/js/html/json/css assets beyond 340 textual),docs/qa_evidence/storefront_design_engine/phase5/task8_browser_qa/pdp_raised_cart_mobile-360.png,file,ARCHIVE_CANDIDATE,docs/archive/qa_evidence/storefront_design_engine/phase5/task8_browser_qa/pdp_raised_cart_mobile-360.png,,TRUE,A
docs/qa_evidence/** (png/webp/js/html/json/css assets beyond 340 textual),docs/qa_evidence/storefront_design_engine/phase5/task8_browser_qa/pdp_raised_cart_mobile-390.png,file,ARCHIVE_CANDIDATE,docs/archive/qa_evidence/storefront_design_engine/phase5/task8_browser_qa/pdp_raised_cart_mobile-390.png,,TRUE,A
docs/qa_evidence/** (png/webp/js/html/json/css assets beyond 340 textual),docs/qa_evidence/storefront_design_engine/phase5/task8_browser_qa/pdp_wide_cart_mobile-360.png,file,ARCHIVE_CANDIDATE,docs/archive/qa_evidence/storefront_design_engine/phase5/task8_browser_qa/pdp_wide_cart_mobile-360.png,,TRUE,A
docs/qa_evidence/** (png/webp/js/html/json/css assets beyond 340 textual),docs/qa_evidence/storefront_design_engine/phase5/task8_browser_qa/pdp_wide_cart_mobile-390.png,file,ARCHIVE_CANDIDATE,docs/archive/qa_evidence/storefront_design_engine/phase5/task8_browser_qa/pdp_wide_cart_mobile-390.png,,TRUE,A
docs/qa_evidence/** (png/webp/js/html/json/css assets beyond 340 textual),docs/qa_evidence/storefront_design_engine/phase5/task8_browser_qa/report_five_item.json,file,ARCHIVE_CANDIDATE,docs/archive/qa_evidence/storefront_design_engine/phase5/task8_browser_qa/report_five_item.json,,TRUE,A
docs/qa_evidence/** (png/webp/js/html/json/css assets beyond 340 textual),docs/qa_evidence/storefront_design_engine/phase5/task8_browser_qa/report_floating_dock.json,file,ARCHIVE_CANDIDATE,docs/archive/qa_evidence/storefront_design_engine/phase5/task8_browser_qa/report_floating_dock.json,,TRUE,A
docs/qa_evidence/** (png/webp/js/html/json/css assets beyond 340 textual),docs/qa_evidence/storefront_design_engine/phase5/task8_browser_qa/report_four_item.json,file,ARCHIVE_CANDIDATE,docs/archive/qa_evidence/storefront_design_engine/phase5/task8_browser_qa/report_four_item.json,,TRUE,A
docs/qa_evidence/** (png/webp/js/html/json/css assets beyond 340 textual),docs/qa_evidence/storefront_design_engine/phase5/task8_browser_qa/report_glass_dock.json,file,ARCHIVE_CANDIDATE,docs/archive/qa_evidence/storefront_design_engine/phase5/task8_browser_qa/report_glass_dock.json,,TRUE,A
docs/qa_evidence/** (png/webp/js/html/json/css assets beyond 340 textual),docs/qa_evidence/storefront_design_engine/phase5/task8_browser_qa/report_hidden.json,file,ARCHIVE_CANDIDATE,docs/archive/qa_evidence/storefront_design_engine/phase5/task8_browser_qa/report_hidden.json,,TRUE,A
docs/qa_evidence/** (png/webp/js/html/json/css assets beyond 340 textual),docs/qa_evidence/storefront_design_engine/phase5/task8_browser_qa/report_luxury_floating_cart.json,file,ARCHIVE_CANDIDATE,docs/archive/qa_evidence/storefront_design_engine/phase5/task8_browser_qa/report_luxury_floating_cart.json,,TRUE,A
docs/qa_evidence/** (png/webp/js/html/json/css assets beyond 340 textual),docs/qa_evidence/storefront_design_engine/phase5/task8_browser_qa/report_minimal_icons.json,file,ARCHIVE_CANDIDATE,docs/archive/qa_evidence/storefront_design_engine/phase5/task8_browser_qa/report_minimal_icons.json,,TRUE,A
docs/qa_evidence/** (png/webp/js/html/json/css assets beyond 340 textual),docs/qa_evidence/storefront_design_engine/phase5/task8_browser_qa/report_raised_cart.json,file,ARCHIVE_CANDIDATE,docs/archive/qa_evidence/storefront_design_engine/phase5/task8_browser_qa/report_raised_cart.json,,TRUE,A
docs/qa_evidence/** (png/webp/js/html/json/css assets beyond 340 textual),docs/qa_evidence/storefront_design_engine/phase5/task8_browser_qa/report_wide_cart.json,file,ARCHIVE_CANDIDATE,docs/archive/qa_evidence/storefront_design_engine/phase5/task8_browser_qa/report_wide_cart.json,,TRUE,A
docs/qa_evidence/** (png/webp/js/html/json/css assets beyond 340 textual),docs/qa_evidence/storefront_design_engine/phase5/task8_implementation_report.md,file,ARCHIVE_CANDIDATE,docs/archive/qa_evidence/storefront_design_engine/phase5/task8_implementation_report.md,,TRUE,A
docs/qa_evidence/** (png/webp/js/html/json/css assets beyond 340 textual),docs/qa_evidence/storefront_design_engine/phase5/w1_free_shipping_goal/architecture_duplication_audit.txt,file,ARCHIVE_CANDIDATE,docs/archive/qa_evidence/storefront_design_engine/phase5/w1_free_shipping_goal/architecture_duplication_audit.txt,,TRUE,A
docs/qa_evidence/** (png/webp/js/html/json/css assets beyond 340 textual),docs/qa_evidence/storefront_design_engine/phase5/w1_free_shipping_goal/browser_qa/cart_below_desktop-1440.png,file,ARCHIVE_CANDIDATE,docs/archive/qa_evidence/storefront_design_engine/phase5/w1_free_shipping_goal/browser_qa/cart_below_desktop-1440.png,,TRUE,A
docs/qa_evidence/** (png/webp/js/html/json/css assets beyond 340 textual),docs/qa_evidence/storefront_design_engine/phase5/w1_free_shipping_goal/browser_qa/cart_below_mobile-390.png,file,ARCHIVE_CANDIDATE,docs/archive/qa_evidence/storefront_design_engine/phase5/w1_free_shipping_goal/browser_qa/cart_below_mobile-390.png,,TRUE,A
docs/qa_evidence/** (png/webp/js/html/json/css assets beyond 340 textual),docs/qa_evidence/storefront_design_engine/phase5/w1_free_shipping_goal/browser_qa/cart_below_tablet-768.png,file,ARCHIVE_CANDIDATE,docs/archive/qa_evidence/storefront_design_engine/phase5/w1_free_shipping_goal/browser_qa/cart_below_tablet-768.png,,TRUE,A
docs/qa_evidence/** (png/webp/js/html/json/css assets beyond 340 textual),docs/qa_evidence/storefront_design_engine/phase5/w1_free_shipping_goal/browser_qa/cart_digital_desktop-1440.png,file,ARCHIVE_CANDIDATE,docs/archive/qa_evidence/storefront_design_engine/phase5/w1_free_shipping_goal/browser_qa/cart_digital_desktop-1440.png,,TRUE,A
docs/qa_evidence/** (png/webp/js/html/json/css assets beyond 340 textual),docs/qa_evidence/storefront_design_engine/phase5/w1_free_shipping_goal/browser_qa/cart_digital_mobile-390.png,file,ARCHIVE_CANDIDATE,docs/archive/qa_evidence/storefront_design_engine/phase5/w1_free_shipping_goal/browser_qa/cart_digital_mobile-390.png,,TRUE,A
docs/qa_evidence/** (png/webp/js/html/json/css assets beyond 340 textual),docs/qa_evidence/storefront_design_engine/phase5/w1_free_shipping_goal/browser_qa/cart_digital_tablet-768.png,file,ARCHIVE_CANDIDATE,docs/archive/qa_evidence/storefront_design_engine/phase5/w1_free_shipping_goal/browser_qa/cart_digital_tablet-768.png,,TRUE,A
docs/qa_evidence/** (png/webp/js/html/json/css assets beyond 340 textual),docs/qa_evidence/storefront_design_engine/phase5/w1_free_shipping_goal/browser_qa/cart_empty_desktop-1440.png,file,ARCHIVE_CANDIDATE,docs/archive/qa_evidence/storefront_design_engine/phase5/w1_free_shipping_goal/browser_qa/cart_empty_desktop-1440.png,,TRUE,A
docs/qa_evidence/** (png/webp/js/html/json/css assets beyond 340 textual),docs/qa_evidence/storefront_design_engine/phase5/w1_free_shipping_goal/browser_qa/cart_empty_mobile-390.png,file,ARCHIVE_CANDIDATE,docs/archive/qa_evidence/storefront_design_engine/phase5/w1_free_shipping_goal/browser_qa/cart_empty_mobile-390.png,,TRUE,A
docs/qa_evidence/** (png/webp/js/html/json/css assets beyond 340 textual),docs/qa_evidence/storefront_design_engine/phase5/w1_free_shipping_goal/browser_qa/cart_empty_tablet-768.png,file,ARCHIVE_CANDIDATE,docs/archive/qa_evidence/storefront_design_engine/phase5/w1_free_shipping_goal/browser_qa/cart_empty_tablet-768.png,,TRUE,A
docs/qa_evidence/** (png/webp/js/html/json/css assets beyond 340 textual),docs/qa_evidence/storefront_design_engine/phase5/w1_free_shipping_goal/browser_qa/cart_reached_desktop-1440.png,file,ARCHIVE_CANDIDATE,docs/archive/qa_evidence/storefront_design_engine/phase5/w1_free_shipping_goal/browser_qa/cart_reached_desktop-1440.png,,TRUE,A
docs/qa_evidence/** (png/webp/js/html/json/css assets beyond 340 textual),docs/qa_evidence/storefront_design_engine/phase5/w1_free_shipping_goal/browser_qa/cart_reached_mobile-390.png,file,ARCHIVE_CANDIDATE,docs/archive/qa_evidence/storefront_design_engine/phase5/w1_free_shipping_goal/browser_qa/cart_reached_mobile-390.png,,TRUE,A
docs/qa_evidence/** (png/webp/js/html/json/css assets beyond 340 textual),docs/qa_evidence/storefront_design_engine/phase5/w1_free_shipping_goal/browser_qa/cart_reached_tablet-768.png,file,ARCHIVE_CANDIDATE,docs/archive/qa_evidence/storefront_design_engine/phase5/w1_free_shipping_goal/browser_qa/cart_reached_tablet-768.png,,TRUE,A
docs/qa_evidence/** (png/webp/js/html/json/css assets beyond 340 textual),docs/qa_evidence/storefront_design_engine/phase5/w1_free_shipping_goal/browser_qa/report.json,file,ARCHIVE_CANDIDATE,docs/archive/qa_evidence/storefront_design_engine/phase5/w1_free_shipping_goal/browser_qa/report.json,,TRUE,A
docs/qa_evidence/** (png/webp/js/html/json/css assets beyond 340 textual),docs/qa_evidence/storefront_design_engine/phase5/w1_free_shipping_goal/diff_check.txt,file,ARCHIVE_CANDIDATE,docs/archive/qa_evidence/storefront_design_engine/phase5/w1_free_shipping_goal/diff_check.txt,,TRUE,A
docs/qa_evidence/** (png/webp/js/html/json/css assets beyond 340 textual),docs/qa_evidence/storefront_design_engine/phase5/w1_free_shipping_goal/django_check.txt,file,ARCHIVE_CANDIDATE,docs/archive/qa_evidence/storefront_design_engine/phase5/w1_free_shipping_goal/django_check.txt,,TRUE,A
docs/qa_evidence/** (png/webp/js/html/json/css assets beyond 340 textual),docs/qa_evidence/storefront_design_engine/phase5/w1_free_shipping_goal/green_focused.txt,file,ARCHIVE_CANDIDATE,docs/archive/qa_evidence/storefront_design_engine/phase5/w1_free_shipping_goal/green_focused.txt,,TRUE,A
docs/qa_evidence/** (png/webp/js/html/json/css assets beyond 340 textual),docs/qa_evidence/storefront_design_engine/phase5/w1_free_shipping_goal/green_pricing.txt,file,ARCHIVE_CANDIDATE,docs/archive/qa_evidence/storefront_design_engine/phase5/w1_free_shipping_goal/green_pricing.txt,,TRUE,A
docs/qa_evidence/** (png/webp/js/html/json/css assets beyond 340 textual),docs/qa_evidence/storefront_design_engine/phase5/w1_free_shipping_goal/migration_check.txt,file,ARCHIVE_CANDIDATE,docs/archive/qa_evidence/storefront_design_engine/phase5/w1_free_shipping_goal/migration_check.txt,,TRUE,A
docs/qa_evidence/** (png/webp/js/html/json/css assets beyond 340 textual),docs/qa_evidence/storefront_design_engine/phase5/w1_free_shipping_goal/red_near_threshold.txt,file,ARCHIVE_CANDIDATE,docs/archive/qa_evidence/storefront_design_engine/phase5/w1_free_shipping_goal/red_near_threshold.txt,,TRUE,A
docs/qa_evidence/** (png/webp/js/html/json/css assets beyond 340 textual),docs/qa_evidence/storefront_design_engine/phase5/w1_free_shipping_goal/red_nonpositive_threshold.txt,file,ARCHIVE_CANDIDATE,docs/archive/qa_evidence/storefront_design_engine/phase5/w1_free_shipping_goal/red_nonpositive_threshold.txt,,TRUE,A
docs/qa_evidence/** (png/webp/js/html/json/css assets beyond 340 textual),docs/qa_evidence/storefront_design_engine/phase5/w1_free_shipping_goal/red_pricing.txt,file,ARCHIVE_CANDIDATE,docs/archive/qa_evidence/storefront_design_engine/phase5/w1_free_shipping_goal/red_pricing.txt,,TRUE,A
docs/qa_evidence/** (png/webp/js/html/json/css assets beyond 340 textual),docs/qa_evidence/storefront_design_engine/phase5/w1_free_shipping_goal/regression.txt,file,ARCHIVE_CANDIDATE,docs/archive/qa_evidence/storefront_design_engine/phase5/w1_free_shipping_goal/regression.txt,,TRUE,A
docs/qa_evidence/** (png/webp/js/html/json/css assets beyond 340 textual),docs/qa_evidence/storefront_design_engine/phase5/w1_free_shipping_goal/regression_preexisting_note.txt,file,ARCHIVE_CANDIDATE,docs/archive/qa_evidence/storefront_design_engine/phase5/w1_free_shipping_goal/regression_preexisting_note.txt,,TRUE,A
docs/qa_evidence/** (png/webp/js/html/json/css assets beyond 340 textual),docs/qa_evidence/storefront_design_engine/phase5/w1_free_shipping_goal/w1_implementation_report.md,file,ARCHIVE_CANDIDATE,docs/archive/qa_evidence/storefront_design_engine/phase5/w1_free_shipping_goal/w1_implementation_report.md,,TRUE,A
docs/qa_evidence/** (png/webp/js/html/json/css assets beyond 340 textual),docs/qa_evidence/storefront_design_engine/phase5/w2_theme_overlay/00_source_inventory.md,file,ARCHIVE_CANDIDATE,docs/archive/qa_evidence/storefront_design_engine/phase5/w2_theme_overlay/00_source_inventory.md,,TRUE,A
docs/qa_evidence/** (png/webp/js/html/json/css assets beyond 340 textual),docs/qa_evidence/storefront_design_engine/phase5/w2_theme_overlay/01_red_summary.txt,file,ARCHIVE_CANDIDATE,docs/archive/qa_evidence/storefront_design_engine/phase5/w2_theme_overlay/01_red_summary.txt,,TRUE,A
docs/qa_evidence/** (png/webp/js/html/json/css assets beyond 340 textual),docs/qa_evidence/storefront_design_engine/phase5/w2_theme_overlay/02_green_focused.txt,file,ARCHIVE_CANDIDATE,docs/archive/qa_evidence/storefront_design_engine/phase5/w2_theme_overlay/02_green_focused.txt,,TRUE,A
docs/qa_evidence/** (png/webp/js/html/json/css assets beyond 340 textual),docs/qa_evidence/storefront_design_engine/phase5/w2_theme_overlay/03_targeted_regression.txt,file,ARCHIVE_CANDIDATE,docs/archive/qa_evidence/storefront_design_engine/phase5/w2_theme_overlay/03_targeted_regression.txt,,TRUE,A
docs/qa_evidence/** (png/webp/js/html/json/css assets beyond 340 textual),docs/qa_evidence/storefront_design_engine/phase5/w2_theme_overlay/04_full_storefront_builder_suite.txt,file,ARCHIVE_CANDIDATE,docs/archive/qa_evidence/storefront_design_engine/phase5/w2_theme_overlay/04_full_storefront_builder_suite.txt,,TRUE,A
docs/qa_evidence/** (png/webp/js/html/json/css assets beyond 340 textual),docs/qa_evidence/storefront_design_engine/phase5/w2_theme_overlay/05_preexisting_failures_repro.md,file,ARCHIVE_CANDIDATE,docs/archive/qa_evidence/storefront_design_engine/phase5/w2_theme_overlay/05_preexisting_failures_repro.md,,TRUE,A
docs/qa_evidence/** (png/webp/js/html/json/css assets beyond 340 textual),docs/qa_evidence/storefront_design_engine/phase5/w2_theme_overlay/06_repo_gates.txt,file,ARCHIVE_CANDIDATE,docs/archive/qa_evidence/storefront_design_engine/phase5/w2_theme_overlay/06_repo_gates.txt,,TRUE,A
docs/qa_evidence/** (png/webp/js/html/json/css assets beyond 340 textual),docs/qa_evidence/storefront_design_engine/phase5/w2_theme_overlay/07_browser_qa_report.md,file,ARCHIVE_CANDIDATE,docs/archive/qa_evidence/storefront_design_engine/phase5/w2_theme_overlay/07_browser_qa_report.md,,TRUE,A
docs/qa_evidence/** (png/webp/js/html/json/css assets beyond 340 textual),docs/qa_evidence/storefront_design_engine/phase5/w2_theme_overlay/08_theme_catalog_po_review.md,file,ARCHIVE_CANDIDATE,docs/archive/qa_evidence/storefront_design_engine/phase5/w2_theme_overlay/08_theme_catalog_po_review.md,,TRUE,A
docs/qa_evidence/** (png/webp/js/html/json/css assets beyond 340 textual),docs/qa_evidence/storefront_design_engine/phase5/w2_theme_overlay/09_architecture_duplication_audit.md,file,ARCHIVE_CANDIDATE,docs/archive/qa_evidence/storefront_design_engine/phase5/w2_theme_overlay/09_architecture_duplication_audit.md,,TRUE,A
docs/qa_evidence/** (png/webp/js/html/json/css assets beyond 340 textual),docs/qa_evidence/storefront_design_engine/phase5/w2_theme_overlay/10_browser_qa_matrix_raw.txt,file,ARCHIVE_CANDIDATE,docs/archive/qa_evidence/storefront_design_engine/phase5/w2_theme_overlay/10_browser_qa_matrix_raw.txt,,TRUE,A
docs/qa_evidence/** (png/webp/js/html/json/css assets beyond 340 textual),docs/qa_evidence/storefront_design_engine/phase5/w2_theme_overlay/11_repair_red_green.md,file,ARCHIVE_CANDIDATE,docs/archive/qa_evidence/storefront_design_engine/phase5/w2_theme_overlay/11_repair_red_green.md,,TRUE,A
docs/qa_evidence/** (png/webp/js/html/json/css assets beyond 340 textual),docs/qa_evidence/storefront_design_engine/phase5/w2_theme_overlay/12_task6_historical_guard.txt,file,ARCHIVE_CANDIDATE,docs/archive/qa_evidence/storefront_design_engine/phase5/w2_theme_overlay/12_task6_historical_guard.txt,,TRUE,A
docs/qa_evidence/** (png/webp/js/html/json/css assets beyond 340 textual),docs/qa_evidence/storefront_design_engine/phase5/w2_theme_overlay/13_candidate_preview_regression.txt,file,ARCHIVE_CANDIDATE,docs/archive/qa_evidence/storefront_design_engine/phase5/w2_theme_overlay/13_candidate_preview_regression.txt,,TRUE,A
docs/qa_evidence/** (png/webp/js/html/json/css assets beyond 340 textual),docs/qa_evidence/storefront_design_engine/phase5/w2_theme_overlay/14_base_312_failures.txt,file,ARCHIVE_CANDIDATE,docs/archive/qa_evidence/storefront_design_engine/phase5/w2_theme_overlay/14_base_312_failures.txt,,TRUE,A
docs/qa_evidence/** (png/webp/js/html/json/css assets beyond 340 textual),docs/qa_evidence/storefront_design_engine/phase5/w2_theme_overlay/15_w2_312_failures.txt,file,ARCHIVE_CANDIDATE,docs/archive/qa_evidence/storefront_design_engine/phase5/w2_theme_overlay/15_w2_312_failures.txt,,TRUE,A
docs/qa_evidence/** (png/webp/js/html/json/css assets beyond 340 textual),docs/qa_evidence/storefront_design_engine/phase5/w2_theme_overlay/16_base_full_suite.txt,file,ARCHIVE_CANDIDATE,docs/archive/qa_evidence/storefront_design_engine/phase5/w2_theme_overlay/16_base_full_suite.txt,,TRUE,A
docs/qa_evidence/** (png/webp/js/html/json/css assets beyond 340 textual),docs/qa_evidence/storefront_design_engine/phase5/w2_theme_overlay/17_w2_full_suite_raw.txt,file,ARCHIVE_CANDIDATE,docs/archive/qa_evidence/storefront_design_engine/phase5/w2_theme_overlay/17_w2_full_suite_raw.txt,,TRUE,A
docs/qa_evidence/** (png/webp/js/html/json/css assets beyond 340 textual),docs/qa_evidence/storefront_design_engine/phase5/w2_theme_overlay/18_base_full_suite_raw.txt,file,ARCHIVE_CANDIDATE,docs/archive/qa_evidence/storefront_design_engine/phase5/w2_theme_overlay/18_base_full_suite_raw.txt,,TRUE,A
docs/qa_evidence/** (png/webp/js/html/json/css assets beyond 340 textual),docs/qa_evidence/storefront_design_engine/phase5/w2_theme_overlay/19_failure_reason_comparison.md,file,ARCHIVE_CANDIDATE,docs/archive/qa_evidence/storefront_design_engine/phase5/w2_theme_overlay/19_failure_reason_comparison.md,,TRUE,A
docs/qa_evidence/** (png/webp/js/html/json/css assets beyond 340 textual),docs/qa_evidence/storefront_design_engine/phase5/w2_theme_overlay/screenshots/A-muharram-strong-desktop.png,file,ARCHIVE_CANDIDATE,docs/archive/qa_evidence/storefront_design_engine/phase5/w2_theme_overlay/screenshots/A-muharram-strong-desktop.png,,TRUE,A
docs/qa_evidence/** (png/webp/js/html/json/css assets beyond 340 textual),docs/qa_evidence/storefront_design_engine/phase5/w2_theme_overlay/screenshots/A-none-restore-desktop.png,file,ARCHIVE_CANDIDATE,docs/archive/qa_evidence/storefront_design_engine/phase5/w2_theme_overlay/screenshots/A-none-restore-desktop.png,,TRUE,A
docs/qa_evidence/** (png/webp/js/html/json/css assets beyond 340 textual),docs/qa_evidence/storefront_design_engine/phase5/w2_theme_overlay/screenshots/A-ramadan-balanced-desktop.png,file,ARCHIVE_CANDIDATE,docs/archive/qa_evidence/storefront_design_engine/phase5/w2_theme_overlay/screenshots/A-ramadan-balanced-desktop.png,,TRUE,A
docs/qa_evidence/** (png/webp/js/html/json/css assets beyond 340 textual),docs/qa_evidence/storefront_design_engine/phase5/w2_theme_overlay/screenshots/A-yalda-strong-desktop.png,file,ARCHIVE_CANDIDATE,docs/archive/qa_evidence/storefront_design_engine/phase5/w2_theme_overlay/screenshots/A-yalda-strong-desktop.png,,TRUE,A
docs/qa_evidence/** (png/webp/js/html/json/css assets beyond 340 textual),docs/qa_evidence/storefront_design_engine/phase5/w2_theme_overlay/screenshots/A-yalda-strong-mobile.png,file,ARCHIVE_CANDIDATE,docs/archive/qa_evidence/storefront_design_engine/phase5/w2_theme_overlay/screenshots/A-yalda-strong-mobile.png,,TRUE,A
docs/qa_evidence/** (png/webp/js/html/json/css assets beyond 340 textual),docs/qa_evidence/storefront_design_engine/phase5/w2_theme_overlay/screenshots/A-yalda-strong-tablet.png,file,ARCHIVE_CANDIDATE,docs/archive/qa_evidence/storefront_design_engine/phase5/w2_theme_overlay/screenshots/A-yalda-strong-tablet.png,,TRUE,A
docs/qa_evidence/** (png/webp/js/html/json/css assets beyond 340 textual),docs/qa_evidence/storefront_design_engine/phase5/w2_theme_overlay/screenshots/A-yalda-subtle-desktop.png,file,ARCHIVE_CANDIDATE,docs/archive/qa_evidence/storefront_design_engine/phase5/w2_theme_overlay/screenshots/A-yalda-subtle-desktop.png,,TRUE,A
docs/qa_evidence/** (png/webp/js/html/json/css assets beyond 340 textual),docs/qa_evidence/storefront_design_engine/phase5/w2_theme_overlay/screenshots/B-muharram-subtle-desktop.png,file,ARCHIVE_CANDIDATE,docs/archive/qa_evidence/storefront_design_engine/phase5/w2_theme_overlay/screenshots/B-muharram-subtle-desktop.png,,TRUE,A
docs/qa_evidence/** (png/webp/js/html/json/css assets beyond 340 textual),docs/qa_evidence/storefront_design_engine/phase5/w2_theme_overlay/screenshots/B-none-restore-desktop.png,file,ARCHIVE_CANDIDATE,docs/archive/qa_evidence/storefront_design_engine/phase5/w2_theme_overlay/screenshots/B-none-restore-desktop.png,,TRUE,A
docs/qa_evidence/** (png/webp/js/html/json/css assets beyond 340 textual),docs/qa_evidence/storefront_design_engine/phase5/w2_theme_overlay/screenshots/B-ramadan-balanced-desktop.png,file,ARCHIVE_CANDIDATE,docs/archive/qa_evidence/storefront_design_engine/phase5/w2_theme_overlay/screenshots/B-ramadan-balanced-desktop.png,,TRUE,A
docs/qa_evidence/** (png/webp/js/html/json/css assets beyond 340 textual),docs/qa_evidence/storefront_design_engine/phase5/w2_theme_overlay/screenshots/B-yalda-strong-desktop.png,file,ARCHIVE_CANDIDATE,docs/archive/qa_evidence/storefront_design_engine/phase5/w2_theme_overlay/screenshots/B-yalda-strong-desktop.png,,TRUE,A
docs/qa_evidence/** (png/webp/js/html/json/css assets beyond 340 textual),docs/qa_evidence/storefront_design_engine/phase5/w2_theme_overlay/screenshots/B-yalda-strong-mobile.png,file,ARCHIVE_CANDIDATE,docs/archive/qa_evidence/storefront_design_engine/phase5/w2_theme_overlay/screenshots/B-yalda-strong-mobile.png,,TRUE,A
docs/qa_evidence/** (png/webp/js/html/json/css assets beyond 340 textual),docs/qa_evidence/storefront_design_engine/phase5/w2_theme_overlay/screenshots/B-yalda-strong-tablet.png,file,ARCHIVE_CANDIDATE,docs/archive/qa_evidence/storefront_design_engine/phase5/w2_theme_overlay/screenshots/B-yalda-strong-tablet.png,,TRUE,A
docs/qa_evidence/** (png/webp/js/html/json/css assets beyond 340 textual),docs/qa_evidence/storefront_design_engine/phase5/w2_theme_overlay/w2_implementation_report.md,file,ARCHIVE_CANDIDATE,docs/archive/qa_evidence/storefront_design_engine/phase5/w2_theme_overlay/w2_implementation_report.md,,TRUE,A
docs/qa_evidence/** (png/webp/js/html/json/css assets beyond 340 textual),docs/qa_evidence/storefront_design_engine/phase5/w3_design_lab/00_branch_sha.txt,file,ARCHIVE_CANDIDATE,docs/archive/qa_evidence/storefront_design_engine/phase5/w3_design_lab/00_branch_sha.txt,,TRUE,A
docs/qa_evidence/** (png/webp/js/html/json/css assets beyond 340 textual),docs/qa_evidence/storefront_design_engine/phase5/w3_design_lab/00_source_inventory.md,file,ARCHIVE_CANDIDATE,docs/archive/qa_evidence/storefront_design_engine/phase5/w3_design_lab/00_source_inventory.md,,TRUE,A
docs/qa_evidence/** (png/webp/js/html/json/css assets beyond 340 textual),docs/qa_evidence/storefront_design_engine/phase5/w3_design_lab/01_red_design_lab.txt,file,ARCHIVE_CANDIDATE,docs/archive/qa_evidence/storefront_design_engine/phase5/w3_design_lab/01_red_design_lab.txt,,TRUE,A
docs/qa_evidence/** (png/webp/js/html/json/css assets beyond 340 textual),docs/qa_evidence/storefront_design_engine/phase5/w3_design_lab/02_green_focused.txt,file,ARCHIVE_CANDIDATE,docs/archive/qa_evidence/storefront_design_engine/phase5/w3_design_lab/02_green_focused.txt,,TRUE,A
docs/qa_evidence/** (png/webp/js/html/json/css assets beyond 340 textual),docs/qa_evidence/storefront_design_engine/phase5/w3_design_lab/03_write_time_reconciliation.txt,file,ARCHIVE_CANDIDATE,docs/archive/qa_evidence/storefront_design_engine/phase5/w3_design_lab/03_write_time_reconciliation.txt,,TRUE,A
docs/qa_evidence/** (png/webp/js/html/json/css assets beyond 340 textual),docs/qa_evidence/storefront_design_engine/phase5/w3_design_lab/04_transient_no_write_proof.txt,file,ARCHIVE_CANDIDATE,docs/archive/qa_evidence/storefront_design_engine/phase5/w3_design_lab/04_transient_no_write_proof.txt,,TRUE,A
docs/qa_evidence/** (png/webp/js/html/json/css assets beyond 340 textual),docs/qa_evidence/storefront_design_engine/phase5/w3_design_lab/04b_candidate_preview_no_write.txt,file,ARCHIVE_CANDIDATE,docs/archive/qa_evidence/storefront_design_engine/phase5/w3_design_lab/04b_candidate_preview_no_write.txt,,TRUE,A
docs/qa_evidence/** (png/webp/js/html/json/css assets beyond 340 textual),docs/qa_evidence/storefront_design_engine/phase5/w3_design_lab/05_stale_tenant_history_atomic_apply.txt,file,ARCHIVE_CANDIDATE,docs/archive/qa_evidence/storefront_design_engine/phase5/w3_design_lab/05_stale_tenant_history_atomic_apply.txt,,TRUE,A
docs/qa_evidence/** (png/webp/js/html/json/css assets beyond 340 textual),docs/qa_evidence/storefront_design_engine/phase5/w3_design_lab/06_regression.txt,file,ARCHIVE_CANDIDATE,docs/archive/qa_evidence/storefront_design_engine/phase5/w3_design_lab/06_regression.txt,,TRUE,A
docs/qa_evidence/** (png/webp/js/html/json/css assets beyond 340 textual),docs/qa_evidence/storefront_design_engine/phase5/w3_design_lab/06b_w1_cart_pricing.txt,file,ARCHIVE_CANDIDATE,docs/archive/qa_evidence/storefront_design_engine/phase5/w3_design_lab/06b_w1_cart_pricing.txt,,TRUE,A
docs/qa_evidence/** (png/webp/js/html/json/css assets beyond 340 textual),docs/qa_evidence/storefront_design_engine/phase5/w3_design_lab/07_full_storefront_builder_suite.txt,file,ARCHIVE_CANDIDATE,docs/archive/qa_evidence/storefront_design_engine/phase5/w3_design_lab/07_full_storefront_builder_suite.txt,,TRUE,A
docs/qa_evidence/** (png/webp/js/html/json/css assets beyond 340 textual),docs/qa_evidence/storefront_design_engine/phase5/w3_design_lab/07b_base_e28b563_full_suite.txt,file,ARCHIVE_CANDIDATE,docs/archive/qa_evidence/storefront_design_engine/phase5/w3_design_lab/07b_base_e28b563_full_suite.txt,,TRUE,A
docs/qa_evidence/** (png/webp/js/html/json/css assets beyond 340 textual),docs/qa_evidence/storefront_design_engine/phase5/w3_design_lab/07c_full_suite_base_comparison.md,file,ARCHIVE_CANDIDATE,docs/archive/qa_evidence/storefront_design_engine/phase5/w3_design_lab/07c_full_suite_base_comparison.md,,TRUE,A
docs/qa_evidence/** (png/webp/js/html/json/css assets beyond 340 textual),docs/qa_evidence/storefront_design_engine/phase5/w3_design_lab/08_browser_qa_report.md,file,ARCHIVE_CANDIDATE,docs/archive/qa_evidence/storefront_design_engine/phase5/w3_design_lab/08_browser_qa_report.md,,TRUE,A
docs/qa_evidence/** (png/webp/js/html/json/css assets beyond 340 textual),docs/qa_evidence/storefront_design_engine/phase5/w3_design_lab/09_architecture_duplication_audit.md,file,ARCHIVE_CANDIDATE,docs/archive/qa_evidence/storefront_design_engine/phase5/w3_design_lab/09_architecture_duplication_audit.md,,TRUE,A
docs/qa_evidence/** (png/webp/js/html/json/css assets beyond 340 textual),docs/qa_evidence/storefront_design_engine/phase5/w3_design_lab/10_repo_gates.txt,file,ARCHIVE_CANDIDATE,docs/archive/qa_evidence/storefront_design_engine/phase5/w3_design_lab/10_repo_gates.txt,,TRUE,A
docs/qa_evidence/** (png/webp/js/html/json/css assets beyond 340 textual),docs/qa_evidence/storefront_design_engine/phase5/w3_design_lab/11_red_roundtrip_repair.txt,file,ARCHIVE_CANDIDATE,docs/archive/qa_evidence/storefront_design_engine/phase5/w3_design_lab/11_red_roundtrip_repair.txt,,TRUE,A
docs/qa_evidence/** (png/webp/js/html/json/css assets beyond 340 textual),docs/qa_evidence/storefront_design_engine/phase5/w3_design_lab/12_green_roundtrip_repair.txt,file,ARCHIVE_CANDIDATE,docs/archive/qa_evidence/storefront_design_engine/phase5/w3_design_lab/12_green_roundtrip_repair.txt,,TRUE,A
docs/qa_evidence/** (png/webp/js/html/json/css assets beyond 340 textual),docs/qa_evidence/storefront_design_engine/phase5/w3_design_lab/13_regression_after_repair.txt,file,ARCHIVE_CANDIDATE,docs/archive/qa_evidence/storefront_design_engine/phase5/w3_design_lab/13_regression_after_repair.txt,,TRUE,A
docs/qa_evidence/** (png/webp/js/html/json/css assets beyond 340 textual),docs/qa_evidence/storefront_design_engine/phase5/w3_design_lab/14_red_final_repair.txt,file,ARCHIVE_CANDIDATE,docs/archive/qa_evidence/storefront_design_engine/phase5/w3_design_lab/14_red_final_repair.txt,,TRUE,A
docs/qa_evidence/** (png/webp/js/html/json/css assets beyond 340 textual),docs/qa_evidence/storefront_design_engine/phase5/w3_design_lab/15_green_final_repair.txt,file,ARCHIVE_CANDIDATE,docs/archive/qa_evidence/storefront_design_engine/phase5/w3_design_lab/15_green_final_repair.txt,,TRUE,A
docs/qa_evidence/** (png/webp/js/html/json/css assets beyond 340 textual),docs/qa_evidence/storefront_design_engine/phase5/w3_design_lab/16_final_targeted_regression_619.txt,file,ARCHIVE_CANDIDATE,docs/archive/qa_evidence/storefront_design_engine/phase5/w3_design_lab/16_final_targeted_regression_619.txt,,TRUE,A
docs/qa_evidence/** (png/webp/js/html/json/css assets beyond 340 textual),docs/qa_evidence/storefront_design_engine/phase5/w3_design_lab/17_final_w2_theme_regression.txt,file,ARCHIVE_CANDIDATE,docs/archive/qa_evidence/storefront_design_engine/phase5/w3_design_lab/17_final_w2_theme_regression.txt,,TRUE,A
docs/qa_evidence/** (png/webp/js/html/json/css assets beyond 340 textual),docs/qa_evidence/storefront_design_engine/phase5/w3_design_lab/18_final_w1_cart_pricing_regression.txt,file,ARCHIVE_CANDIDATE,docs/archive/qa_evidence/storefront_design_engine/phase5/w3_design_lab/18_final_w1_cart_pricing_regression.txt,,TRUE,A
docs/qa_evidence/** (png/webp/js/html/json/css assets beyond 340 textual),docs/qa_evidence/storefront_design_engine/phase5/w3_design_lab/19_final_full_storefront_builder_suite.txt,file,ARCHIVE_CANDIDATE,docs/archive/qa_evidence/storefront_design_engine/phase5/w3_design_lab/19_final_full_storefront_builder_suite.txt,,TRUE,A
docs/qa_evidence/** (png/webp/js/html/json/css assets beyond 340 textual),docs/qa_evidence/storefront_design_engine/phase5/w3_design_lab/19b_final_base_e28b563_full_suite.txt,file,ARCHIVE_CANDIDATE,docs/archive/qa_evidence/storefront_design_engine/phase5/w3_design_lab/19b_final_base_e28b563_full_suite.txt,,TRUE,A
docs/qa_evidence/** (png/webp/js/html/json/css assets beyond 340 textual),docs/qa_evidence/storefront_design_engine/phase5/w3_design_lab/20_final_repo_gates.txt,file,ARCHIVE_CANDIDATE,docs/archive/qa_evidence/storefront_design_engine/phase5/w3_design_lab/20_final_repo_gates.txt,,TRUE,A
docs/qa_evidence/** (png/webp/js/html/json/css assets beyond 340 textual),docs/qa_evidence/storefront_design_engine/phase5/w3_design_lab/21_final_full_suite_base_comparison.md,file,ARCHIVE_CANDIDATE,docs/archive/qa_evidence/storefront_design_engine/phase5/w3_design_lab/21_final_full_suite_base_comparison.md,,TRUE,A
docs/qa_evidence/** (png/webp/js/html/json/css assets beyond 340 textual),docs/qa_evidence/storefront_design_engine/phase5/w3_design_lab/22_final_architecture_duplication_gate.md,file,ARCHIVE_CANDIDATE,docs/archive/qa_evidence/storefront_design_engine/phase5/w3_design_lab/22_final_architecture_duplication_gate.md,,TRUE,A
docs/qa_evidence/** (png/webp/js/html/json/css assets beyond 340 textual),docs/qa_evidence/storefront_design_engine/phase5/w3_design_lab/23_final_clean_status.txt,file,ARCHIVE_CANDIDATE,docs/archive/qa_evidence/storefront_design_engine/phase5/w3_design_lab/23_final_clean_status.txt,,TRUE,A
docs/qa_evidence/** (png/webp/js/html/json/css assets beyond 340 textual),docs/qa_evidence/storefront_design_engine/phase5/w3_design_lab/browser_qa/dark_digital/screenshots/desktop_01_editor_initial.png,file,ARCHIVE_CANDIDATE,docs/archive/qa_evidence/storefront_design_engine/phase5/w3_design_lab/browser_qa/dark_digital/screenshots/desktop_01_editor_initial.png,,TRUE,A
docs/qa_evidence/** (png/webp/js/html/json/css assets beyond 340 textual),docs/qa_evidence/storefront_design_engine/phase5/w3_design_lab/browser_qa/dark_digital/screenshots/desktop_02_random_mix.png,file,ARCHIVE_CANDIDATE,docs/archive/qa_evidence/storefront_design_engine/phase5/w3_design_lab/browser_qa/dark_digital/screenshots/desktop_02_random_mix.png,,TRUE,A
docs/qa_evidence/** (png/webp/js/html/json/css assets beyond 340 textual),docs/qa_evidence/storefront_design_engine/phase5/w3_design_lab/browser_qa/dark_digital/screenshots/desktop_03_compare.png,file,ARCHIVE_CANDIDATE,docs/archive/qa_evidence/storefront_design_engine/phase5/w3_design_lab/browser_qa/dark_digital/screenshots/desktop_03_compare.png,,TRUE,A
docs/qa_evidence/** (png/webp/js/html/json/css assets beyond 340 textual),docs/qa_evidence/storefront_design_engine/phase5/w3_design_lab/browser_qa/dark_digital/screenshots/desktop_04_lock_header.png,file,ARCHIVE_CANDIDATE,docs/archive/qa_evidence/storefront_design_engine/phase5/w3_design_lab/browser_qa/dark_digital/screenshots/desktop_04_lock_header.png,,TRUE,A
docs/qa_evidence/** (png/webp/js/html/json/css assets beyond 340 textual),docs/qa_evidence/storefront_design_engine/phase5/w3_design_lab/browser_qa/dark_digital/screenshots/desktop_05_randomize_one_footer.png,file,ARCHIVE_CANDIDATE,docs/archive/qa_evidence/storefront_design_engine/phase5/w3_design_lab/browser_qa/dark_digital/screenshots/desktop_05_randomize_one_footer.png,,TRUE,A
docs/qa_evidence/** (png/webp/js/html/json/css assets beyond 340 textual),docs/qa_evidence/storefront_design_engine/phase5/w3_design_lab/browser_qa/dark_digital/screenshots/desktop_06_return_dna.png,file,ARCHIVE_CANDIDATE,docs/archive/qa_evidence/storefront_design_engine/phase5/w3_design_lab/browser_qa/dark_digital/screenshots/desktop_06_return_dna.png,,TRUE,A
docs/qa_evidence/** (png/webp/js/html/json/css assets beyond 340 textual),docs/qa_evidence/storefront_design_engine/phase5/w3_design_lab/browser_qa/dark_digital/screenshots/desktop_07_reset.png,file,ARCHIVE_CANDIDATE,docs/archive/qa_evidence/storefront_design_engine/phase5/w3_design_lab/browser_qa/dark_digital/screenshots/desktop_07_reset.png,,TRUE,A
docs/qa_evidence/** (png/webp/js/html/json/css assets beyond 340 textual),docs/qa_evidence/storefront_design_engine/phase5/w3_design_lab/browser_qa/dark_digital/screenshots/desktop_08_remove_theme.png,file,ARCHIVE_CANDIDATE,docs/archive/qa_evidence/storefront_design_engine/phase5/w3_design_lab/browser_qa/dark_digital/screenshots/desktop_08_remove_theme.png,,TRUE,A
docs/qa_evidence/** (png/webp/js/html/json/css assets beyond 340 textual),docs/qa_evidence/storefront_design_engine/phase5/w3_design_lab/browser_qa/dark_digital/screenshots/desktop_09_after_apply.png,file,ARCHIVE_CANDIDATE,docs/archive/qa_evidence/storefront_design_engine/phase5/w3_design_lab/browser_qa/dark_digital/screenshots/desktop_09_after_apply.png,,TRUE,A
docs/qa_evidence/** (png/webp/js/html/json/css assets beyond 340 textual),docs/qa_evidence/storefront_design_engine/phase5/w3_design_lab/browser_qa/dark_digital/screenshots/desktop_10_stale_apply.png,file,ARCHIVE_CANDIDATE,docs/archive/qa_evidence/storefront_design_engine/phase5/w3_design_lab/browser_qa/dark_digital/screenshots/desktop_10_stale_apply.png,,TRUE,A
docs/qa_evidence/** (png/webp/js/html/json/css assets beyond 340 textual),docs/qa_evidence/storefront_design_engine/phase5/w3_design_lab/browser_qa/dark_digital/screenshots/mobile_01_editor_initial.png,file,ARCHIVE_CANDIDATE,docs/archive/qa_evidence/storefront_design_engine/phase5/w3_design_lab/browser_qa/dark_digital/screenshots/mobile_01_editor_initial.png,,TRUE,A
docs/qa_evidence/** (png/webp/js/html/json/css assets beyond 340 textual),docs/qa_evidence/storefront_design_engine/phase5/w3_design_lab/browser_qa/dark_digital/screenshots/mobile_02_random_mix.png,file,ARCHIVE_CANDIDATE,docs/archive/qa_evidence/storefront_design_engine/phase5/w3_design_lab/browser_qa/dark_digital/screenshots/mobile_02_random_mix.png,,TRUE,A
docs/qa_evidence/** (png/webp/js/html/json/css assets beyond 340 textual),docs/qa_evidence/storefront_design_engine/phase5/w3_design_lab/browser_qa/dark_digital/screenshots/tablet_01_editor_initial.png,file,ARCHIVE_CANDIDATE,docs/archive/qa_evidence/storefront_design_engine/phase5/w3_design_lab/browser_qa/dark_digital/screenshots/tablet_01_editor_initial.png,,TRUE,A
docs/qa_evidence/** (png/webp/js/html/json/css assets beyond 340 textual),docs/qa_evidence/storefront_design_engine/phase5/w3_design_lab/browser_qa/dark_digital/screenshots/tablet_02_random_mix.png,file,ARCHIVE_CANDIDATE,docs/archive/qa_evidence/storefront_design_engine/phase5/w3_design_lab/browser_qa/dark_digital/screenshots/tablet_02_random_mix.png,,TRUE,A
docs/qa_evidence/** (png/webp/js/html/json/css assets beyond 340 textual),docs/qa_evidence/storefront_design_engine/phase5/w3_design_lab/browser_qa/dark_digital/w3_browser_qa_result.json,file,ARCHIVE_CANDIDATE,docs/archive/qa_evidence/storefront_design_engine/phase5/w3_design_lab/browser_qa/dark_digital/w3_browser_qa_result.json,,TRUE,A
docs/qa_evidence/** (png/webp/js/html/json/css assets beyond 340 textual),docs/qa_evidence/storefront_design_engine/phase5/w3_design_lab/browser_qa/warm_boutique/screenshots/desktop_01_editor_initial.png,file,ARCHIVE_CANDIDATE,docs/archive/qa_evidence/storefront_design_engine/phase5/w3_design_lab/browser_qa/warm_boutique/screenshots/desktop_01_editor_initial.png,,TRUE,A
docs/qa_evidence/** (png/webp/js/html/json/css assets beyond 340 textual),docs/qa_evidence/storefront_design_engine/phase5/w3_design_lab/browser_qa/warm_boutique/screenshots/desktop_02_random_mix.png,file,ARCHIVE_CANDIDATE,docs/archive/qa_evidence/storefront_design_engine/phase5/w3_design_lab/browser_qa/warm_boutique/screenshots/desktop_02_random_mix.png,,TRUE,A
docs/qa_evidence/** (png/webp/js/html/json/css assets beyond 340 textual),docs/qa_evidence/storefront_design_engine/phase5/w3_design_lab/browser_qa/warm_boutique/screenshots/desktop_03_compare.png,file,ARCHIVE_CANDIDATE,docs/archive/qa_evidence/storefront_design_engine/phase5/w3_design_lab/browser_qa/warm_boutique/screenshots/desktop_03_compare.png,,TRUE,A
docs/qa_evidence/** (png/webp/js/html/json/css assets beyond 340 textual),docs/qa_evidence/storefront_design_engine/phase5/w3_design_lab/browser_qa/warm_boutique/screenshots/desktop_04_lock_header.png,file,ARCHIVE_CANDIDATE,docs/archive/qa_evidence/storefront_design_engine/phase5/w3_design_lab/browser_qa/warm_boutique/screenshots/desktop_04_lock_header.png,,TRUE,A
docs/qa_evidence/** (png/webp/js/html/json/css assets beyond 340 textual),docs/qa_evidence/storefront_design_engine/phase5/w3_design_lab/browser_qa/warm_boutique/screenshots/desktop_05_randomize_one_footer.png,file,ARCHIVE_CANDIDATE,docs/archive/qa_evidence/storefront_design_engine/phase5/w3_design_lab/browser_qa/warm_boutique/screenshots/desktop_05_randomize_one_footer.png,,TRUE,A
docs/qa_evidence/** (png/webp/js/html/json/css assets beyond 340 textual),docs/qa_evidence/storefront_design_engine/phase5/w3_design_lab/browser_qa/warm_boutique/screenshots/desktop_06_return_dna.png,file,ARCHIVE_CANDIDATE,docs/archive/qa_evidence/storefront_design_engine/phase5/w3_design_lab/browser_qa/warm_boutique/screenshots/desktop_06_return_dna.png,,TRUE,A
docs/qa_evidence/** (png/webp/js/html/json/css assets beyond 340 textual),docs/qa_evidence/storefront_design_engine/phase5/w3_design_lab/browser_qa/warm_boutique/screenshots/desktop_07_reset.png,file,ARCHIVE_CANDIDATE,docs/archive/qa_evidence/storefront_design_engine/phase5/w3_design_lab/browser_qa/warm_boutique/screenshots/desktop_07_reset.png,,TRUE,A
docs/qa_evidence/** (png/webp/js/html/json/css assets beyond 340 textual),docs/qa_evidence/storefront_design_engine/phase5/w3_design_lab/browser_qa/warm_boutique/screenshots/desktop_08_remove_theme.png,file,ARCHIVE_CANDIDATE,docs/archive/qa_evidence/storefront_design_engine/phase5/w3_design_lab/browser_qa/warm_boutique/screenshots/desktop_08_remove_theme.png,,TRUE,A
docs/qa_evidence/** (png/webp/js/html/json/css assets beyond 340 textual),docs/qa_evidence/storefront_design_engine/phase5/w3_design_lab/browser_qa/warm_boutique/screenshots/desktop_09_after_apply.png,file,ARCHIVE_CANDIDATE,docs/archive/qa_evidence/storefront_design_engine/phase5/w3_design_lab/browser_qa/warm_boutique/screenshots/desktop_09_after_apply.png,,TRUE,A
docs/qa_evidence/** (png/webp/js/html/json/css assets beyond 340 textual),docs/qa_evidence/storefront_design_engine/phase5/w3_design_lab/browser_qa/warm_boutique/screenshots/desktop_10_stale_apply.png,file,ARCHIVE_CANDIDATE,docs/archive/qa_evidence/storefront_design_engine/phase5/w3_design_lab/browser_qa/warm_boutique/screenshots/desktop_10_stale_apply.png,,TRUE,A
docs/qa_evidence/** (png/webp/js/html/json/css assets beyond 340 textual),docs/qa_evidence/storefront_design_engine/phase5/w3_design_lab/browser_qa/warm_boutique/screenshots/mobile_01_editor_initial.png,file,ARCHIVE_CANDIDATE,docs/archive/qa_evidence/storefront_design_engine/phase5/w3_design_lab/browser_qa/warm_boutique/screenshots/mobile_01_editor_initial.png,,TRUE,A
docs/qa_evidence/** (png/webp/js/html/json/css assets beyond 340 textual),docs/qa_evidence/storefront_design_engine/phase5/w3_design_lab/browser_qa/warm_boutique/screenshots/mobile_02_random_mix.png,file,ARCHIVE_CANDIDATE,docs/archive/qa_evidence/storefront_design_engine/phase5/w3_design_lab/browser_qa/warm_boutique/screenshots/mobile_02_random_mix.png,,TRUE,A
docs/qa_evidence/** (png/webp/js/html/json/css assets beyond 340 textual),docs/qa_evidence/storefront_design_engine/phase5/w3_design_lab/browser_qa/warm_boutique/screenshots/tablet_01_editor_initial.png,file,ARCHIVE_CANDIDATE,docs/archive/qa_evidence/storefront_design_engine/phase5/w3_design_lab/browser_qa/warm_boutique/screenshots/tablet_01_editor_initial.png,,TRUE,A
docs/qa_evidence/** (png/webp/js/html/json/css assets beyond 340 textual),docs/qa_evidence/storefront_design_engine/phase5/w3_design_lab/browser_qa/warm_boutique/screenshots/tablet_02_random_mix.png,file,ARCHIVE_CANDIDATE,docs/archive/qa_evidence/storefront_design_engine/phase5/w3_design_lab/browser_qa/warm_boutique/screenshots/tablet_02_random_mix.png,,TRUE,A
docs/qa_evidence/** (png/webp/js/html/json/css assets beyond 340 textual),docs/qa_evidence/storefront_design_engine/phase5/w3_design_lab/browser_qa/warm_boutique/w3_browser_qa_result.json,file,ARCHIVE_CANDIDATE,docs/archive/qa_evidence/storefront_design_engine/phase5/w3_design_lab/browser_qa/warm_boutique/w3_browser_qa_result.json,,TRUE,A
docs/qa_evidence/** (png/webp/js/html/json/css assets beyond 340 textual),docs/qa_evidence/storefront_design_engine/phase5/w3_design_lab/w3_implementation_report.md,file,ARCHIVE_CANDIDATE,docs/archive/qa_evidence/storefront_design_engine/phase5/w3_design_lab/w3_implementation_report.md,,TRUE,A
docs/qa_evidence/** (png/webp/js/html/json/css assets beyond 340 textual),docs/qa_evidence/storefront_design_engine/phase5/w4_certification/architecture_duplication_audit.md,file,ARCHIVE_CANDIDATE,docs/archive/qa_evidence/storefront_design_engine/phase5/w4_certification/architecture_duplication_audit.md,,TRUE,A
docs/qa_evidence/** (png/webp/js/html/json/css assets beyond 340 textual),docs/qa_evidence/storefront_design_engine/phase5/w4_certification/browser_error_summary.md,file,ARCHIVE_CANDIDATE,docs/archive/qa_evidence/storefront_design_engine/phase5/w4_certification/browser_error_summary.md,,TRUE,A
docs/qa_evidence/** (png/webp/js/html/json/css assets beyond 340 textual),docs/qa_evidence/storefront_design_engine/phase5/w4_certification/execution_report.md,file,ARCHIVE_CANDIDATE,docs/archive/qa_evidence/storefront_design_engine/phase5/w4_certification/execution_report.md,,TRUE,A
docs/qa_evidence/** (png/webp/js/html/json/css assets beyond 340 textual),docs/qa_evidence/storefront_design_engine/phase5/w4_certification/failure_summary.md,file,ARCHIVE_CANDIDATE,docs/archive/qa_evidence/storefront_design_engine/phase5/w4_certification/failure_summary.md,,TRUE,A
docs/qa_evidence/** (png/webp/js/html/json/css assets beyond 340 textual),docs/qa_evidence/storefront_design_engine/phase5/w4_certification/failures/README.md,file,KEEP_HISTORICAL_REFERENCE,,RETAINED_KEEP,FALSE,
docs/qa_evidence/** (png/webp/js/html/json/css assets beyond 340 textual),docs/qa_evidence/storefront_design_engine/phase5/w4_certification/gallery_index.md,file,ARCHIVE_CANDIDATE,docs/archive/qa_evidence/storefront_design_engine/phase5/w4_certification/gallery_index.md,,TRUE,A
docs/qa_evidence/** (png/webp/js/html/json/css assets beyond 340 textual),docs/qa_evidence/storefront_design_engine/phase5/w4_certification/home_gallery/aftab_price_home_desktop.jpg,file,ARCHIVE_CANDIDATE,docs/archive/qa_evidence/storefront_design_engine/phase5/w4_certification/home_gallery/aftab_price_home_desktop.jpg,,TRUE,A
docs/qa_evidence/** (png/webp/js/html/json/css assets beyond 340 textual),docs/qa_evidence/storefront_design_engine/phase5/w4_certification/home_gallery/aftab_price_home_mobile.jpg,file,ARCHIVE_CANDIDATE,docs/archive/qa_evidence/storefront_design_engine/phase5/w4_certification/home_gallery/aftab_price_home_mobile.jpg,,TRUE,A
docs/qa_evidence/** (png/webp/js/html/json/css assets beyond 340 textual),docs/qa_evidence/storefront_design_engine/phase5/w4_certification/home_gallery/almas_luxury_home_desktop.jpg,file,ARCHIVE_CANDIDATE,docs/archive/qa_evidence/storefront_design_engine/phase5/w4_certification/home_gallery/almas_luxury_home_desktop.jpg,,TRUE,A
docs/qa_evidence/** (png/webp/js/html/json/css assets beyond 340 textual),docs/qa_evidence/storefront_design_engine/phase5/w4_certification/home_gallery/almas_luxury_home_mobile.jpg,file,ARCHIVE_CANDIDATE,docs/archive/qa_evidence/storefront_design_engine/phase5/w4_certification/home_gallery/almas_luxury_home_mobile.jpg,,TRUE,A
docs/qa_evidence/** (png/webp/js/html/json/css assets beyond 340 textual),docs/qa_evidence/storefront_design_engine/phase5/w4_certification/home_gallery/anniversary_mosaic_home_desktop.jpg,file,ARCHIVE_CANDIDATE,docs/archive/qa_evidence/storefront_design_engine/phase5/w4_certification/home_gallery/anniversary_mosaic_home_desktop.jpg,,TRUE,A
docs/qa_evidence/** (png/webp/js/html/json/css assets beyond 340 textual),docs/qa_evidence/storefront_design_engine/phase5/w4_certification/home_gallery/anniversary_mosaic_home_mobile.jpg,file,ARCHIVE_CANDIDATE,docs/archive/qa_evidence/storefront_design_engine/phase5/w4_certification/home_gallery/anniversary_mosaic_home_mobile.jpg,,TRUE,A
docs/qa_evidence/** (png/webp/js/html/json/css assets beyond 340 textual),docs/qa_evidence/storefront_design_engine/phase5/w4_certification/home_gallery/artisan_grain_home_desktop.jpg,file,ARCHIVE_CANDIDATE,docs/archive/qa_evidence/storefront_design_engine/phase5/w4_certification/home_gallery/artisan_grain_home_desktop.jpg,,TRUE,A
docs/qa_evidence/** (png/webp/js/html/json/css assets beyond 340 textual),docs/qa_evidence/storefront_design_engine/phase5/w4_certification/home_gallery/artisan_grain_home_mobile.jpg,file,ARCHIVE_CANDIDATE,docs/archive/qa_evidence/storefront_design_engine/phase5/w4_certification/home_gallery/artisan_grain_home_mobile.jpg,,TRUE,A
docs/qa_evidence/** (png/webp/js/html/json/css assets beyond 340 textual),docs/qa_evidence/storefront_design_engine/phase5/w4_certification/home_gallery/beauty_dew_home_desktop.jpg,file,ARCHIVE_CANDIDATE,docs/archive/qa_evidence/storefront_design_engine/phase5/w4_certification/home_gallery/beauty_dew_home_desktop.jpg,,TRUE,A
docs/qa_evidence/** (png/webp/js/html/json/css assets beyond 340 textual),docs/qa_evidence/storefront_design_engine/phase5/w4_certification/home_gallery/beauty_dew_home_mobile.jpg,file,ARCHIVE_CANDIDATE,docs/archive/qa_evidence/storefront_design_engine/phase5/w4_certification/home_gallery/beauty_dew_home_mobile.jpg,,TRUE,A
docs/qa_evidence/** (png/webp/js/html/json/css assets beyond 340 textual),docs/qa_evidence/storefront_design_engine/phase5/w4_certification/home_gallery/calligraphy_paper_home_desktop.jpg,file,ARCHIVE_CANDIDATE,docs/archive/qa_evidence/storefront_design_engine/phase5/w4_certification/home_gallery/calligraphy_paper_home_desktop.jpg,,TRUE,A
docs/qa_evidence/** (png/webp/js/html/json/css assets beyond 340 textual),docs/qa_evidence/storefront_design_engine/phase5/w4_certification/home_gallery/calligraphy_paper_home_mobile.jpg,file,ARCHIVE_CANDIDATE,docs/archive/qa_evidence/storefront_design_engine/phase5/w4_certification/home_gallery/calligraphy_paper_home_mobile.jpg,,TRUE,A
docs/qa_evidence/** (png/webp/js/html/json/css assets beyond 340 textual),docs/qa_evidence/storefront_design_engine/phase5/w4_certification/home_gallery/cedar_home_home_desktop.jpg,file,ARCHIVE_CANDIDATE,docs/archive/qa_evidence/storefront_design_engine/phase5/w4_certification/home_gallery/cedar_home_home_desktop.jpg,,TRUE,A
docs/qa_evidence/** (png/webp/js/html/json/css assets beyond 340 textual),docs/qa_evidence/storefront_design_engine/phase5/w4_certification/home_gallery/cedar_home_home_mobile.jpg,file,ARCHIVE_CANDIDATE,docs/archive/qa_evidence/storefront_design_engine/phase5/w4_certification/home_gallery/cedar_home_home_mobile.jpg,,TRUE,A
docs/qa_evidence/** (png/webp/js/html/json/css assets beyond 340 textual),docs/qa_evidence/storefront_design_engine/phase5/w4_certification/home_gallery/charcoal_grill_home_desktop.jpg,file,ARCHIVE_CANDIDATE,docs/archive/qa_evidence/storefront_design_engine/phase5/w4_certification/home_gallery/charcoal_grill_home_desktop.jpg,,TRUE,A
docs/qa_evidence/** (png/webp/js/html/json/css assets beyond 340 textual),docs/qa_evidence/storefront_design_engine/phase5/w4_certification/home_gallery/charcoal_grill_home_mobile.jpg,file,ARCHIVE_CANDIDATE,docs/archive/qa_evidence/storefront_design_engine/phase5/w4_certification/home_gallery/charcoal_grill_home_mobile.jpg,,TRUE,A
docs/qa_evidence/** (png/webp/js/html/json/css assets beyond 340 textual),docs/qa_evidence/storefront_design_engine/phase5/w4_certification/home_gallery/city_classic_home_desktop.jpg,file,ARCHIVE_CANDIDATE,docs/archive/qa_evidence/storefront_design_engine/phase5/w4_certification/home_gallery/city_classic_home_desktop.jpg,,TRUE,A
docs/qa_evidence/** (png/webp/js/html/json/css assets beyond 340 textual),docs/qa_evidence/storefront_design_engine/phase5/w4_certification/home_gallery/city_classic_home_mobile.jpg,file,ARCHIVE_CANDIDATE,docs/archive/qa_evidence/storefront_design_engine/phase5/w4_certification/home_gallery/city_classic_home_mobile.jpg,,TRUE,A
docs/qa_evidence/** (png/webp/js/html/json/css assets beyond 340 textual),docs/qa_evidence/storefront_design_engine/phase5/w4_certification/home_gallery/coastal_product_home_desktop.jpg,file,ARCHIVE_CANDIDATE,docs/archive/qa_evidence/storefront_design_engine/phase5/w4_certification/home_gallery/coastal_product_home_desktop.jpg,,TRUE,A
docs/qa_evidence/** (png/webp/js/html/json/css assets beyond 340 textual),docs/qa_evidence/storefront_design_engine/phase5/w4_certification/home_gallery/coastal_product_home_mobile.jpg,file,ARCHIVE_CANDIDATE,docs/archive/qa_evidence/storefront_design_engine/phase5/w4_certification/home_gallery/coastal_product_home_mobile.jpg,,TRUE,A
docs/qa_evidence/** (png/webp/js/html/json/css assets beyond 340 textual),docs/qa_evidence/storefront_design_engine/phase5/w4_certification/home_gallery/collection_index_home_desktop.jpg,file,ARCHIVE_CANDIDATE,docs/archive/qa_evidence/storefront_design_engine/phase5/w4_certification/home_gallery/collection_index_home_desktop.jpg,,TRUE,A
docs/qa_evidence/** (png/webp/js/html/json/css assets beyond 340 textual),docs/qa_evidence/storefront_design_engine/phase5/w4_certification/home_gallery/collection_index_home_mobile.jpg,file,ARCHIVE_CANDIDATE,docs/archive/qa_evidence/storefront_design_engine/phase5/w4_certification/home_gallery/collection_index_home_mobile.jpg,,TRUE,A
docs/qa_evidence/** (png/webp/js/html/json/css assets beyond 340 textual),docs/qa_evidence/storefront_design_engine/phase5/w4_certification/home_gallery/dark_digital_home_desktop.jpg,file,ARCHIVE_CANDIDATE,docs/archive/qa_evidence/storefront_design_engine/phase5/w4_certification/home_gallery/dark_digital_home_desktop.jpg,,TRUE,A
docs/qa_evidence/** (png/webp/js/html/json/css assets beyond 340 textual),docs/qa_evidence/storefront_design_engine/phase5/w4_certification/home_gallery/dark_digital_home_mobile.jpg,file,ARCHIVE_CANDIDATE,docs/archive/qa_evidence/storefront_design_engine/phase5/w4_certification/home_gallery/dark_digital_home_mobile.jpg,,TRUE,A
docs/qa_evidence/** (png/webp/js/html/json/css assets beyond 340 textual),docs/qa_evidence/storefront_design_engine/phase5/w4_certification/home_gallery/dense_marketplace_home_desktop.jpg,file,ARCHIVE_CANDIDATE,docs/archive/qa_evidence/storefront_design_engine/phase5/w4_certification/home_gallery/dense_marketplace_home_desktop.jpg,,TRUE,A
docs/qa_evidence/** (png/webp/js/html/json/css assets beyond 340 textual),docs/qa_evidence/storefront_design_engine/phase5/w4_certification/home_gallery/dense_marketplace_home_mobile.jpg,file,ARCHIVE_CANDIDATE,docs/archive/qa_evidence/storefront_design_engine/phase5/w4_certification/home_gallery/dense_marketplace_home_mobile.jpg,,TRUE,A
docs/qa_evidence/** (png/webp/js/html/json/css assets beyond 340 textual),docs/qa_evidence/storefront_design_engine/phase5/w4_certification/home_gallery/editorial_jewelry_home_desktop.jpg,file,ARCHIVE_CANDIDATE,docs/archive/qa_evidence/storefront_design_engine/phase5/w4_certification/home_gallery/editorial_jewelry_home_desktop.jpg,,TRUE,A
docs/qa_evidence/** (png/webp/js/html/json/css assets beyond 340 textual),docs/qa_evidence/storefront_design_engine/phase5/w4_certification/home_gallery/editorial_jewelry_home_mobile.jpg,file,ARCHIVE_CANDIDATE,docs/archive/qa_evidence/storefront_design_engine/phase5/w4_certification/home_gallery/editorial_jewelry_home_mobile.jpg,,TRUE,A
docs/qa_evidence/** (png/webp/js/html/json/css assets beyond 340 textual),docs/qa_evidence/storefront_design_engine/phase5/w4_certification/home_gallery/fashion_promo_catalog_home_desktop.jpg,file,ARCHIVE_CANDIDATE,docs/archive/qa_evidence/storefront_design_engine/phase5/w4_certification/home_gallery/fashion_promo_catalog_home_desktop.jpg,,TRUE,A
docs/qa_evidence/** (png/webp/js/html/json/css assets beyond 340 textual),docs/qa_evidence/storefront_design_engine/phase5/w4_certification/home_gallery/fashion_promo_catalog_home_mobile.jpg,file,ARCHIVE_CANDIDATE,docs/archive/qa_evidence/storefront_design_engine/phase5/w4_certification/home_gallery/fashion_promo_catalog_home_mobile.jpg,,TRUE,A
docs/qa_evidence/** (png/webp/js/html/json/css assets beyond 340 textual),docs/qa_evidence/storefront_design_engine/phase5/w4_certification/home_gallery/ferdowsi_department_home_desktop.jpg,file,ARCHIVE_CANDIDATE,docs/archive/qa_evidence/storefront_design_engine/phase5/w4_certification/home_gallery/ferdowsi_department_home_desktop.jpg,,TRUE,A
docs/qa_evidence/** (png/webp/js/html/json/css assets beyond 340 textual),docs/qa_evidence/storefront_design_engine/phase5/w4_certification/home_gallery/ferdowsi_department_home_mobile.jpg,file,ARCHIVE_CANDIDATE,docs/archive/qa_evidence/storefront_design_engine/phase5/w4_certification/home_gallery/ferdowsi_department_home_mobile.jpg,,TRUE,A
docs/qa_evidence/** (png/webp/js/html/json/css assets beyond 340 textual),docs/qa_evidence/storefront_design_engine/phase5/w4_certification/home_gallery/gallery_minimal_home_desktop.jpg,file,ARCHIVE_CANDIDATE,docs/archive/qa_evidence/storefront_design_engine/phase5/w4_certification/home_gallery/gallery_minimal_home_desktop.jpg,,TRUE,A
docs/qa_evidence/** (png/webp/js/html/json/css assets beyond 340 textual),docs/qa_evidence/storefront_design_engine/phase5/w4_certification/home_gallery/gallery_minimal_home_mobile.jpg,file,ARCHIVE_CANDIDATE,docs/archive/qa_evidence/storefront_design_engine/phase5/w4_certification/home_gallery/gallery_minimal_home_mobile.jpg,,TRUE,A
docs/qa_evidence/** (png/webp/js/html/json/css assets beyond 340 textual),docs/qa_evidence/storefront_design_engine/phase5/w4_certification/home_gallery/green_workshop_home_desktop.jpg,file,ARCHIVE_CANDIDATE,docs/archive/qa_evidence/storefront_design_engine/phase5/w4_certification/home_gallery/green_workshop_home_desktop.jpg,,TRUE,A
docs/qa_evidence/** (png/webp/js/html/json/css assets beyond 340 textual),docs/qa_evidence/storefront_design_engine/phase5/w4_certification/home_gallery/green_workshop_home_mobile.jpg,file,ARCHIVE_CANDIDATE,docs/archive/qa_evidence/storefront_design_engine/phase5/w4_certification/home_gallery/green_workshop_home_mobile.jpg,,TRUE,A
docs/qa_evidence/** (png/webp/js/html/json/css assets beyond 340 textual),docs/qa_evidence/storefront_design_engine/phase5/w4_certification/home_gallery/handmade_luxe_home_desktop.jpg,file,ARCHIVE_CANDIDATE,docs/archive/qa_evidence/storefront_design_engine/phase5/w4_certification/home_gallery/handmade_luxe_home_desktop.jpg,,TRUE,A
docs/qa_evidence/** (png/webp/js/html/json/css assets beyond 340 textual),docs/qa_evidence/storefront_design_engine/phase5/w4_certification/home_gallery/handmade_luxe_home_mobile.jpg,file,ARCHIVE_CANDIDATE,docs/archive/qa_evidence/storefront_design_engine/phase5/w4_certification/home_gallery/handmade_luxe_home_mobile.jpg,,TRUE,A
docs/qa_evidence/** (png/webp/js/html/json/css assets beyond 340 textual),docs/qa_evidence/storefront_design_engine/phase5/w4_certification/home_gallery/harbor_imports_home_desktop.jpg,file,ARCHIVE_CANDIDATE,docs/archive/qa_evidence/storefront_design_engine/phase5/w4_certification/home_gallery/harbor_imports_home_desktop.jpg,,TRUE,A
docs/qa_evidence/** (png/webp/js/html/json/css assets beyond 340 textual),docs/qa_evidence/storefront_design_engine/phase5/w4_certification/home_gallery/harbor_imports_home_mobile.jpg,file,ARCHIVE_CANDIDATE,docs/archive/qa_evidence/storefront_design_engine/phase5/w4_certification/home_gallery/harbor_imports_home_mobile.jpg,,TRUE,A
docs/qa_evidence/** (png/webp/js/html/json/css assets beyond 340 textual),docs/qa_evidence/storefront_design_engine/phase5/w4_certification/home_gallery/horizon_story_home_desktop.jpg,file,ARCHIVE_CANDIDATE,docs/archive/qa_evidence/storefront_design_engine/phase5/w4_certification/home_gallery/horizon_story_home_desktop.jpg,,TRUE,A
docs/qa_evidence/** (png/webp/js/html/json/css assets beyond 340 textual),docs/qa_evidence/storefront_design_engine/phase5/w4_certification/home_gallery/horizon_story_home_mobile.jpg,file,ARCHIVE_CANDIDATE,docs/archive/qa_evidence/storefront_design_engine/phase5/w4_certification/home_gallery/horizon_story_home_mobile.jpg,,TRUE,A
docs/qa_evidence/** (png/webp/js/html/json/css assets beyond 340 textual),docs/qa_evidence/storefront_design_engine/phase5/w4_certification/home_gallery/kamand_artisan_home_desktop.jpg,file,ARCHIVE_CANDIDATE,docs/archive/qa_evidence/storefront_design_engine/phase5/w4_certification/home_gallery/kamand_artisan_home_desktop.jpg,,TRUE,A
docs/qa_evidence/** (png/webp/js/html/json/css assets beyond 340 textual),docs/qa_evidence/storefront_design_engine/phase5/w4_certification/home_gallery/kamand_artisan_home_mobile.jpg,file,ARCHIVE_CANDIDATE,docs/archive/qa_evidence/storefront_design_engine/phase5/w4_certification/home_gallery/kamand_artisan_home_mobile.jpg,,TRUE,A
docs/qa_evidence/** (png/webp/js/html/json/css assets beyond 340 textual),docs/qa_evidence/storefront_design_engine/phase5/w4_certification/home_gallery/kite_playful_home_desktop.jpg,file,ARCHIVE_CANDIDATE,docs/archive/qa_evidence/storefront_design_engine/phase5/w4_certification/home_gallery/kite_playful_home_desktop.jpg,,TRUE,A
docs/qa_evidence/** (png/webp/js/html/json/css assets beyond 340 textual),docs/qa_evidence/storefront_design_engine/phase5/w4_certification/home_gallery/kite_playful_home_mobile.jpg,file,ARCHIVE_CANDIDATE,docs/archive/qa_evidence/storefront_design_engine/phase5/w4_certification/home_gallery/kite_playful_home_mobile.jpg,,TRUE,A
docs/qa_evidence/** (png/webp/js/html/json/css assets beyond 340 textual),docs/qa_evidence/storefront_design_engine/phase5/w4_certification/home_gallery/laleh_play_home_desktop.jpg,file,ARCHIVE_CANDIDATE,docs/archive/qa_evidence/storefront_design_engine/phase5/w4_certification/home_gallery/laleh_play_home_desktop.jpg,,TRUE,A
docs/qa_evidence/** (png/webp/js/html/json/css assets beyond 340 textual),docs/qa_evidence/storefront_design_engine/phase5/w4_certification/home_gallery/laleh_play_home_mobile.jpg,file,ARCHIVE_CANDIDATE,docs/archive/qa_evidence/storefront_design_engine/phase5/w4_certification/home_gallery/laleh_play_home_mobile.jpg,,TRUE,A
docs/qa_evidence/** (png/webp/js/html/json/css assets beyond 340 textual),docs/qa_evidence/storefront_design_engine/phase5/w4_certification/home_gallery/literary_catalog_home_desktop.jpg,file,ARCHIVE_CANDIDATE,docs/archive/qa_evidence/storefront_design_engine/phase5/w4_certification/home_gallery/literary_catalog_home_desktop.jpg,,TRUE,A
docs/qa_evidence/** (png/webp/js/html/json/css assets beyond 340 textual),docs/qa_evidence/storefront_design_engine/phase5/w4_certification/home_gallery/literary_catalog_home_mobile.jpg,file,ARCHIVE_CANDIDATE,docs/archive/qa_evidence/storefront_design_engine/phase5/w4_certification/home_gallery/literary_catalog_home_mobile.jpg,,TRUE,A
docs/qa_evidence/** (png/webp/js/html/json/css assets beyond 340 textual),docs/qa_evidence/storefront_design_engine/phase5/w4_certification/home_gallery/mina_community_home_desktop.jpg,file,ARCHIVE_CANDIDATE,docs/archive/qa_evidence/storefront_design_engine/phase5/w4_certification/home_gallery/mina_community_home_desktop.jpg,,TRUE,A
docs/qa_evidence/** (png/webp/js/html/json/css assets beyond 340 textual),docs/qa_evidence/storefront_design_engine/phase5/w4_certification/home_gallery/mina_community_home_mobile.jpg,file,ARCHIVE_CANDIDATE,docs/archive/qa_evidence/storefront_design_engine/phase5/w4_certification/home_gallery/mina_community_home_mobile.jpg,,TRUE,A
docs/qa_evidence/** (png/webp/js/html/json/css assets beyond 340 textual),docs/qa_evidence/storefront_design_engine/phase5/w4_certification/home_gallery/mirror_beauty_home_desktop.jpg,file,ARCHIVE_CANDIDATE,docs/archive/qa_evidence/storefront_design_engine/phase5/w4_certification/home_gallery/mirror_beauty_home_desktop.jpg,,TRUE,A
docs/qa_evidence/** (png/webp/js/html/json/css assets beyond 340 textual),docs/qa_evidence/storefront_design_engine/phase5/w4_certification/home_gallery/mirror_beauty_home_mobile.jpg,file,ARCHIVE_CANDIDATE,docs/archive/qa_evidence/storefront_design_engine/phase5/w4_certification/home_gallery/mirror_beauty_home_mobile.jpg,,TRUE,A
docs/qa_evidence/** (png/webp/js/html/json/css assets beyond 340 textual),docs/qa_evidence/storefront_design_engine/phase5/w4_certification/home_gallery/mist_quiet_home_desktop.jpg,file,ARCHIVE_CANDIDATE,docs/archive/qa_evidence/storefront_design_engine/phase5/w4_certification/home_gallery/mist_quiet_home_desktop.jpg,,TRUE,A
docs/qa_evidence/** (png/webp/js/html/json/css assets beyond 340 textual),docs/qa_evidence/storefront_design_engine/phase5/w4_certification/home_gallery/mist_quiet_home_mobile.jpg,file,ARCHIVE_CANDIDATE,docs/archive/qa_evidence/storefront_design_engine/phase5/w4_certification/home_gallery/mist_quiet_home_mobile.jpg,,TRUE,A
docs/qa_evidence/** (png/webp/js/html/json/css assets beyond 340 textual),docs/qa_evidence/storefront_design_engine/phase5/w4_certification/home_gallery/mother_utility_home_desktop.jpg,file,ARCHIVE_CANDIDATE,docs/archive/qa_evidence/storefront_design_engine/phase5/w4_certification/home_gallery/mother_utility_home_desktop.jpg,,TRUE,A
docs/qa_evidence/** (png/webp/js/html/json/css assets beyond 340 textual),docs/qa_evidence/storefront_design_engine/phase5/w4_certification/home_gallery/mother_utility_home_mobile.jpg,file,ARCHIVE_CANDIDATE,docs/archive/qa_evidence/storefront_design_engine/phase5/w4_certification/home_gallery/mother_utility_home_mobile.jpg,,TRUE,A
docs/qa_evidence/** (png/webp/js/html/json/css assets beyond 340 textual),docs/qa_evidence/storefront_design_engine/phase5/w4_certification/home_gallery/night_catalog_home_desktop.jpg,file,ARCHIVE_CANDIDATE,docs/archive/qa_evidence/storefront_design_engine/phase5/w4_certification/home_gallery/night_catalog_home_desktop.jpg,,TRUE,A
docs/qa_evidence/** (png/webp/js/html/json/css assets beyond 340 textual),docs/qa_evidence/storefront_design_engine/phase5/w4_certification/home_gallery/night_catalog_home_mobile.jpg,file,ARCHIVE_CANDIDATE,docs/archive/qa_evidence/storefront_design_engine/phase5/w4_certification/home_gallery/night_catalog_home_mobile.jpg,,TRUE,A
docs/qa_evidence/** (png/webp/js/html/json/css assets beyond 340 textual),docs/qa_evidence/storefront_design_engine/phase5/w4_certification/home_gallery/niloufar_glass_home_desktop.jpg,file,ARCHIVE_CANDIDATE,docs/archive/qa_evidence/storefront_design_engine/phase5/w4_certification/home_gallery/niloufar_glass_home_desktop.jpg,,TRUE,A
docs/qa_evidence/** (png/webp/js/html/json/css assets beyond 340 textual),docs/qa_evidence/storefront_design_engine/phase5/w4_certification/home_gallery/niloufar_glass_home_mobile.jpg,file,ARCHIVE_CANDIDATE,docs/archive/qa_evidence/storefront_design_engine/phase5/w4_certification/home_gallery/niloufar_glass_home_mobile.jpg,,TRUE,A
docs/qa_evidence/** (png/webp/js/html/json/css assets beyond 340 textual),docs/qa_evidence/storefront_design_engine/phase5/w4_certification/home_gallery/parnian_editorial_home_desktop.jpg,file,ARCHIVE_CANDIDATE,docs/archive/qa_evidence/storefront_design_engine/phase5/w4_certification/home_gallery/parnian_editorial_home_desktop.jpg,,TRUE,A
docs/qa_evidence/** (png/webp/js/html/json/css assets beyond 340 textual),docs/qa_evidence/storefront_design_engine/phase5/w4_certification/home_gallery/parnian_editorial_home_mobile.jpg,file,ARCHIVE_CANDIDATE,docs/archive/qa_evidence/storefront_design_engine/phase5/w4_certification/home_gallery/parnian_editorial_home_mobile.jpg,,TRUE,A
docs/qa_evidence/** (png/webp/js/html/json/css assets beyond 340 textual),docs/qa_evidence/storefront_design_engine/phase5/w4_certification/home_gallery/pine_eco_home_desktop.jpg,file,ARCHIVE_CANDIDATE,docs/archive/qa_evidence/storefront_design_engine/phase5/w4_certification/home_gallery/pine_eco_home_desktop.jpg,,TRUE,A
docs/qa_evidence/** (png/webp/js/html/json/css assets beyond 340 textual),docs/qa_evidence/storefront_design_engine/phase5/w4_certification/home_gallery/pine_eco_home_mobile.jpg,file,ARCHIVE_CANDIDATE,docs/archive/qa_evidence/storefront_design_engine/phase5/w4_certification/home_gallery/pine_eco_home_mobile.jpg,,TRUE,A
docs/qa_evidence/** (png/webp/js/html/json/css assets beyond 340 textual),docs/qa_evidence/storefront_design_engine/phase5/w4_certification/home_gallery/pixel_play_home_desktop.jpg,file,ARCHIVE_CANDIDATE,docs/archive/qa_evidence/storefront_design_engine/phase5/w4_certification/home_gallery/pixel_play_home_desktop.jpg,,TRUE,A
docs/qa_evidence/** (png/webp/js/html/json/css assets beyond 340 textual),docs/qa_evidence/storefront_design_engine/phase5/w4_certification/home_gallery/pixel_play_home_mobile.jpg,file,ARCHIVE_CANDIDATE,docs/archive/qa_evidence/storefront_design_engine/phase5/w4_certification/home_gallery/pixel_play_home_mobile.jpg,,TRUE,A
docs/qa_evidence/** (png/webp/js/html/json/css assets beyond 340 textual),docs/qa_evidence/storefront_design_engine/phase5/w4_certification/home_gallery/playful_lifestyle_home_desktop.jpg,file,ARCHIVE_CANDIDATE,docs/archive/qa_evidence/storefront_design_engine/phase5/w4_certification/home_gallery/playful_lifestyle_home_desktop.jpg,,TRUE,A
docs/qa_evidence/** (png/webp/js/html/json/css assets beyond 340 textual),docs/qa_evidence/storefront_design_engine/phase5/w4_certification/home_gallery/playful_lifestyle_home_mobile.jpg,file,ARCHIVE_CANDIDATE,docs/archive/qa_evidence/storefront_design_engine/phase5/w4_certification/home_gallery/playful_lifestyle_home_mobile.jpg,,TRUE,A
docs/qa_evidence/** (png/webp/js/html/json/css assets beyond 340 textual),docs/qa_evidence/storefront_design_engine/phase5/w4_certification/home_gallery/premium_leather_home_desktop.jpg,file,ARCHIVE_CANDIDATE,docs/archive/qa_evidence/storefront_design_engine/phase5/w4_certification/home_gallery/premium_leather_home_desktop.jpg,,TRUE,A
docs/qa_evidence/** (png/webp/js/html/json/css assets beyond 340 textual),docs/qa_evidence/storefront_design_engine/phase5/w4_certification/home_gallery/premium_leather_home_mobile.jpg,file,ARCHIVE_CANDIDATE,docs/archive/qa_evidence/storefront_design_engine/phase5/w4_certification/home_gallery/premium_leather_home_mobile.jpg,,TRUE,A
docs/qa_evidence/** (png/webp/js/html/json/css assets beyond 340 textual),docs/qa_evidence/storefront_design_engine/phase5/w4_certification/home_gallery/premium_leather_noir_home_desktop.jpg,file,ARCHIVE_CANDIDATE,docs/archive/qa_evidence/storefront_design_engine/phase5/w4_certification/home_gallery/premium_leather_noir_home_desktop.jpg,,TRUE,A
docs/qa_evidence/** (png/webp/js/html/json/css assets beyond 340 textual),docs/qa_evidence/storefront_design_engine/phase5/w4_certification/home_gallery/premium_leather_noir_home_mobile.jpg,file,ARCHIVE_CANDIDATE,docs/archive/qa_evidence/storefront_design_engine/phase5/w4_certification/home_gallery/premium_leather_noir_home_mobile.jpg,,TRUE,A
docs/qa_evidence/** (png/webp/js/html/json/css assets beyond 340 textual),docs/qa_evidence/storefront_design_engine/phase5/w4_certification/home_gallery/racer_tech_home_desktop.jpg,file,ARCHIVE_CANDIDATE,docs/archive/qa_evidence/storefront_design_engine/phase5/w4_certification/home_gallery/racer_tech_home_desktop.jpg,,TRUE,A
docs/qa_evidence/** (png/webp/js/html/json/css assets beyond 340 textual),docs/qa_evidence/storefront_design_engine/phase5/w4_certification/home_gallery/racer_tech_home_mobile.jpg,file,ARCHIVE_CANDIDATE,docs/archive/qa_evidence/storefront_design_engine/phase5/w4_certification/home_gallery/racer_tech_home_mobile.jpg,,TRUE,A
docs/qa_evidence/** (png/webp/js/html/json/css assets beyond 340 textual),docs/qa_evidence/storefront_design_engine/phase5/w4_certification/home_gallery/rayan_tech_home_desktop.jpg,file,ARCHIVE_CANDIDATE,docs/archive/qa_evidence/storefront_design_engine/phase5/w4_certification/home_gallery/rayan_tech_home_desktop.jpg,,TRUE,A
docs/qa_evidence/** (png/webp/js/html/json/css assets beyond 340 textual),docs/qa_evidence/storefront_design_engine/phase5/w4_certification/home_gallery/rayan_tech_home_mobile.jpg,file,ARCHIVE_CANDIDATE,docs/archive/qa_evidence/storefront_design_engine/phase5/w4_certification/home_gallery/rayan_tech_home_mobile.jpg,,TRUE,A
docs/qa_evidence/** (png/webp/js/html/json/css assets beyond 340 textual),docs/qa_evidence/storefront_design_engine/phase5/w4_certification/home_gallery/roosta_zigzag_home_desktop.jpg,file,ARCHIVE_CANDIDATE,docs/archive/qa_evidence/storefront_design_engine/phase5/w4_certification/home_gallery/roosta_zigzag_home_desktop.jpg,,TRUE,A
docs/qa_evidence/** (png/webp/js/html/json/css assets beyond 340 textual),docs/qa_evidence/storefront_design_engine/phase5/w4_certification/home_gallery/roosta_zigzag_home_mobile.jpg,file,ARCHIVE_CANDIDATE,docs/archive/qa_evidence/storefront_design_engine/phase5/w4_certification/home_gallery/roosta_zigzag_home_mobile.jpg,,TRUE,A
docs/qa_evidence/** (png/webp/js/html/json/css assets beyond 340 textual),docs/qa_evidence/storefront_design_engine/phase5/w4_certification/home_gallery/search_market_home_desktop.jpg,file,ARCHIVE_CANDIDATE,docs/archive/qa_evidence/storefront_design_engine/phase5/w4_certification/home_gallery/search_market_home_desktop.jpg,,TRUE,A
docs/qa_evidence/** (png/webp/js/html/json/css assets beyond 340 textual),docs/qa_evidence/storefront_design_engine/phase5/w4_certification/home_gallery/search_market_home_mobile.jpg,file,ARCHIVE_CANDIDATE,docs/archive/qa_evidence/storefront_design_engine/phase5/w4_certification/home_gallery/search_market_home_mobile.jpg,,TRUE,A
docs/qa_evidence/** (png/webp/js/html/json/css assets beyond 340 textual),docs/qa_evidence/storefront_design_engine/phase5/w4_certification/home_gallery/silk_editorial_home_desktop.jpg,file,ARCHIVE_CANDIDATE,docs/archive/qa_evidence/storefront_design_engine/phase5/w4_certification/home_gallery/silk_editorial_home_desktop.jpg,,TRUE,A
docs/qa_evidence/** (png/webp/js/html/json/css assets beyond 340 textual),docs/qa_evidence/storefront_design_engine/phase5/w4_certification/home_gallery/silk_editorial_home_mobile.jpg,file,ARCHIVE_CANDIDATE,docs/archive/qa_evidence/storefront_design_engine/phase5/w4_certification/home_gallery/silk_editorial_home_mobile.jpg,,TRUE,A
docs/qa_evidence/** (png/webp/js/html/json/css assets beyond 340 textual),docs/qa_evidence/storefront_design_engine/phase5/w4_certification/home_gallery/simorgh_market_home_desktop.jpg,file,ARCHIVE_CANDIDATE,docs/archive/qa_evidence/storefront_design_engine/phase5/w4_certification/home_gallery/simorgh_market_home_desktop.jpg,,TRUE,A
docs/qa_evidence/** (png/webp/js/html/json/css assets beyond 340 textual),docs/qa_evidence/storefront_design_engine/phase5/w4_certification/home_gallery/simorgh_market_home_mobile.jpg,file,ARCHIVE_CANDIDATE,docs/archive/qa_evidence/storefront_design_engine/phase5/w4_certification/home_gallery/simorgh_market_home_mobile.jpg,,TRUE,A
docs/qa_evidence/** (png/webp/js/html/json/css assets beyond 340 textual),docs/qa_evidence/storefront_design_engine/phase5/w4_certification/home_gallery/street_drop_home_desktop.jpg,file,ARCHIVE_CANDIDATE,docs/archive/qa_evidence/storefront_design_engine/phase5/w4_certification/home_gallery/street_drop_home_desktop.jpg,,TRUE,A
docs/qa_evidence/** (png/webp/js/html/json/css assets beyond 340 textual),docs/qa_evidence/storefront_design_engine/phase5/w4_certification/home_gallery/street_drop_home_mobile.jpg,file,ARCHIVE_CANDIDATE,docs/archive/qa_evidence/storefront_design_engine/phase5/w4_certification/home_gallery/street_drop_home_mobile.jpg,,TRUE,A
docs/qa_evidence/** (png/webp/js/html/json/css assets beyond 340 textual),docs/qa_evidence/storefront_design_engine/phase5/w4_certification/home_gallery/tool_finder_home_desktop.jpg,file,ARCHIVE_CANDIDATE,docs/archive/qa_evidence/storefront_design_engine/phase5/w4_certification/home_gallery/tool_finder_home_desktop.jpg,,TRUE,A
docs/qa_evidence/** (png/webp/js/html/json/css assets beyond 340 textual),docs/qa_evidence/storefront_design_engine/phase5/w4_certification/home_gallery/tool_finder_home_mobile.jpg,file,ARCHIVE_CANDIDATE,docs/archive/qa_evidence/storefront_design_engine/phase5/w4_certification/home_gallery/tool_finder_home_mobile.jpg,,TRUE,A
docs/qa_evidence/** (png/webp/js/html/json/css assets beyond 340 textual),docs/qa_evidence/storefront_design_engine/phase5/w4_certification/home_gallery/tower_department_home_desktop.jpg,file,ARCHIVE_CANDIDATE,docs/archive/qa_evidence/storefront_design_engine/phase5/w4_certification/home_gallery/tower_department_home_desktop.jpg,,TRUE,A
docs/qa_evidence/** (png/webp/js/html/json/css assets beyond 340 textual),docs/qa_evidence/storefront_design_engine/phase5/w4_certification/home_gallery/tower_department_home_mobile.jpg,file,ARCHIVE_CANDIDATE,docs/archive/qa_evidence/storefront_design_engine/phase5/w4_certification/home_gallery/tower_department_home_mobile.jpg,,TRUE,A
docs/qa_evidence/** (png/webp/js/html/json/css assets beyond 340 textual),docs/qa_evidence/storefront_design_engine/phase5/w4_certification/home_gallery/tuska_bento_home_desktop.jpg,file,ARCHIVE_CANDIDATE,docs/archive/qa_evidence/storefront_design_engine/phase5/w4_certification/home_gallery/tuska_bento_home_desktop.jpg,,TRUE,A
docs/qa_evidence/** (png/webp/js/html/json/css assets beyond 340 textual),docs/qa_evidence/storefront_design_engine/phase5/w4_certification/home_gallery/tuska_bento_home_mobile.jpg,file,ARCHIVE_CANDIDATE,docs/archive/qa_evidence/storefront_design_engine/phase5/w4_certification/home_gallery/tuska_bento_home_mobile.jpg,,TRUE,A
docs/qa_evidence/** (png/webp/js/html/json/css assets beyond 340 textual),docs/qa_evidence/storefront_design_engine/phase5/w4_certification/home_gallery/utility_catalog_home_desktop.jpg,file,ARCHIVE_CANDIDATE,docs/archive/qa_evidence/storefront_design_engine/phase5/w4_certification/home_gallery/utility_catalog_home_desktop.jpg,,TRUE,A
docs/qa_evidence/** (png/webp/js/html/json/css assets beyond 340 textual),docs/qa_evidence/storefront_design_engine/phase5/w4_certification/home_gallery/utility_catalog_home_mobile.jpg,file,ARCHIVE_CANDIDATE,docs/archive/qa_evidence/storefront_design_engine/phase5/w4_certification/home_gallery/utility_catalog_home_mobile.jpg,,TRUE,A
docs/qa_evidence/** (png/webp/js/html/json/css assets beyond 340 textual),docs/qa_evidence/storefront_design_engine/phase5/w4_certification/home_gallery/warm_boutique_home_desktop.jpg,file,ARCHIVE_CANDIDATE,docs/archive/qa_evidence/storefront_design_engine/phase5/w4_certification/home_gallery/warm_boutique_home_desktop.jpg,,TRUE,A
docs/qa_evidence/** (png/webp/js/html/json/css assets beyond 340 textual),docs/qa_evidence/storefront_design_engine/phase5/w4_certification/home_gallery/warm_boutique_home_mobile.jpg,file,ARCHIVE_CANDIDATE,docs/archive/qa_evidence/storefront_design_engine/phase5/w4_certification/home_gallery/warm_boutique_home_mobile.jpg,,TRUE,A
docs/qa_evidence/** (png/webp/js/html/json/css assets beyond 340 textual),docs/qa_evidence/storefront_design_engine/phase5/w4_certification/home_gallery/watchmaker_round_home_desktop.jpg,file,ARCHIVE_CANDIDATE,docs/archive/qa_evidence/storefront_design_engine/phase5/w4_certification/home_gallery/watchmaker_round_home_desktop.jpg,,TRUE,A
docs/qa_evidence/** (png/webp/js/html/json/css assets beyond 340 textual),docs/qa_evidence/storefront_design_engine/phase5/w4_certification/home_gallery/watchmaker_round_home_mobile.jpg,file,ARCHIVE_CANDIDATE,docs/archive/qa_evidence/storefront_design_engine/phase5/w4_certification/home_gallery/watchmaker_round_home_mobile.jpg,,TRUE,A
docs/qa_evidence/** (png/webp/js/html/json/css assets beyond 340 textual),docs/qa_evidence/storefront_design_engine/phase5/w4_certification/implementation/00_starting_state.txt,file,ARCHIVE_CANDIDATE,docs/archive/qa_evidence/storefront_design_engine/phase5/w4_certification/implementation/00_starting_state.txt,,TRUE,A
docs/qa_evidence/** (png/webp/js/html/json/css assets beyond 340 textual),docs/qa_evidence/storefront_design_engine/phase5/w4_certification/implementation/01_tdd_red.txt,file,ARCHIVE_CANDIDATE,docs/archive/qa_evidence/storefront_design_engine/phase5/w4_certification/implementation/01_tdd_red.txt,,TRUE,A
docs/qa_evidence/** (png/webp/js/html/json/css assets beyond 340 textual),docs/qa_evidence/storefront_design_engine/phase5/w4_certification/implementation/02_tdd_red_analysis.md,file,ARCHIVE_CANDIDATE,docs/archive/qa_evidence/storefront_design_engine/phase5/w4_certification/implementation/02_tdd_red_analysis.md,,TRUE,A
docs/qa_evidence/** (png/webp/js/html/json/css assets beyond 340 textual),docs/qa_evidence/storefront_design_engine/phase5/w4_certification/implementation/04_tdd_green.txt,file,ARCHIVE_CANDIDATE,docs/archive/qa_evidence/storefront_design_engine/phase5/w4_certification/implementation/04_tdd_green.txt,,TRUE,A
docs/qa_evidence/** (png/webp/js/html/json/css assets beyond 340 textual),docs/qa_evidence/storefront_design_engine/phase5/w4_certification/implementation/05_regression_gates.txt,file,ARCHIVE_CANDIDATE,docs/archive/qa_evidence/storefront_design_engine/phase5/w4_certification/implementation/05_regression_gates.txt,,TRUE,A
docs/qa_evidence/** (png/webp/js/html/json/css assets beyond 340 textual),docs/qa_evidence/storefront_design_engine/phase5/w4_certification/implementation/06_architecture_duplication_audit.md,file,ARCHIVE_CANDIDATE,docs/archive/qa_evidence/storefront_design_engine/phase5/w4_certification/implementation/06_architecture_duplication_audit.md,,TRUE,A
docs/qa_evidence/** (png/webp/js/html/json/css assets beyond 340 textual),docs/qa_evidence/storefront_design_engine/phase5/w4_certification/implementation/07_legacy_r4_non_interference.md,file,ARCHIVE_CANDIDATE,docs/archive/qa_evidence/storefront_design_engine/phase5/w4_certification/implementation/07_legacy_r4_non_interference.md,,TRUE,A
docs/qa_evidence/** (png/webp/js/html/json/css assets beyond 340 textual),docs/qa_evidence/storefront_design_engine/phase5/w4_certification/implementation/08_implementation_report.md,file,ARCHIVE_CANDIDATE,docs/archive/qa_evidence/storefront_design_engine/phase5/w4_certification/implementation/08_implementation_report.md,,TRUE,A
docs/qa_evidence/** (png/webp/js/html/json/css assets beyond 340 textual),docs/qa_evidence/storefront_design_engine/phase5/w4_certification/implementation/09_full_suite_regression.md,file,ARCHIVE_CANDIDATE,docs/archive/qa_evidence/storefront_design_engine/phase5/w4_certification/implementation/09_full_suite_regression.md,,TRUE,A
docs/qa_evidence/** (png/webp/js/html/json/css assets beyond 340 textual),docs/qa_evidence/storefront_design_engine/phase5/w4_certification/implementation/10_repair_round1_red.txt,file,ARCHIVE_CANDIDATE,docs/archive/qa_evidence/storefront_design_engine/phase5/w4_certification/implementation/10_repair_round1_red.txt,,TRUE,A
docs/qa_evidence/** (png/webp/js/html/json/css assets beyond 340 textual),docs/qa_evidence/storefront_design_engine/phase5/w4_certification/implementation/11_repair_round1_green.txt,file,ARCHIVE_CANDIDATE,docs/archive/qa_evidence/storefront_design_engine/phase5/w4_certification/implementation/11_repair_round1_green.txt,,TRUE,A
docs/qa_evidence/** (png/webp/js/html/json/css assets beyond 340 textual),docs/qa_evidence/storefront_design_engine/phase5/w4_certification/implementation/12_repair_round1_full_suite_output.txt,file,ARCHIVE_CANDIDATE,docs/archive/qa_evidence/storefront_design_engine/phase5/w4_certification/implementation/12_repair_round1_full_suite_output.txt,,TRUE,A
docs/qa_evidence/** (png/webp/js/html/json/css assets beyond 340 textual),docs/qa_evidence/storefront_design_engine/phase5/w4_certification/implementation/13_repair_round1_full_suite_identity_comparison.md,file,ARCHIVE_CANDIDATE,docs/archive/qa_evidence/storefront_design_engine/phase5/w4_certification/implementation/13_repair_round1_full_suite_identity_comparison.md,,TRUE,A
docs/qa_evidence/** (png/webp/js/html/json/css assets beyond 340 textual),docs/qa_evidence/storefront_design_engine/phase5/w4_certification/implementation/14_repair_round1_smoke_final_matrix.json,file,ARCHIVE_CANDIDATE,docs/archive/qa_evidence/storefront_design_engine/phase5/w4_certification/implementation/14_repair_round1_smoke_final_matrix.json,,TRUE,A
docs/qa_evidence/** (png/webp/js/html/json/css assets beyond 340 textual),docs/qa_evidence/storefront_design_engine/phase5/w4_certification/implementation/15a_smoke_attempt1_module_load_crash.txt,file,ARCHIVE_CANDIDATE,docs/archive/qa_evidence/storefront_design_engine/phase5/w4_certification/implementation/15a_smoke_attempt1_module_load_crash.txt,,TRUE,A
docs/qa_evidence/** (png/webp/js/html/json/css assets beyond 340 textual),docs/qa_evidence/storefront_design_engine/phase5/w4_certification/implementation/15b_smoke_attempt2_10_fails.txt,file,ARCHIVE_CANDIDATE,docs/archive/qa_evidence/storefront_design_engine/phase5/w4_certification/implementation/15b_smoke_attempt2_10_fails.txt,,TRUE,A
docs/qa_evidence/** (png/webp/js/html/json/css assets beyond 340 textual),docs/qa_evidence/storefront_design_engine/phase5/w4_certification/implementation/15c_smoke_attempt3_9_fails.txt,file,ARCHIVE_CANDIDATE,docs/archive/qa_evidence/storefront_design_engine/phase5/w4_certification/implementation/15c_smoke_attempt3_9_fails.txt,,TRUE,A
docs/qa_evidence/** (png/webp/js/html/json/css assets beyond 340 textual),docs/qa_evidence/storefront_design_engine/phase5/w4_certification/implementation/15d_smoke_attempt4_3_fails.txt,file,ARCHIVE_CANDIDATE,docs/archive/qa_evidence/storefront_design_engine/phase5/w4_certification/implementation/15d_smoke_attempt4_3_fails.txt,,TRUE,A
docs/qa_evidence/** (png/webp/js/html/json/css assets beyond 340 textual),docs/qa_evidence/storefront_design_engine/phase5/w4_certification/implementation/15e_smoke_attempt5_final_0_fails.txt,file,ARCHIVE_CANDIDATE,docs/archive/qa_evidence/storefront_design_engine/phase5/w4_certification/implementation/15e_smoke_attempt5_final_0_fails.txt,,TRUE,A
docs/qa_evidence/** (png/webp/js/html/json/css assets beyond 340 textual),docs/qa_evidence/storefront_design_engine/phase5/w4_certification/implementation/16_repair_round1_smoke_evidence.md,file,ARCHIVE_CANDIDATE,docs/archive/qa_evidence/storefront_design_engine/phase5/w4_certification/implementation/16_repair_round1_smoke_evidence.md,,TRUE,A
docs/qa_evidence/** (png/webp/js/html/json/css assets beyond 340 textual),docs/qa_evidence/storefront_design_engine/phase5/w4_certification/implementation/17_repair_round1_final_gates.txt,file,ARCHIVE_CANDIDATE,docs/archive/qa_evidence/storefront_design_engine/phase5/w4_certification/implementation/17_repair_round1_final_gates.txt,,TRUE,A
docs/qa_evidence/** (png/webp/js/html/json/css assets beyond 340 textual),docs/qa_evidence/storefront_design_engine/phase5/w4_certification/implementation/18_repair_round1_final_report.md,file,ARCHIVE_CANDIDATE,docs/archive/qa_evidence/storefront_design_engine/phase5/w4_certification/implementation/18_repair_round1_final_report.md,,TRUE,A
docs/qa_evidence/** (png/webp/js/html/json/css assets beyond 340 textual),docs/qa_evidence/storefront_design_engine/phase5/w4_certification/implementation/19_repair_round2_red.txt,file,ARCHIVE_CANDIDATE,docs/archive/qa_evidence/storefront_design_engine/phase5/w4_certification/implementation/19_repair_round2_red.txt,,TRUE,A
docs/qa_evidence/** (png/webp/js/html/json/css assets beyond 340 textual),docs/qa_evidence/storefront_design_engine/phase5/w4_certification/implementation/20_repair_round2_green.txt,file,ARCHIVE_CANDIDATE,docs/archive/qa_evidence/storefront_design_engine/phase5/w4_certification/implementation/20_repair_round2_green.txt,,TRUE,A
docs/qa_evidence/** (png/webp/js/html/json/css assets beyond 340 textual),docs/qa_evidence/storefront_design_engine/phase5/w4_certification/implementation/21a_repair_round2_smoke_attempt1_3_fails.txt,file,ARCHIVE_CANDIDATE,docs/archive/qa_evidence/storefront_design_engine/phase5/w4_certification/implementation/21a_repair_round2_smoke_attempt1_3_fails.txt,,TRUE,A
docs/qa_evidence/** (png/webp/js/html/json/css assets beyond 340 textual),docs/qa_evidence/storefront_design_engine/phase5/w4_certification/implementation/21b_repair_round2_smoke_attempt2_cart_a11y_bug.txt,file,ARCHIVE_CANDIDATE,docs/archive/qa_evidence/storefront_design_engine/phase5/w4_certification/implementation/21b_repair_round2_smoke_attempt2_cart_a11y_bug.txt,,TRUE,A
docs/qa_evidence/** (png/webp/js/html/json/css assets beyond 340 textual),docs/qa_evidence/storefront_design_engine/phase5/w4_certification/implementation/21c_repair_round2_smoke_attempt3_final_0_fails.txt,file,ARCHIVE_CANDIDATE,docs/archive/qa_evidence/storefront_design_engine/phase5/w4_certification/implementation/21c_repair_round2_smoke_attempt3_final_0_fails.txt,,TRUE,A
docs/qa_evidence/** (png/webp/js/html/json/css assets beyond 340 textual),docs/qa_evidence/storefront_design_engine/phase5/w4_certification/implementation/22_repair_round2_smoke_final_matrix.json,file,ARCHIVE_CANDIDATE,docs/archive/qa_evidence/storefront_design_engine/phase5/w4_certification/implementation/22_repair_round2_smoke_final_matrix.json,,TRUE,A
docs/qa_evidence/** (png/webp/js/html/json/css assets beyond 340 textual),docs/qa_evidence/storefront_design_engine/phase5/w4_certification/implementation/23_repair_round2_smoke_evidence.md,file,KEEP_HISTORICAL_REFERENCE,,RETAINED_KEEP,FALSE,
docs/qa_evidence/** (png/webp/js/html/json/css assets beyond 340 textual),docs/qa_evidence/storefront_design_engine/phase5/w4_certification/implementation/24_repair_round2_full_suite_output.txt,file,ARCHIVE_CANDIDATE,docs/archive/qa_evidence/storefront_design_engine/phase5/w4_certification/implementation/24_repair_round2_full_suite_output.txt,,TRUE,A
docs/qa_evidence/** (png/webp/js/html/json/css assets beyond 340 textual),docs/qa_evidence/storefront_design_engine/phase5/w4_certification/implementation/24b_repair_round2_final_fast_gates_recheck.txt,file,ARCHIVE_CANDIDATE,docs/archive/qa_evidence/storefront_design_engine/phase5/w4_certification/implementation/24b_repair_round2_final_fast_gates_recheck.txt,,TRUE,A
docs/qa_evidence/** (png/webp/js/html/json/css assets beyond 340 textual),docs/qa_evidence/storefront_design_engine/phase5/w4_certification/implementation/25_repair_round2_full_suite_identity_comparison.md,file,ARCHIVE_CANDIDATE,docs/archive/qa_evidence/storefront_design_engine/phase5/w4_certification/implementation/25_repair_round2_full_suite_identity_comparison.md,,TRUE,A
docs/qa_evidence/** (png/webp/js/html/json/css assets beyond 340 textual),docs/qa_evidence/storefront_design_engine/phase5/w4_certification/implementation/26_repair_round2_final_report.md,file,ARCHIVE_CANDIDATE,docs/archive/qa_evidence/storefront_design_engine/phase5/w4_certification/implementation/26_repair_round2_final_report.md,,TRUE,A
docs/qa_evidence/** (png/webp/js/html/json/css assets beyond 340 textual),docs/qa_evidence/storefront_design_engine/phase5/w4_certification/implementation/27_accessibility_closure_phaseA_red.txt,file,ARCHIVE_CANDIDATE,docs/archive/qa_evidence/storefront_design_engine/phase5/w4_certification/implementation/27_accessibility_closure_phaseA_red.txt,,TRUE,A
docs/qa_evidence/** (png/webp/js/html/json/css assets beyond 340 textual),docs/qa_evidence/storefront_design_engine/phase5/w4_certification/implementation/28a_accessibility_closure_phaseA_green_focused.txt,file,ARCHIVE_CANDIDATE,docs/archive/qa_evidence/storefront_design_engine/phase5/w4_certification/implementation/28a_accessibility_closure_phaseA_green_focused.txt,,TRUE,A
docs/qa_evidence/** (png/webp/js/html/json/css assets beyond 340 textual),docs/qa_evidence/storefront_design_engine/phase5/w4_certification/implementation/28b_accessibility_closure_phaseA_green_fastgates.txt,file,ARCHIVE_CANDIDATE,docs/archive/qa_evidence/storefront_design_engine/phase5/w4_certification/implementation/28b_accessibility_closure_phaseA_green_fastgates.txt,,TRUE,A
docs/qa_evidence/** (png/webp/js/html/json/css assets beyond 340 textual),docs/qa_evidence/storefront_design_engine/phase5/w4_certification/implementation/28c_accessibility_closure_phaseA_green_summary.md,file,ARCHIVE_CANDIDATE,docs/archive/qa_evidence/storefront_design_engine/phase5/w4_certification/implementation/28c_accessibility_closure_phaseA_green_summary.md,,TRUE,A
docs/qa_evidence/** (png/webp/js/html/json/css assets beyond 340 textual),docs/qa_evidence/storefront_design_engine/phase5/w4_certification/implementation/29a_accessibility_closure_pre_production_fix_smoke_output.txt,file,ARCHIVE_CANDIDATE,docs/archive/qa_evidence/storefront_design_engine/phase5/w4_certification/implementation/29a_accessibility_closure_pre_production_fix_smoke_output.txt,,TRUE,A
docs/qa_evidence/** (png/webp/js/html/json/css assets beyond 340 textual),docs/qa_evidence/storefront_design_engine/phase5/w4_certification/implementation/29b_accessibility_closure_pre_production_fix_smoke_matrix.json,file,ARCHIVE_CANDIDATE,docs/archive/qa_evidence/storefront_design_engine/phase5/w4_certification/implementation/29b_accessibility_closure_pre_production_fix_smoke_matrix.json,,TRUE,A
docs/qa_evidence/** (png/webp/js/html/json/css assets beyond 340 textual),docs/qa_evidence/storefront_design_engine/phase5/w4_certification/implementation/29c_accessibility_closure_pre_production_fix_smoke_summary.md,file,ARCHIVE_CANDIDATE,docs/archive/qa_evidence/storefront_design_engine/phase5/w4_certification/implementation/29c_accessibility_closure_pre_production_fix_smoke_summary.md,,TRUE,A
docs/qa_evidence/** (png/webp/js/html/json/css assets beyond 340 textual),docs/qa_evidence/storefront_design_engine/phase5/w4_certification/implementation/30_accessibility_closure_phaseB_red.txt,file,ARCHIVE_CANDIDATE,docs/archive/qa_evidence/storefront_design_engine/phase5/w4_certification/implementation/30_accessibility_closure_phaseB_red.txt,,TRUE,A
docs/qa_evidence/** (png/webp/js/html/json/css assets beyond 340 textual),docs/qa_evidence/storefront_design_engine/phase5/w4_certification/implementation/31a_accessibility_closure_phaseB_green_related_suites.txt,file,ARCHIVE_CANDIDATE,docs/archive/qa_evidence/storefront_design_engine/phase5/w4_certification/implementation/31a_accessibility_closure_phaseB_green_related_suites.txt,,TRUE,A
docs/qa_evidence/** (png/webp/js/html/json/css assets beyond 340 textual),docs/qa_evidence/storefront_design_engine/phase5/w4_certification/implementation/31b_accessibility_closure_phaseB_template_diff.txt,file,ARCHIVE_CANDIDATE,docs/archive/qa_evidence/storefront_design_engine/phase5/w4_certification/implementation/31b_accessibility_closure_phaseB_template_diff.txt,,TRUE,A
docs/qa_evidence/** (png/webp/js/html/json/css assets beyond 340 textual),docs/qa_evidence/storefront_design_engine/phase5/w4_certification/implementation/31c_accessibility_closure_phaseB_standalone_green.txt,file,ARCHIVE_CANDIDATE,docs/archive/qa_evidence/storefront_design_engine/phase5/w4_certification/implementation/31c_accessibility_closure_phaseB_standalone_green.txt,,TRUE,A
docs/qa_evidence/** (png/webp/js/html/json/css assets beyond 340 textual),docs/qa_evidence/storefront_design_engine/phase5/w4_certification/implementation/31d_accessibility_closure_phaseB_green_summary.md,file,ARCHIVE_CANDIDATE,docs/archive/qa_evidence/storefront_design_engine/phase5/w4_certification/implementation/31d_accessibility_closure_phaseB_green_summary.md,,TRUE,A
docs/qa_evidence/** (png/webp/js/html/json/css assets beyond 340 textual),docs/qa_evidence/storefront_design_engine/phase5/w4_certification/implementation/33a_accessibility_closure_final_smoke_output.txt,file,ARCHIVE_CANDIDATE,docs/archive/qa_evidence/storefront_design_engine/phase5/w4_certification/implementation/33a_accessibility_closure_final_smoke_output.txt,,TRUE,A
docs/qa_evidence/** (png/webp/js/html/json/css assets beyond 340 textual),docs/qa_evidence/storefront_design_engine/phase5/w4_certification/implementation/33b_accessibility_closure_final_smoke_matrix.json,file,ARCHIVE_CANDIDATE,docs/archive/qa_evidence/storefront_design_engine/phase5/w4_certification/implementation/33b_accessibility_closure_final_smoke_matrix.json,,TRUE,A
docs/qa_evidence/** (png/webp/js/html/json/css assets beyond 340 textual),docs/qa_evidence/storefront_design_engine/phase5/w4_certification/implementation/34_accessibility_closure_final_fastgates.txt,file,ARCHIVE_CANDIDATE,docs/archive/qa_evidence/storefront_design_engine/phase5/w4_certification/implementation/34_accessibility_closure_final_fastgates.txt,,TRUE,A
docs/qa_evidence/** (png/webp/js/html/json/css assets beyond 340 textual),docs/qa_evidence/storefront_design_engine/phase5/w4_certification/implementation/35_accessibility_closure_final_full_suite_output.txt,file,ARCHIVE_CANDIDATE,docs/archive/qa_evidence/storefront_design_engine/phase5/w4_certification/implementation/35_accessibility_closure_final_full_suite_output.txt,,TRUE,A
docs/qa_evidence/** (png/webp/js/html/json/css assets beyond 340 textual),docs/qa_evidence/storefront_design_engine/phase5/w4_certification/implementation/36_accessibility_closure_full_suite_identity_comparison.md,file,ARCHIVE_CANDIDATE,docs/archive/qa_evidence/storefront_design_engine/phase5/w4_certification/implementation/36_accessibility_closure_full_suite_identity_comparison.md,,TRUE,A
docs/qa_evidence/** (png/webp/js/html/json/css assets beyond 340 textual),docs/qa_evidence/storefront_design_engine/phase5/w4_certification/implementation/37_accessibility_closure_final_report.md,file,ARCHIVE_CANDIDATE,docs/archive/qa_evidence/storefront_design_engine/phase5/w4_certification/implementation/37_accessibility_closure_final_report.md,,TRUE,A
docs/qa_evidence/** (png/webp/js/html/json/css assets beyond 340 textual),docs/qa_evidence/storefront_design_engine/phase5/w4_certification/implementation/38_full_campaign_attempt1_blocked/campaign_output_and_crash.txt,file,ARCHIVE_CANDIDATE,docs/archive/qa_evidence/storefront_design_engine/phase5/w4_certification/implementation/38_full_campaign_attempt1_blocked/campaign_output_and_crash.txt,,TRUE,A
docs/qa_evidence/** (png/webp/js/html/json/css assets beyond 340 textual),docs/qa_evidence/storefront_design_engine/phase5/w4_certification/implementation/38_full_campaign_attempt1_blocked/matrix_partial.json,file,ARCHIVE_CANDIDATE,docs/archive/qa_evidence/storefront_design_engine/phase5/w4_certification/implementation/38_full_campaign_attempt1_blocked/matrix_partial.json,,TRUE,A
docs/qa_evidence/** (png/webp/js/html/json/css assets beyond 340 textual),docs/qa_evidence/storefront_design_engine/phase5/w4_certification/implementation/38_full_campaign_attempt1_blocked/root_cause.md,file,ARCHIVE_CANDIDATE,docs/archive/qa_evidence/storefront_design_engine/phase5/w4_certification/implementation/38_full_campaign_attempt1_blocked/root_cause.md,,TRUE,A
docs/qa_evidence/** (png/webp/js/html/json/css assets beyond 340 textual),docs/qa_evidence/storefront_design_engine/phase5/w4_certification/implementation/39_rate_limit_sharding_repair/fastgates.txt,file,ARCHIVE_CANDIDATE,docs/archive/qa_evidence/storefront_design_engine/phase5/w4_certification/implementation/39_rate_limit_sharding_repair/fastgates.txt,,TRUE,A
docs/qa_evidence/** (png/webp/js/html/json/css assets beyond 340 textual),docs/qa_evidence/storefront_design_engine/phase5/w4_certification/implementation/39_rate_limit_sharding_repair/final_report.md,file,ARCHIVE_CANDIDATE,docs/archive/qa_evidence/storefront_design_engine/phase5/w4_certification/implementation/39_rate_limit_sharding_repair/final_report.md,,TRUE,A
docs/qa_evidence/** (png/webp/js/html/json/css assets beyond 340 textual),docs/qa_evidence/storefront_design_engine/phase5/w4_certification/implementation/39_rate_limit_sharding_repair/full_suite_identity_comparison.md,file,ARCHIVE_CANDIDATE,docs/archive/qa_evidence/storefront_design_engine/phase5/w4_certification/implementation/39_rate_limit_sharding_repair/full_suite_identity_comparison.md,,TRUE,A
docs/qa_evidence/** (png/webp/js/html/json/css assets beyond 340 textual),docs/qa_evidence/storefront_design_engine/phase5/w4_certification/implementation/39_rate_limit_sharding_repair/full_suite_output.txt,file,ARCHIVE_CANDIDATE,docs/archive/qa_evidence/storefront_design_engine/phase5/w4_certification/implementation/39_rate_limit_sharding_repair/full_suite_output.txt,,TRUE,A
docs/qa_evidence/** (png/webp/js/html/json/css assets beyond 340 textual),docs/qa_evidence/storefront_design_engine/phase5/w4_certification/implementation/39_rate_limit_sharding_repair/mutation_budget_proof.md,file,ARCHIVE_CANDIDATE,docs/archive/qa_evidence/storefront_design_engine/phase5/w4_certification/implementation/39_rate_limit_sharding_repair/mutation_budget_proof.md,,TRUE,A
docs/qa_evidence/** (png/webp/js/html/json/css assets beyond 340 textual),docs/qa_evidence/storefront_design_engine/phase5/w4_certification/implementation/39_rate_limit_sharding_repair/pilot_matrix.json,file,ARCHIVE_CANDIDATE,docs/archive/qa_evidence/storefront_design_engine/phase5/w4_certification/implementation/39_rate_limit_sharding_repair/pilot_matrix.json,,TRUE,A
docs/qa_evidence/** (png/webp/js/html/json/css assets beyond 340 textual),docs/qa_evidence/storefront_design_engine/phase5/w4_certification/implementation/39_rate_limit_sharding_repair/pilot_process1_output.txt,file,ARCHIVE_CANDIDATE,docs/archive/qa_evidence/storefront_design_engine/phase5/w4_certification/implementation/39_rate_limit_sharding_repair/pilot_process1_output.txt,,TRUE,A
docs/qa_evidence/** (png/webp/js/html/json/css assets beyond 340 textual),docs/qa_evidence/storefront_design_engine/phase5/w4_certification/implementation/39_rate_limit_sharding_repair/pilot_process2_output.txt,file,ARCHIVE_CANDIDATE,docs/archive/qa_evidence/storefront_design_engine/phase5/w4_certification/implementation/39_rate_limit_sharding_repair/pilot_process2_output.txt,,TRUE,A
docs/qa_evidence/** (png/webp/js/html/json/css assets beyond 340 textual),docs/qa_evidence/storefront_design_engine/phase5/w4_certification/implementation/39_rate_limit_sharding_repair/pilot_summary.md,file,ARCHIVE_CANDIDATE,docs/archive/qa_evidence/storefront_design_engine/phase5/w4_certification/implementation/39_rate_limit_sharding_repair/pilot_summary.md,,TRUE,A
docs/qa_evidence/** (png/webp/js/html/json/css assets beyond 340 textual),docs/qa_evidence/storefront_design_engine/phase5/w4_certification/implementation/39_rate_limit_sharding_repair/root_cause_extension.md,file,ARCHIVE_CANDIDATE,docs/archive/qa_evidence/storefront_design_engine/phase5/w4_certification/implementation/39_rate_limit_sharding_repair/root_cause_extension.md,,TRUE,A
docs/qa_evidence/** (png/webp/js/html/json/css assets beyond 340 textual),docs/qa_evidence/storefront_design_engine/phase5/w4_certification/implementation/39_rate_limit_sharding_repair/tdd_green.txt,file,ARCHIVE_CANDIDATE,docs/archive/qa_evidence/storefront_design_engine/phase5/w4_certification/implementation/39_rate_limit_sharding_repair/tdd_green.txt,,TRUE,A
docs/qa_evidence/** (png/webp/js/html/json/css assets beyond 340 textual),docs/qa_evidence/storefront_design_engine/phase5/w4_certification/implementation/39_rate_limit_sharding_repair/tdd_red.txt,file,ARCHIVE_CANDIDATE,docs/archive/qa_evidence/storefront_design_engine/phase5/w4_certification/implementation/39_rate_limit_sharding_repair/tdd_red.txt,,TRUE,A
docs/qa_evidence/** (png/webp/js/html/json/css assets beyond 340 textual),docs/qa_evidence/storefront_design_engine/phase5/w4_certification/implementation/40_pilot_findings_closure/cart_reproduction.md,file,ARCHIVE_CANDIDATE,docs/archive/qa_evidence/storefront_design_engine/phase5/w4_certification/implementation/40_pilot_findings_closure/cart_reproduction.md,,TRUE,A
docs/qa_evidence/** (png/webp/js/html/json/css assets beyond 340 textual),docs/qa_evidence/storefront_design_engine/phase5/w4_certification/implementation/40_pilot_findings_closure/cart_tdd_green.txt,file,ARCHIVE_CANDIDATE,docs/archive/qa_evidence/storefront_design_engine/phase5/w4_certification/implementation/40_pilot_findings_closure/cart_tdd_green.txt,,TRUE,A
docs/qa_evidence/** (png/webp/js/html/json/css assets beyond 340 textual),docs/qa_evidence/storefront_design_engine/phase5/w4_certification/implementation/40_pilot_findings_closure/cart_tdd_red.txt,file,ARCHIVE_CANDIDATE,docs/archive/qa_evidence/storefront_design_engine/phase5/w4_certification/implementation/40_pilot_findings_closure/cart_tdd_red.txt,,TRUE,A
docs/qa_evidence/** (png/webp/js/html/json/css assets beyond 340 textual),docs/qa_evidence/storefront_design_engine/phase5/w4_certification/implementation/40_pilot_findings_closure/closure_matrix.json,file,ARCHIVE_CANDIDATE,docs/archive/qa_evidence/storefront_design_engine/phase5/w4_certification/implementation/40_pilot_findings_closure/closure_matrix.json,,TRUE,A
docs/qa_evidence/** (png/webp/js/html/json/css assets beyond 340 textual),docs/qa_evidence/storefront_design_engine/phase5/w4_certification/implementation/40_pilot_findings_closure/closure_pilot_summary.md,file,ARCHIVE_CANDIDATE,docs/archive/qa_evidence/storefront_design_engine/phase5/w4_certification/implementation/40_pilot_findings_closure/closure_pilot_summary.md,,TRUE,A
docs/qa_evidence/** (png/webp/js/html/json/css assets beyond 340 textual),docs/qa_evidence/storefront_design_engine/phase5/w4_certification/implementation/40_pilot_findings_closure/closure_process1_output.txt,file,ARCHIVE_CANDIDATE,docs/archive/qa_evidence/storefront_design_engine/phase5/w4_certification/implementation/40_pilot_findings_closure/closure_process1_output.txt,,TRUE,A
docs/qa_evidence/** (png/webp/js/html/json/css assets beyond 340 textual),docs/qa_evidence/storefront_design_engine/phase5/w4_certification/implementation/40_pilot_findings_closure/closure_process2_output.txt,file,ARCHIVE_CANDIDATE,docs/archive/qa_evidence/storefront_design_engine/phase5/w4_certification/implementation/40_pilot_findings_closure/closure_process2_output.txt,,TRUE,A
docs/qa_evidence/** (png/webp/js/html/json/css assets beyond 340 textual),docs/qa_evidence/storefront_design_engine/phase5/w4_certification/implementation/40_pilot_findings_closure/code_review.md,file,ARCHIVE_CANDIDATE,docs/archive/qa_evidence/storefront_design_engine/phase5/w4_certification/implementation/40_pilot_findings_closure/code_review.md,,TRUE,A
docs/qa_evidence/** (png/webp/js/html/json/css assets beyond 340 textual),docs/qa_evidence/storefront_design_engine/phase5/w4_certification/implementation/40_pilot_findings_closure/final_report.md,file,ARCHIVE_CANDIDATE,docs/archive/qa_evidence/storefront_design_engine/phase5/w4_certification/implementation/40_pilot_findings_closure/final_report.md,,TRUE,A
docs/qa_evidence/** (png/webp/js/html/json/css assets beyond 340 textual),docs/qa_evidence/storefront_design_engine/phase5/w4_certification/implementation/40_pilot_findings_closure/full_suite_identity_comparison.md,file,ARCHIVE_CANDIDATE,docs/archive/qa_evidence/storefront_design_engine/phase5/w4_certification/implementation/40_pilot_findings_closure/full_suite_identity_comparison.md,,TRUE,A
docs/qa_evidence/** (png/webp/js/html/json/css assets beyond 340 textual),docs/qa_evidence/storefront_design_engine/phase5/w4_certification/implementation/40_pilot_findings_closure/full_suite_output.txt,file,ARCHIVE_CANDIDATE,docs/archive/qa_evidence/storefront_design_engine/phase5/w4_certification/implementation/40_pilot_findings_closure/full_suite_output.txt,,TRUE,A
docs/qa_evidence/** (png/webp/js/html/json/css assets beyond 340 textual),docs/qa_evidence/storefront_design_engine/phase5/w4_certification/implementation/40_pilot_findings_closure/home_expectation_tdd_green.txt,file,ARCHIVE_CANDIDATE,docs/archive/qa_evidence/storefront_design_engine/phase5/w4_certification/implementation/40_pilot_findings_closure/home_expectation_tdd_green.txt,,TRUE,A
docs/qa_evidence/** (png/webp/js/html/json/css assets beyond 340 textual),docs/qa_evidence/storefront_design_engine/phase5/w4_certification/implementation/40_pilot_findings_closure/home_expectation_tdd_red.txt,file,ARCHIVE_CANDIDATE,docs/archive/qa_evidence/storefront_design_engine/phase5/w4_certification/implementation/40_pilot_findings_closure/home_expectation_tdd_red.txt,,TRUE,A
docs/qa_evidence/** (png/webp/js/html/json/css assets beyond 340 textual),docs/qa_evidence/storefront_design_engine/phase5/w4_certification/implementation/40_pilot_findings_closure/source_inventory_and_reclassification.md,file,ARCHIVE_CANDIDATE,docs/archive/qa_evidence/storefront_design_engine/phase5/w4_certification/implementation/40_pilot_findings_closure/source_inventory_and_reclassification.md,,TRUE,A
docs/qa_evidence/** (png/webp/js/html/json/css assets beyond 340 textual),docs/qa_evidence/storefront_design_engine/phase5/w4_certification/implementation/41_visual_distinctness_repair/browser_process1_output.txt,file,ARCHIVE_CANDIDATE,docs/archive/qa_evidence/storefront_design_engine/phase5/w4_certification/implementation/41_visual_distinctness_repair/browser_process1_output.txt,,TRUE,A
docs/qa_evidence/** (png/webp/js/html/json/css assets beyond 340 textual),docs/qa_evidence/storefront_design_engine/phase5/w4_certification/implementation/41_visual_distinctness_repair/browser_process2_output.txt,file,ARCHIVE_CANDIDATE,docs/archive/qa_evidence/storefront_design_engine/phase5/w4_certification/implementation/41_visual_distinctness_repair/browser_process2_output.txt,,TRUE,A
docs/qa_evidence/** (png/webp/js/html/json/css assets beyond 340 textual),docs/qa_evidence/storefront_design_engine/phase5/w4_certification/implementation/41_visual_distinctness_repair/code_review.md,file,ARCHIVE_CANDIDATE,docs/archive/qa_evidence/storefront_design_engine/phase5/w4_certification/implementation/41_visual_distinctness_repair/code_review.md,,TRUE,A
docs/qa_evidence/** (png/webp/js/html/json/css assets beyond 340 textual),docs/qa_evidence/storefront_design_engine/phase5/w4_certification/implementation/41_visual_distinctness_repair/final_report.md,file,ARCHIVE_CANDIDATE,docs/archive/qa_evidence/storefront_design_engine/phase5/w4_certification/implementation/41_visual_distinctness_repair/final_report.md,,TRUE,A
docs/qa_evidence/** (png/webp/js/html/json/css assets beyond 340 textual),docs/qa_evidence/storefront_design_engine/phase5/w4_certification/implementation/41_visual_distinctness_repair/focused_tests.txt,file,ARCHIVE_CANDIDATE,docs/archive/qa_evidence/storefront_design_engine/phase5/w4_certification/implementation/41_visual_distinctness_repair/focused_tests.txt,,TRUE,A
docs/qa_evidence/** (png/webp/js/html/json/css assets beyond 340 textual),docs/qa_evidence/storefront_design_engine/phase5/w4_certification/implementation/41_visual_distinctness_repair/full_suite_identity_comparison.md,file,ARCHIVE_CANDIDATE,docs/archive/qa_evidence/storefront_design_engine/phase5/w4_certification/implementation/41_visual_distinctness_repair/full_suite_identity_comparison.md,,TRUE,A
docs/qa_evidence/** (png/webp/js/html/json/css assets beyond 340 textual),docs/qa_evidence/storefront_design_engine/phase5/w4_certification/implementation/41_visual_distinctness_repair/full_suite_output_attempt1_6074424b.txt,file,ARCHIVE_CANDIDATE,docs/archive/qa_evidence/storefront_design_engine/phase5/w4_certification/implementation/41_visual_distinctness_repair/full_suite_output_attempt1_6074424b.txt,,TRUE,A
docs/qa_evidence/** (png/webp/js/html/json/css assets beyond 340 textual),docs/qa_evidence/storefront_design_engine/phase5/w4_certification/implementation/41_visual_distinctness_repair/full_suite_output_final_c31e07ed.txt,file,ARCHIVE_CANDIDATE,docs/archive/qa_evidence/storefront_design_engine/phase5/w4_certification/implementation/41_visual_distinctness_repair/full_suite_output_final_c31e07ed.txt,,TRUE,A
docs/qa_evidence/** (png/webp/js/html/json/css assets beyond 340 textual),docs/qa_evidence/storefront_design_engine/phase5/w4_certification/implementation/41_visual_distinctness_repair/rendered_pair_review.md,file,ARCHIVE_CANDIDATE,docs/archive/qa_evidence/storefront_design_engine/phase5/w4_certification/implementation/41_visual_distinctness_repair/rendered_pair_review.md,,TRUE,A
docs/qa_evidence/** (png/webp/js/html/json/css assets beyond 340 textual),docs/qa_evidence/storefront_design_engine/phase5/w4_certification/implementation/41_visual_distinctness_repair/repair_matrix.json,file,ARCHIVE_CANDIDATE,docs/archive/qa_evidence/storefront_design_engine/phase5/w4_certification/implementation/41_visual_distinctness_repair/repair_matrix.json,,TRUE,A
docs/qa_evidence/** (png/webp/js/html/json/css assets beyond 340 textual),docs/qa_evidence/storefront_design_engine/phase5/w4_certification/implementation/41_visual_distinctness_repair/screenshots/green_workshop_home_desktop.jpg,file,ARCHIVE_CANDIDATE,docs/archive/qa_evidence/storefront_design_engine/phase5/w4_certification/implementation/41_visual_distinctness_repair/screenshots/green_workshop_home_desktop.jpg,,TRUE,A
docs/qa_evidence/** (png/webp/js/html/json/css assets beyond 340 textual),docs/qa_evidence/storefront_design_engine/phase5/w4_certification/implementation/41_visual_distinctness_repair/screenshots/green_workshop_home_mobile.jpg,file,ARCHIVE_CANDIDATE,docs/archive/qa_evidence/storefront_design_engine/phase5/w4_certification/implementation/41_visual_distinctness_repair/screenshots/green_workshop_home_mobile.jpg,,TRUE,A
docs/qa_evidence/** (png/webp/js/html/json/css assets beyond 340 textual),docs/qa_evidence/storefront_design_engine/phase5/w4_certification/implementation/41_visual_distinctness_repair/screenshots/laleh_play_home_desktop.jpg,file,ARCHIVE_CANDIDATE,docs/archive/qa_evidence/storefront_design_engine/phase5/w4_certification/implementation/41_visual_distinctness_repair/screenshots/laleh_play_home_desktop.jpg,,TRUE,A
docs/qa_evidence/** (png/webp/js/html/json/css assets beyond 340 textual),docs/qa_evidence/storefront_design_engine/phase5/w4_certification/implementation/41_visual_distinctness_repair/screenshots/laleh_play_home_mobile.jpg,file,ARCHIVE_CANDIDATE,docs/archive/qa_evidence/storefront_design_engine/phase5/w4_certification/implementation/41_visual_distinctness_repair/screenshots/laleh_play_home_mobile.jpg,,TRUE,A
docs/qa_evidence/** (png/webp/js/html/json/css assets beyond 340 textual),docs/qa_evidence/storefront_design_engine/phase5/w4_certification/implementation/41_visual_distinctness_repair/screenshots/parnian_editorial_home_desktop.jpg,file,ARCHIVE_CANDIDATE,docs/archive/qa_evidence/storefront_design_engine/phase5/w4_certification/implementation/41_visual_distinctness_repair/screenshots/parnian_editorial_home_desktop.jpg,,TRUE,A
docs/qa_evidence/** (png/webp/js/html/json/css assets beyond 340 textual),docs/qa_evidence/storefront_design_engine/phase5/w4_certification/implementation/41_visual_distinctness_repair/screenshots/parnian_editorial_home_mobile.jpg,file,ARCHIVE_CANDIDATE,docs/archive/qa_evidence/storefront_design_engine/phase5/w4_certification/implementation/41_visual_distinctness_repair/screenshots/parnian_editorial_home_mobile.jpg,,TRUE,A
docs/qa_evidence/** (png/webp/js/html/json/css assets beyond 340 textual),docs/qa_evidence/storefront_design_engine/phase5/w4_certification/implementation/41_visual_distinctness_repair/screenshots/pine_eco_home_desktop.jpg,file,ARCHIVE_CANDIDATE,docs/archive/qa_evidence/storefront_design_engine/phase5/w4_certification/implementation/41_visual_distinctness_repair/screenshots/pine_eco_home_desktop.jpg,,TRUE,A
docs/qa_evidence/** (png/webp/js/html/json/css assets beyond 340 textual),docs/qa_evidence/storefront_design_engine/phase5/w4_certification/implementation/41_visual_distinctness_repair/screenshots/pine_eco_home_mobile.jpg,file,ARCHIVE_CANDIDATE,docs/archive/qa_evidence/storefront_design_engine/phase5/w4_certification/implementation/41_visual_distinctness_repair/screenshots/pine_eco_home_mobile.jpg,,TRUE,A
docs/qa_evidence/** (png/webp/js/html/json/css assets beyond 340 textual),docs/qa_evidence/storefront_design_engine/phase5/w4_certification/implementation/41_visual_distinctness_repair/screenshots/playful_lifestyle_home_desktop.jpg,file,ARCHIVE_CANDIDATE,docs/archive/qa_evidence/storefront_design_engine/phase5/w4_certification/implementation/41_visual_distinctness_repair/screenshots/playful_lifestyle_home_desktop.jpg,,TRUE,A
docs/qa_evidence/** (png/webp/js/html/json/css assets beyond 340 textual),docs/qa_evidence/storefront_design_engine/phase5/w4_certification/implementation/41_visual_distinctness_repair/screenshots/playful_lifestyle_home_mobile.jpg,file,ARCHIVE_CANDIDATE,docs/archive/qa_evidence/storefront_design_engine/phase5/w4_certification/implementation/41_visual_distinctness_repair/screenshots/playful_lifestyle_home_mobile.jpg,,TRUE,A
docs/qa_evidence/** (png/webp/js/html/json/css assets beyond 340 textual),docs/qa_evidence/storefront_design_engine/phase5/w4_certification/implementation/41_visual_distinctness_repair/screenshots/silk_editorial_home_desktop.jpg,file,ARCHIVE_CANDIDATE,docs/archive/qa_evidence/storefront_design_engine/phase5/w4_certification/implementation/41_visual_distinctness_repair/screenshots/silk_editorial_home_desktop.jpg,,TRUE,A
docs/qa_evidence/** (png/webp/js/html/json/css assets beyond 340 textual),docs/qa_evidence/storefront_design_engine/phase5/w4_certification/implementation/41_visual_distinctness_repair/screenshots/silk_editorial_home_mobile.jpg,file,ARCHIVE_CANDIDATE,docs/archive/qa_evidence/storefront_design_engine/phase5/w4_certification/implementation/41_visual_distinctness_repair/screenshots/silk_editorial_home_mobile.jpg,,TRUE,A
docs/qa_evidence/** (png/webp/js/html/json/css assets beyond 340 textual),docs/qa_evidence/storefront_design_engine/phase5/w4_certification/implementation/41_visual_distinctness_repair/source_diff.md,file,ARCHIVE_CANDIDATE,docs/archive/qa_evidence/storefront_design_engine/phase5/w4_certification/implementation/41_visual_distinctness_repair/source_diff.md,,TRUE,A
docs/qa_evidence/** (png/webp/js/html/json/css assets beyond 340 textual),docs/qa_evidence/storefront_design_engine/phase5/w4_certification/implementation/41_visual_distinctness_repair/starting_state.md,file,ARCHIVE_CANDIDATE,docs/archive/qa_evidence/storefront_design_engine/phase5/w4_certification/implementation/41_visual_distinctness_repair/starting_state.md,,TRUE,A
docs/qa_evidence/** (png/webp/js/html/json/css assets beyond 340 textual),docs/qa_evidence/storefront_design_engine/phase5/w4_certification/implementation/41_visual_distinctness_repair/tdd_green.txt,file,ARCHIVE_CANDIDATE,docs/archive/qa_evidence/storefront_design_engine/phase5/w4_certification/implementation/41_visual_distinctness_repair/tdd_green.txt,,TRUE,A
docs/qa_evidence/** (png/webp/js/html/json/css assets beyond 340 textual),docs/qa_evidence/storefront_design_engine/phase5/w4_certification/implementation/41_visual_distinctness_repair/tdd_red.txt,file,ARCHIVE_CANDIDATE,docs/archive/qa_evidence/storefront_design_engine/phase5/w4_certification/implementation/41_visual_distinctness_repair/tdd_red.txt,,TRUE,A
docs/qa_evidence/** (png/webp/js/html/json/css assets beyond 340 textual),docs/qa_evidence/storefront_design_engine/phase5/w4_certification/implementation/41_visual_distinctness_repair/version_history_proof.md,file,ARCHIVE_CANDIDATE,docs/archive/qa_evidence/storefront_design_engine/phase5/w4_certification/implementation/41_visual_distinctness_repair/version_history_proof.md,,TRUE,A
docs/qa_evidence/** (png/webp/js/html/json/css assets beyond 340 textual),docs/qa_evidence/storefront_design_engine/phase5/w4_certification/implementation/42_final_repaired_source_recertification/final_visual_distinctness_matrix.json,file,ARCHIVE_CANDIDATE,docs/archive/qa_evidence/storefront_design_engine/phase5/w4_certification/implementation/42_final_repaired_source_recertification/final_visual_distinctness_matrix.json,,TRUE,A
docs/qa_evidence/** (png/webp/js/html/json/css assets beyond 340 textual),docs/qa_evidence/storefront_design_engine/phase5/w4_certification/implementation/42_final_repaired_source_recertification/final_visual_distinctness_matrix.md,file,ARCHIVE_CANDIDATE,docs/archive/qa_evidence/storefront_design_engine/phase5/w4_certification/implementation/42_final_repaired_source_recertification/final_visual_distinctness_matrix.md,,TRUE,A
docs/qa_evidence/** (png/webp/js/html/json/css assets beyond 340 textual),docs/qa_evidence/storefront_design_engine/phase5/w4_certification/implementation/42_final_repaired_source_recertification/visual_review/desktop_01.jpg,file,ARCHIVE_CANDIDATE,docs/archive/qa_evidence/storefront_design_engine/phase5/w4_certification/implementation/42_final_repaired_source_recertification/visual_review/desktop_01.jpg,,TRUE,A
docs/qa_evidence/** (png/webp/js/html/json/css assets beyond 340 textual),docs/qa_evidence/storefront_design_engine/phase5/w4_certification/implementation/42_final_repaired_source_recertification/visual_review/desktop_02.jpg,file,ARCHIVE_CANDIDATE,docs/archive/qa_evidence/storefront_design_engine/phase5/w4_certification/implementation/42_final_repaired_source_recertification/visual_review/desktop_02.jpg,,TRUE,A
docs/qa_evidence/** (png/webp/js/html/json/css assets beyond 340 textual),docs/qa_evidence/storefront_design_engine/phase5/w4_certification/implementation/42_final_repaired_source_recertification/visual_review/desktop_03.jpg,file,ARCHIVE_CANDIDATE,docs/archive/qa_evidence/storefront_design_engine/phase5/w4_certification/implementation/42_final_repaired_source_recertification/visual_review/desktop_03.jpg,,TRUE,A
docs/qa_evidence/** (png/webp/js/html/json/css assets beyond 340 textual),docs/qa_evidence/storefront_design_engine/phase5/w4_certification/implementation/42_final_repaired_source_recertification/visual_review/desktop_04.jpg,file,ARCHIVE_CANDIDATE,docs/archive/qa_evidence/storefront_design_engine/phase5/w4_certification/implementation/42_final_repaired_source_recertification/visual_review/desktop_04.jpg,,TRUE,A
docs/qa_evidence/** (png/webp/js/html/json/css assets beyond 340 textual),docs/qa_evidence/storefront_design_engine/phase5/w4_certification/implementation/42_final_repaired_source_recertification/visual_review/desktop_05.jpg,file,ARCHIVE_CANDIDATE,docs/archive/qa_evidence/storefront_design_engine/phase5/w4_certification/implementation/42_final_repaired_source_recertification/visual_review/desktop_05.jpg,,TRUE,A
docs/qa_evidence/** (png/webp/js/html/json/css assets beyond 340 textual),docs/qa_evidence/storefront_design_engine/phase5/w4_certification/implementation/42_final_repaired_source_recertification/visual_review/mobile_01.jpg,file,ARCHIVE_CANDIDATE,docs/archive/qa_evidence/storefront_design_engine/phase5/w4_certification/implementation/42_final_repaired_source_recertification/visual_review/mobile_01.jpg,,TRUE,A
docs/qa_evidence/** (png/webp/js/html/json/css assets beyond 340 textual),docs/qa_evidence/storefront_design_engine/phase5/w4_certification/implementation/42_final_repaired_source_recertification/visual_review/mobile_02.jpg,file,ARCHIVE_CANDIDATE,docs/archive/qa_evidence/storefront_design_engine/phase5/w4_certification/implementation/42_final_repaired_source_recertification/visual_review/mobile_02.jpg,,TRUE,A
docs/qa_evidence/** (png/webp/js/html/json/css assets beyond 340 textual),docs/qa_evidence/storefront_design_engine/phase5/w4_certification/implementation/42_final_repaired_source_recertification/visual_review/mobile_03.jpg,file,ARCHIVE_CANDIDATE,docs/archive/qa_evidence/storefront_design_engine/phase5/w4_certification/implementation/42_final_repaired_source_recertification/visual_review/mobile_03.jpg,,TRUE,A
docs/qa_evidence/** (png/webp/js/html/json/css assets beyond 340 textual),docs/qa_evidence/storefront_design_engine/phase5/w4_certification/implementation/42_final_repaired_source_recertification/visual_review/mobile_04.jpg,file,ARCHIVE_CANDIDATE,docs/archive/qa_evidence/storefront_design_engine/phase5/w4_certification/implementation/42_final_repaired_source_recertification/visual_review/mobile_04.jpg,,TRUE,A
docs/qa_evidence/** (png/webp/js/html/json/css assets beyond 340 textual),docs/qa_evidence/storefront_design_engine/phase5/w4_certification/implementation/42_final_repaired_source_recertification/visual_review/mobile_05.jpg,file,ARCHIVE_CANDIDATE,docs/archive/qa_evidence/storefront_design_engine/phase5/w4_certification/implementation/42_final_repaired_source_recertification/visual_review/mobile_05.jpg,,TRUE,A
docs/qa_evidence/** (png/webp/js/html/json/css assets beyond 340 textual),docs/qa_evidence/storefront_design_engine/phase5/w4_certification/implementation/42_final_repaired_source_recertification/visual_review/mobile_06.jpg,file,ARCHIVE_CANDIDATE,docs/archive/qa_evidence/storefront_design_engine/phase5/w4_certification/implementation/42_final_repaired_source_recertification/visual_review/mobile_06.jpg,,TRUE,A
docs/qa_evidence/** (png/webp/js/html/json/css assets beyond 340 textual),docs/qa_evidence/storefront_design_engine/phase5/w4_certification/implementation/42_final_repaired_source_recertification/visual_review/mobile_07.jpg,file,ARCHIVE_CANDIDATE,docs/archive/qa_evidence/storefront_design_engine/phase5/w4_certification/implementation/42_final_repaired_source_recertification/visual_review/mobile_07.jpg,,TRUE,A
docs/qa_evidence/** (png/webp/js/html/json/css assets beyond 340 textual),docs/qa_evidence/storefront_design_engine/phase5/w4_certification/matrix.json,file,ARCHIVE_CANDIDATE,docs/archive/qa_evidence/storefront_design_engine/phase5/w4_certification/matrix.json,,TRUE,A
docs/qa_evidence/** (png/webp/js/html/json/css assets beyond 340 textual),docs/qa_evidence/storefront_design_engine/phase5/w4_certification/representative_screenshots/aftab_price_cart_desktop.jpg,file,ARCHIVE_CANDIDATE,docs/archive/qa_evidence/storefront_design_engine/phase5/w4_certification/representative_screenshots/aftab_price_cart_desktop.jpg,,TRUE,A
docs/qa_evidence/** (png/webp/js/html/json/css assets beyond 340 textual),docs/qa_evidence/storefront_design_engine/phase5/w4_certification/representative_screenshots/aftab_price_listing_desktop.jpg,file,ARCHIVE_CANDIDATE,docs/archive/qa_evidence/storefront_design_engine/phase5/w4_certification/representative_screenshots/aftab_price_listing_desktop.jpg,,TRUE,A
docs/qa_evidence/** (png/webp/js/html/json/css assets beyond 340 textual),docs/qa_evidence/storefront_design_engine/phase5/w4_certification/representative_screenshots/aftab_price_pdp_desktop.jpg,file,ARCHIVE_CANDIDATE,docs/archive/qa_evidence/storefront_design_engine/phase5/w4_certification/representative_screenshots/aftab_price_pdp_desktop.jpg,,TRUE,A
docs/qa_evidence/** (png/webp/js/html/json/css assets beyond 340 textual),docs/qa_evidence/storefront_design_engine/phase5/w4_certification/representative_screenshots/almas_luxury_cart_desktop.jpg,file,ARCHIVE_CANDIDATE,docs/archive/qa_evidence/storefront_design_engine/phase5/w4_certification/representative_screenshots/almas_luxury_cart_desktop.jpg,,TRUE,A
docs/qa_evidence/** (png/webp/js/html/json/css assets beyond 340 textual),docs/qa_evidence/storefront_design_engine/phase5/w4_certification/representative_screenshots/almas_luxury_listing_desktop.jpg,file,ARCHIVE_CANDIDATE,docs/archive/qa_evidence/storefront_design_engine/phase5/w4_certification/representative_screenshots/almas_luxury_listing_desktop.jpg,,TRUE,A
docs/qa_evidence/** (png/webp/js/html/json/css assets beyond 340 textual),docs/qa_evidence/storefront_design_engine/phase5/w4_certification/representative_screenshots/almas_luxury_pdp_desktop.jpg,file,ARCHIVE_CANDIDATE,docs/archive/qa_evidence/storefront_design_engine/phase5/w4_certification/representative_screenshots/almas_luxury_pdp_desktop.jpg,,TRUE,A
docs/qa_evidence/** (png/webp/js/html/json/css assets beyond 340 textual),docs/qa_evidence/storefront_design_engine/phase5/w4_certification/representative_screenshots/anniversary_mosaic_cart_desktop.jpg,file,ARCHIVE_CANDIDATE,docs/archive/qa_evidence/storefront_design_engine/phase5/w4_certification/representative_screenshots/anniversary_mosaic_cart_desktop.jpg,,TRUE,A
docs/qa_evidence/** (png/webp/js/html/json/css assets beyond 340 textual),docs/qa_evidence/storefront_design_engine/phase5/w4_certification/representative_screenshots/anniversary_mosaic_listing_desktop.jpg,file,ARCHIVE_CANDIDATE,docs/archive/qa_evidence/storefront_design_engine/phase5/w4_certification/representative_screenshots/anniversary_mosaic_listing_desktop.jpg,,TRUE,A
docs/qa_evidence/** (png/webp/js/html/json/css assets beyond 340 textual),docs/qa_evidence/storefront_design_engine/phase5/w4_certification/representative_screenshots/anniversary_mosaic_pdp_desktop.jpg,file,ARCHIVE_CANDIDATE,docs/archive/qa_evidence/storefront_design_engine/phase5/w4_certification/representative_screenshots/anniversary_mosaic_pdp_desktop.jpg,,TRUE,A
docs/qa_evidence/** (png/webp/js/html/json/css assets beyond 340 textual),docs/qa_evidence/storefront_design_engine/phase5/w4_certification/representative_screenshots/artisan_grain_cart_desktop.jpg,file,ARCHIVE_CANDIDATE,docs/archive/qa_evidence/storefront_design_engine/phase5/w4_certification/representative_screenshots/artisan_grain_cart_desktop.jpg,,TRUE,A
docs/qa_evidence/** (png/webp/js/html/json/css assets beyond 340 textual),docs/qa_evidence/storefront_design_engine/phase5/w4_certification/representative_screenshots/artisan_grain_listing_desktop.jpg,file,ARCHIVE_CANDIDATE,docs/archive/qa_evidence/storefront_design_engine/phase5/w4_certification/representative_screenshots/artisan_grain_listing_desktop.jpg,,TRUE,A
docs/qa_evidence/** (png/webp/js/html/json/css assets beyond 340 textual),docs/qa_evidence/storefront_design_engine/phase5/w4_certification/representative_screenshots/artisan_grain_pdp_desktop.jpg,file,ARCHIVE_CANDIDATE,docs/archive/qa_evidence/storefront_design_engine/phase5/w4_certification/representative_screenshots/artisan_grain_pdp_desktop.jpg,,TRUE,A
docs/qa_evidence/** (png/webp/js/html/json/css assets beyond 340 textual),docs/qa_evidence/storefront_design_engine/phase5/w4_certification/representative_screenshots/beauty_dew_cart_desktop.jpg,file,ARCHIVE_CANDIDATE,docs/archive/qa_evidence/storefront_design_engine/phase5/w4_certification/representative_screenshots/beauty_dew_cart_desktop.jpg,,TRUE,A
docs/qa_evidence/** (png/webp/js/html/json/css assets beyond 340 textual),docs/qa_evidence/storefront_design_engine/phase5/w4_certification/representative_screenshots/beauty_dew_listing_desktop.jpg,file,ARCHIVE_CANDIDATE,docs/archive/qa_evidence/storefront_design_engine/phase5/w4_certification/representative_screenshots/beauty_dew_listing_desktop.jpg,,TRUE,A
docs/qa_evidence/** (png/webp/js/html/json/css assets beyond 340 textual),docs/qa_evidence/storefront_design_engine/phase5/w4_certification/representative_screenshots/beauty_dew_pdp_desktop.jpg,file,ARCHIVE_CANDIDATE,docs/archive/qa_evidence/storefront_design_engine/phase5/w4_certification/representative_screenshots/beauty_dew_pdp_desktop.jpg,,TRUE,A
docs/qa_evidence/** (png/webp/js/html/json/css assets beyond 340 textual),docs/qa_evidence/storefront_design_engine/phase5/w4_certification/representative_screenshots/calligraphy_paper_cart_desktop.jpg,file,ARCHIVE_CANDIDATE,docs/archive/qa_evidence/storefront_design_engine/phase5/w4_certification/representative_screenshots/calligraphy_paper_cart_desktop.jpg,,TRUE,A
docs/qa_evidence/** (png/webp/js/html/json/css assets beyond 340 textual),docs/qa_evidence/storefront_design_engine/phase5/w4_certification/representative_screenshots/calligraphy_paper_listing_desktop.jpg,file,ARCHIVE_CANDIDATE,docs/archive/qa_evidence/storefront_design_engine/phase5/w4_certification/representative_screenshots/calligraphy_paper_listing_desktop.jpg,,TRUE,A
docs/qa_evidence/** (png/webp/js/html/json/css assets beyond 340 textual),docs/qa_evidence/storefront_design_engine/phase5/w4_certification/representative_screenshots/calligraphy_paper_pdp_desktop.jpg,file,ARCHIVE_CANDIDATE,docs/archive/qa_evidence/storefront_design_engine/phase5/w4_certification/representative_screenshots/calligraphy_paper_pdp_desktop.jpg,,TRUE,A
docs/qa_evidence/** (png/webp/js/html/json/css assets beyond 340 textual),docs/qa_evidence/storefront_design_engine/phase5/w4_certification/representative_screenshots/cedar_home_cart_desktop.jpg,file,ARCHIVE_CANDIDATE,docs/archive/qa_evidence/storefront_design_engine/phase5/w4_certification/representative_screenshots/cedar_home_cart_desktop.jpg,,TRUE,A
docs/qa_evidence/** (png/webp/js/html/json/css assets beyond 340 textual),docs/qa_evidence/storefront_design_engine/phase5/w4_certification/representative_screenshots/cedar_home_listing_desktop.jpg,file,ARCHIVE_CANDIDATE,docs/archive/qa_evidence/storefront_design_engine/phase5/w4_certification/representative_screenshots/cedar_home_listing_desktop.jpg,,TRUE,A
docs/qa_evidence/** (png/webp/js/html/json/css assets beyond 340 textual),docs/qa_evidence/storefront_design_engine/phase5/w4_certification/representative_screenshots/cedar_home_pdp_desktop.jpg,file,ARCHIVE_CANDIDATE,docs/archive/qa_evidence/storefront_design_engine/phase5/w4_certification/representative_screenshots/cedar_home_pdp_desktop.jpg,,TRUE,A
docs/qa_evidence/** (png/webp/js/html/json/css assets beyond 340 textual),docs/qa_evidence/storefront_design_engine/phase5/w4_certification/representative_screenshots/charcoal_grill_cart_desktop.jpg,file,ARCHIVE_CANDIDATE,docs/archive/qa_evidence/storefront_design_engine/phase5/w4_certification/representative_screenshots/charcoal_grill_cart_desktop.jpg,,TRUE,A
docs/qa_evidence/** (png/webp/js/html/json/css assets beyond 340 textual),docs/qa_evidence/storefront_design_engine/phase5/w4_certification/representative_screenshots/charcoal_grill_listing_desktop.jpg,file,ARCHIVE_CANDIDATE,docs/archive/qa_evidence/storefront_design_engine/phase5/w4_certification/representative_screenshots/charcoal_grill_listing_desktop.jpg,,TRUE,A
docs/qa_evidence/** (png/webp/js/html/json/css assets beyond 340 textual),docs/qa_evidence/storefront_design_engine/phase5/w4_certification/representative_screenshots/charcoal_grill_pdp_desktop.jpg,file,ARCHIVE_CANDIDATE,docs/archive/qa_evidence/storefront_design_engine/phase5/w4_certification/representative_screenshots/charcoal_grill_pdp_desktop.jpg,,TRUE,A
docs/qa_evidence/** (png/webp/js/html/json/css assets beyond 340 textual),docs/qa_evidence/storefront_design_engine/phase5/w4_certification/representative_screenshots/city_classic_cart_desktop.jpg,file,ARCHIVE_CANDIDATE,docs/archive/qa_evidence/storefront_design_engine/phase5/w4_certification/representative_screenshots/city_classic_cart_desktop.jpg,,TRUE,A
docs/qa_evidence/** (png/webp/js/html/json/css assets beyond 340 textual),docs/qa_evidence/storefront_design_engine/phase5/w4_certification/representative_screenshots/city_classic_listing_desktop.jpg,file,ARCHIVE_CANDIDATE,docs/archive/qa_evidence/storefront_design_engine/phase5/w4_certification/representative_screenshots/city_classic_listing_desktop.jpg,,TRUE,A
docs/qa_evidence/** (png/webp/js/html/json/css assets beyond 340 textual),docs/qa_evidence/storefront_design_engine/phase5/w4_certification/representative_screenshots/city_classic_pdp_desktop.jpg,file,ARCHIVE_CANDIDATE,docs/archive/qa_evidence/storefront_design_engine/phase5/w4_certification/representative_screenshots/city_classic_pdp_desktop.jpg,,TRUE,A
docs/qa_evidence/** (png/webp/js/html/json/css assets beyond 340 textual),docs/qa_evidence/storefront_design_engine/phase5/w4_certification/representative_screenshots/coastal_product_cart_desktop.jpg,file,ARCHIVE_CANDIDATE,docs/archive/qa_evidence/storefront_design_engine/phase5/w4_certification/representative_screenshots/coastal_product_cart_desktop.jpg,,TRUE,A
docs/qa_evidence/** (png/webp/js/html/json/css assets beyond 340 textual),docs/qa_evidence/storefront_design_engine/phase5/w4_certification/representative_screenshots/coastal_product_listing_desktop.jpg,file,ARCHIVE_CANDIDATE,docs/archive/qa_evidence/storefront_design_engine/phase5/w4_certification/representative_screenshots/coastal_product_listing_desktop.jpg,,TRUE,A
docs/qa_evidence/** (png/webp/js/html/json/css assets beyond 340 textual),docs/qa_evidence/storefront_design_engine/phase5/w4_certification/representative_screenshots/coastal_product_pdp_desktop.jpg,file,ARCHIVE_CANDIDATE,docs/archive/qa_evidence/storefront_design_engine/phase5/w4_certification/representative_screenshots/coastal_product_pdp_desktop.jpg,,TRUE,A
docs/qa_evidence/** (png/webp/js/html/json/css assets beyond 340 textual),docs/qa_evidence/storefront_design_engine/phase5/w4_certification/representative_screenshots/collection_index_cart_desktop.jpg,file,ARCHIVE_CANDIDATE,docs/archive/qa_evidence/storefront_design_engine/phase5/w4_certification/representative_screenshots/collection_index_cart_desktop.jpg,,TRUE,A
docs/qa_evidence/** (png/webp/js/html/json/css assets beyond 340 textual),docs/qa_evidence/storefront_design_engine/phase5/w4_certification/representative_screenshots/collection_index_listing_desktop.jpg,file,ARCHIVE_CANDIDATE,docs/archive/qa_evidence/storefront_design_engine/phase5/w4_certification/representative_screenshots/collection_index_listing_desktop.jpg,,TRUE,A
docs/qa_evidence/** (png/webp/js/html/json/css assets beyond 340 textual),docs/qa_evidence/storefront_design_engine/phase5/w4_certification/representative_screenshots/collection_index_pdp_desktop.jpg,file,ARCHIVE_CANDIDATE,docs/archive/qa_evidence/storefront_design_engine/phase5/w4_certification/representative_screenshots/collection_index_pdp_desktop.jpg,,TRUE,A
docs/qa_evidence/** (png/webp/js/html/json/css assets beyond 340 textual),docs/qa_evidence/storefront_design_engine/phase5/w4_certification/representative_screenshots/dark_digital_cart_desktop.jpg,file,ARCHIVE_CANDIDATE,docs/archive/qa_evidence/storefront_design_engine/phase5/w4_certification/representative_screenshots/dark_digital_cart_desktop.jpg,,TRUE,A
docs/qa_evidence/** (png/webp/js/html/json/css assets beyond 340 textual),docs/qa_evidence/storefront_design_engine/phase5/w4_certification/representative_screenshots/dark_digital_listing_desktop.jpg,file,ARCHIVE_CANDIDATE,docs/archive/qa_evidence/storefront_design_engine/phase5/w4_certification/representative_screenshots/dark_digital_listing_desktop.jpg,,TRUE,A
docs/qa_evidence/** (png/webp/js/html/json/css assets beyond 340 textual),docs/qa_evidence/storefront_design_engine/phase5/w4_certification/representative_screenshots/dark_digital_pdp_desktop.jpg,file,ARCHIVE_CANDIDATE,docs/archive/qa_evidence/storefront_design_engine/phase5/w4_certification/representative_screenshots/dark_digital_pdp_desktop.jpg,,TRUE,A
docs/qa_evidence/** (png/webp/js/html/json/css assets beyond 340 textual),docs/qa_evidence/storefront_design_engine/phase5/w4_certification/representative_screenshots/dense_marketplace_cart_desktop.jpg,file,ARCHIVE_CANDIDATE,docs/archive/qa_evidence/storefront_design_engine/phase5/w4_certification/representative_screenshots/dense_marketplace_cart_desktop.jpg,,TRUE,A
docs/qa_evidence/** (png/webp/js/html/json/css assets beyond 340 textual),docs/qa_evidence/storefront_design_engine/phase5/w4_certification/representative_screenshots/dense_marketplace_listing_desktop.jpg,file,ARCHIVE_CANDIDATE,docs/archive/qa_evidence/storefront_design_engine/phase5/w4_certification/representative_screenshots/dense_marketplace_listing_desktop.jpg,,TRUE,A
docs/qa_evidence/** (png/webp/js/html/json/css assets beyond 340 textual),docs/qa_evidence/storefront_design_engine/phase5/w4_certification/representative_screenshots/dense_marketplace_pdp_desktop.jpg,file,ARCHIVE_CANDIDATE,docs/archive/qa_evidence/storefront_design_engine/phase5/w4_certification/representative_screenshots/dense_marketplace_pdp_desktop.jpg,,TRUE,A
docs/qa_evidence/** (png/webp/js/html/json/css assets beyond 340 textual),docs/qa_evidence/storefront_design_engine/phase5/w4_certification/representative_screenshots/editorial_jewelry_cart_desktop.jpg,file,ARCHIVE_CANDIDATE,docs/archive/qa_evidence/storefront_design_engine/phase5/w4_certification/representative_screenshots/editorial_jewelry_cart_desktop.jpg,,TRUE,A
docs/qa_evidence/** (png/webp/js/html/json/css assets beyond 340 textual),docs/qa_evidence/storefront_design_engine/phase5/w4_certification/representative_screenshots/editorial_jewelry_listing_desktop.jpg,file,ARCHIVE_CANDIDATE,docs/archive/qa_evidence/storefront_design_engine/phase5/w4_certification/representative_screenshots/editorial_jewelry_listing_desktop.jpg,,TRUE,A
docs/qa_evidence/** (png/webp/js/html/json/css assets beyond 340 textual),docs/qa_evidence/storefront_design_engine/phase5/w4_certification/representative_screenshots/editorial_jewelry_pdp_desktop.jpg,file,ARCHIVE_CANDIDATE,docs/archive/qa_evidence/storefront_design_engine/phase5/w4_certification/representative_screenshots/editorial_jewelry_pdp_desktop.jpg,,TRUE,A
docs/qa_evidence/** (png/webp/js/html/json/css assets beyond 340 textual),docs/qa_evidence/storefront_design_engine/phase5/w4_certification/representative_screenshots/fashion_promo_catalog_cart_desktop.jpg,file,ARCHIVE_CANDIDATE,docs/archive/qa_evidence/storefront_design_engine/phase5/w4_certification/representative_screenshots/fashion_promo_catalog_cart_desktop.jpg,,TRUE,A
docs/qa_evidence/** (png/webp/js/html/json/css assets beyond 340 textual),docs/qa_evidence/storefront_design_engine/phase5/w4_certification/representative_screenshots/fashion_promo_catalog_listing_desktop.jpg,file,ARCHIVE_CANDIDATE,docs/archive/qa_evidence/storefront_design_engine/phase5/w4_certification/representative_screenshots/fashion_promo_catalog_listing_desktop.jpg,,TRUE,A
docs/qa_evidence/** (png/webp/js/html/json/css assets beyond 340 textual),docs/qa_evidence/storefront_design_engine/phase5/w4_certification/representative_screenshots/fashion_promo_catalog_pdp_desktop.jpg,file,ARCHIVE_CANDIDATE,docs/archive/qa_evidence/storefront_design_engine/phase5/w4_certification/representative_screenshots/fashion_promo_catalog_pdp_desktop.jpg,,TRUE,A
docs/qa_evidence/** (png/webp/js/html/json/css assets beyond 340 textual),docs/qa_evidence/storefront_design_engine/phase5/w4_certification/representative_screenshots/ferdowsi_department_cart_desktop.jpg,file,ARCHIVE_CANDIDATE,docs/archive/qa_evidence/storefront_design_engine/phase5/w4_certification/representative_screenshots/ferdowsi_department_cart_desktop.jpg,,TRUE,A
docs/qa_evidence/** (png/webp/js/html/json/css assets beyond 340 textual),docs/qa_evidence/storefront_design_engine/phase5/w4_certification/representative_screenshots/ferdowsi_department_listing_desktop.jpg,file,ARCHIVE_CANDIDATE,docs/archive/qa_evidence/storefront_design_engine/phase5/w4_certification/representative_screenshots/ferdowsi_department_listing_desktop.jpg,,TRUE,A
docs/qa_evidence/** (png/webp/js/html/json/css assets beyond 340 textual),docs/qa_evidence/storefront_design_engine/phase5/w4_certification/representative_screenshots/ferdowsi_department_pdp_desktop.jpg,file,ARCHIVE_CANDIDATE,docs/archive/qa_evidence/storefront_design_engine/phase5/w4_certification/representative_screenshots/ferdowsi_department_pdp_desktop.jpg,,TRUE,A
docs/qa_evidence/** (png/webp/js/html/json/css assets beyond 340 textual),docs/qa_evidence/storefront_design_engine/phase5/w4_certification/representative_screenshots/gallery_minimal_cart_desktop.jpg,file,ARCHIVE_CANDIDATE,docs/archive/qa_evidence/storefront_design_engine/phase5/w4_certification/representative_screenshots/gallery_minimal_cart_desktop.jpg,,TRUE,A
docs/qa_evidence/** (png/webp/js/html/json/css assets beyond 340 textual),docs/qa_evidence/storefront_design_engine/phase5/w4_certification/representative_screenshots/gallery_minimal_listing_desktop.jpg,file,ARCHIVE_CANDIDATE,docs/archive/qa_evidence/storefront_design_engine/phase5/w4_certification/representative_screenshots/gallery_minimal_listing_desktop.jpg,,TRUE,A
docs/qa_evidence/** (png/webp/js/html/json/css assets beyond 340 textual),docs/qa_evidence/storefront_design_engine/phase5/w4_certification/representative_screenshots/gallery_minimal_pdp_desktop.jpg,file,ARCHIVE_CANDIDATE,docs/archive/qa_evidence/storefront_design_engine/phase5/w4_certification/representative_screenshots/gallery_minimal_pdp_desktop.jpg,,TRUE,A
docs/qa_evidence/** (png/webp/js/html/json/css assets beyond 340 textual),docs/qa_evidence/storefront_design_engine/phase5/w4_certification/representative_screenshots/green_workshop_cart_desktop.jpg,file,ARCHIVE_CANDIDATE,docs/archive/qa_evidence/storefront_design_engine/phase5/w4_certification/representative_screenshots/green_workshop_cart_desktop.jpg,,TRUE,A
docs/qa_evidence/** (png/webp/js/html/json/css assets beyond 340 textual),docs/qa_evidence/storefront_design_engine/phase5/w4_certification/representative_screenshots/green_workshop_listing_desktop.jpg,file,ARCHIVE_CANDIDATE,docs/archive/qa_evidence/storefront_design_engine/phase5/w4_certification/representative_screenshots/green_workshop_listing_desktop.jpg,,TRUE,A
docs/qa_evidence/** (png/webp/js/html/json/css assets beyond 340 textual),docs/qa_evidence/storefront_design_engine/phase5/w4_certification/representative_screenshots/green_workshop_pdp_desktop.jpg,file,ARCHIVE_CANDIDATE,docs/archive/qa_evidence/storefront_design_engine/phase5/w4_certification/representative_screenshots/green_workshop_pdp_desktop.jpg,,TRUE,A
docs/qa_evidence/** (png/webp/js/html/json/css assets beyond 340 textual),docs/qa_evidence/storefront_design_engine/phase5/w4_certification/representative_screenshots/handmade_luxe_cart_desktop.jpg,file,ARCHIVE_CANDIDATE,docs/archive/qa_evidence/storefront_design_engine/phase5/w4_certification/representative_screenshots/handmade_luxe_cart_desktop.jpg,,TRUE,A
docs/qa_evidence/** (png/webp/js/html/json/css assets beyond 340 textual),docs/qa_evidence/storefront_design_engine/phase5/w4_certification/representative_screenshots/handmade_luxe_listing_desktop.jpg,file,ARCHIVE_CANDIDATE,docs/archive/qa_evidence/storefront_design_engine/phase5/w4_certification/representative_screenshots/handmade_luxe_listing_desktop.jpg,,TRUE,A
docs/qa_evidence/** (png/webp/js/html/json/css assets beyond 340 textual),docs/qa_evidence/storefront_design_engine/phase5/w4_certification/representative_screenshots/handmade_luxe_pdp_desktop.jpg,file,ARCHIVE_CANDIDATE,docs/archive/qa_evidence/storefront_design_engine/phase5/w4_certification/representative_screenshots/handmade_luxe_pdp_desktop.jpg,,TRUE,A
docs/qa_evidence/** (png/webp/js/html/json/css assets beyond 340 textual),docs/qa_evidence/storefront_design_engine/phase5/w4_certification/representative_screenshots/harbor_imports_cart_desktop.jpg,file,ARCHIVE_CANDIDATE,docs/archive/qa_evidence/storefront_design_engine/phase5/w4_certification/representative_screenshots/harbor_imports_cart_desktop.jpg,,TRUE,A
docs/qa_evidence/** (png/webp/js/html/json/css assets beyond 340 textual),docs/qa_evidence/storefront_design_engine/phase5/w4_certification/representative_screenshots/harbor_imports_listing_desktop.jpg,file,ARCHIVE_CANDIDATE,docs/archive/qa_evidence/storefront_design_engine/phase5/w4_certification/representative_screenshots/harbor_imports_listing_desktop.jpg,,TRUE,A
docs/qa_evidence/** (png/webp/js/html/json/css assets beyond 340 textual),docs/qa_evidence/storefront_design_engine/phase5/w4_certification/representative_screenshots/harbor_imports_pdp_desktop.jpg,file,ARCHIVE_CANDIDATE,docs/archive/qa_evidence/storefront_design_engine/phase5/w4_certification/representative_screenshots/harbor_imports_pdp_desktop.jpg,,TRUE,A
docs/qa_evidence/** (png/webp/js/html/json/css assets beyond 340 textual),docs/qa_evidence/storefront_design_engine/phase5/w4_certification/representative_screenshots/horizon_story_cart_desktop.jpg,file,ARCHIVE_CANDIDATE,docs/archive/qa_evidence/storefront_design_engine/phase5/w4_certification/representative_screenshots/horizon_story_cart_desktop.jpg,,TRUE,A
docs/qa_evidence/** (png/webp/js/html/json/css assets beyond 340 textual),docs/qa_evidence/storefront_design_engine/phase5/w4_certification/representative_screenshots/horizon_story_listing_desktop.jpg,file,ARCHIVE_CANDIDATE,docs/archive/qa_evidence/storefront_design_engine/phase5/w4_certification/representative_screenshots/horizon_story_listing_desktop.jpg,,TRUE,A
docs/qa_evidence/** (png/webp/js/html/json/css assets beyond 340 textual),docs/qa_evidence/storefront_design_engine/phase5/w4_certification/representative_screenshots/horizon_story_pdp_desktop.jpg,file,ARCHIVE_CANDIDATE,docs/archive/qa_evidence/storefront_design_engine/phase5/w4_certification/representative_screenshots/horizon_story_pdp_desktop.jpg,,TRUE,A
docs/qa_evidence/** (png/webp/js/html/json/css assets beyond 340 textual),docs/qa_evidence/storefront_design_engine/phase5/w4_certification/representative_screenshots/kamand_artisan_cart_desktop.jpg,file,ARCHIVE_CANDIDATE,docs/archive/qa_evidence/storefront_design_engine/phase5/w4_certification/representative_screenshots/kamand_artisan_cart_desktop.jpg,,TRUE,A
docs/qa_evidence/** (png/webp/js/html/json/css assets beyond 340 textual),docs/qa_evidence/storefront_design_engine/phase5/w4_certification/representative_screenshots/kamand_artisan_listing_desktop.jpg,file,ARCHIVE_CANDIDATE,docs/archive/qa_evidence/storefront_design_engine/phase5/w4_certification/representative_screenshots/kamand_artisan_listing_desktop.jpg,,TRUE,A
docs/qa_evidence/** (png/webp/js/html/json/css assets beyond 340 textual),docs/qa_evidence/storefront_design_engine/phase5/w4_certification/representative_screenshots/kamand_artisan_pdp_desktop.jpg,file,ARCHIVE_CANDIDATE,docs/archive/qa_evidence/storefront_design_engine/phase5/w4_certification/representative_screenshots/kamand_artisan_pdp_desktop.jpg,,TRUE,A
docs/qa_evidence/** (png/webp/js/html/json/css assets beyond 340 textual),docs/qa_evidence/storefront_design_engine/phase5/w4_certification/representative_screenshots/kite_playful_cart_desktop.jpg,file,ARCHIVE_CANDIDATE,docs/archive/qa_evidence/storefront_design_engine/phase5/w4_certification/representative_screenshots/kite_playful_cart_desktop.jpg,,TRUE,A
docs/qa_evidence/** (png/webp/js/html/json/css assets beyond 340 textual),docs/qa_evidence/storefront_design_engine/phase5/w4_certification/representative_screenshots/kite_playful_listing_desktop.jpg,file,ARCHIVE_CANDIDATE,docs/archive/qa_evidence/storefront_design_engine/phase5/w4_certification/representative_screenshots/kite_playful_listing_desktop.jpg,,TRUE,A
docs/qa_evidence/** (png/webp/js/html/json/css assets beyond 340 textual),docs/qa_evidence/storefront_design_engine/phase5/w4_certification/representative_screenshots/kite_playful_pdp_desktop.jpg,file,ARCHIVE_CANDIDATE,docs/archive/qa_evidence/storefront_design_engine/phase5/w4_certification/representative_screenshots/kite_playful_pdp_desktop.jpg,,TRUE,A
docs/qa_evidence/** (png/webp/js/html/json/css assets beyond 340 textual),docs/qa_evidence/storefront_design_engine/phase5/w4_certification/representative_screenshots/laleh_play_cart_desktop.jpg,file,ARCHIVE_CANDIDATE,docs/archive/qa_evidence/storefront_design_engine/phase5/w4_certification/representative_screenshots/laleh_play_cart_desktop.jpg,,TRUE,A
docs/qa_evidence/** (png/webp/js/html/json/css assets beyond 340 textual),docs/qa_evidence/storefront_design_engine/phase5/w4_certification/representative_screenshots/laleh_play_listing_desktop.jpg,file,ARCHIVE_CANDIDATE,docs/archive/qa_evidence/storefront_design_engine/phase5/w4_certification/representative_screenshots/laleh_play_listing_desktop.jpg,,TRUE,A
docs/qa_evidence/** (png/webp/js/html/json/css assets beyond 340 textual),docs/qa_evidence/storefront_design_engine/phase5/w4_certification/representative_screenshots/laleh_play_pdp_desktop.jpg,file,ARCHIVE_CANDIDATE,docs/archive/qa_evidence/storefront_design_engine/phase5/w4_certification/representative_screenshots/laleh_play_pdp_desktop.jpg,,TRUE,A
docs/qa_evidence/** (png/webp/js/html/json/css assets beyond 340 textual),docs/qa_evidence/storefront_design_engine/phase5/w4_certification/representative_screenshots/literary_catalog_cart_desktop.jpg,file,ARCHIVE_CANDIDATE,docs/archive/qa_evidence/storefront_design_engine/phase5/w4_certification/representative_screenshots/literary_catalog_cart_desktop.jpg,,TRUE,A
docs/qa_evidence/** (png/webp/js/html/json/css assets beyond 340 textual),docs/qa_evidence/storefront_design_engine/phase5/w4_certification/representative_screenshots/literary_catalog_listing_desktop.jpg,file,ARCHIVE_CANDIDATE,docs/archive/qa_evidence/storefront_design_engine/phase5/w4_certification/representative_screenshots/literary_catalog_listing_desktop.jpg,,TRUE,A
docs/qa_evidence/** (png/webp/js/html/json/css assets beyond 340 textual),docs/qa_evidence/storefront_design_engine/phase5/w4_certification/representative_screenshots/literary_catalog_pdp_desktop.jpg,file,ARCHIVE_CANDIDATE,docs/archive/qa_evidence/storefront_design_engine/phase5/w4_certification/representative_screenshots/literary_catalog_pdp_desktop.jpg,,TRUE,A
docs/qa_evidence/** (png/webp/js/html/json/css assets beyond 340 textual),docs/qa_evidence/storefront_design_engine/phase5/w4_certification/representative_screenshots/mina_community_cart_desktop.jpg,file,ARCHIVE_CANDIDATE,docs/archive/qa_evidence/storefront_design_engine/phase5/w4_certification/representative_screenshots/mina_community_cart_desktop.jpg,,TRUE,A
docs/qa_evidence/** (png/webp/js/html/json/css assets beyond 340 textual),docs/qa_evidence/storefront_design_engine/phase5/w4_certification/representative_screenshots/mina_community_listing_desktop.jpg,file,ARCHIVE_CANDIDATE,docs/archive/qa_evidence/storefront_design_engine/phase5/w4_certification/representative_screenshots/mina_community_listing_desktop.jpg,,TRUE,A
docs/qa_evidence/** (png/webp/js/html/json/css assets beyond 340 textual),docs/qa_evidence/storefront_design_engine/phase5/w4_certification/representative_screenshots/mina_community_pdp_desktop.jpg,file,ARCHIVE_CANDIDATE,docs/archive/qa_evidence/storefront_design_engine/phase5/w4_certification/representative_screenshots/mina_community_pdp_desktop.jpg,,TRUE,A
docs/qa_evidence/** (png/webp/js/html/json/css assets beyond 340 textual),docs/qa_evidence/storefront_design_engine/phase5/w4_certification/representative_screenshots/mirror_beauty_cart_desktop.jpg,file,ARCHIVE_CANDIDATE,docs/archive/qa_evidence/storefront_design_engine/phase5/w4_certification/representative_screenshots/mirror_beauty_cart_desktop.jpg,,TRUE,A
docs/qa_evidence/** (png/webp/js/html/json/css assets beyond 340 textual),docs/qa_evidence/storefront_design_engine/phase5/w4_certification/representative_screenshots/mirror_beauty_listing_desktop.jpg,file,ARCHIVE_CANDIDATE,docs/archive/qa_evidence/storefront_design_engine/phase5/w4_certification/representative_screenshots/mirror_beauty_listing_desktop.jpg,,TRUE,A
docs/qa_evidence/** (png/webp/js/html/json/css assets beyond 340 textual),docs/qa_evidence/storefront_design_engine/phase5/w4_certification/representative_screenshots/mirror_beauty_pdp_desktop.jpg,file,ARCHIVE_CANDIDATE,docs/archive/qa_evidence/storefront_design_engine/phase5/w4_certification/representative_screenshots/mirror_beauty_pdp_desktop.jpg,,TRUE,A
docs/qa_evidence/** (png/webp/js/html/json/css assets beyond 340 textual),docs/qa_evidence/storefront_design_engine/phase5/w4_certification/representative_screenshots/mist_quiet_cart_desktop.jpg,file,ARCHIVE_CANDIDATE,docs/archive/qa_evidence/storefront_design_engine/phase5/w4_certification/representative_screenshots/mist_quiet_cart_desktop.jpg,,TRUE,A
docs/qa_evidence/** (png/webp/js/html/json/css assets beyond 340 textual),docs/qa_evidence/storefront_design_engine/phase5/w4_certification/representative_screenshots/mist_quiet_listing_desktop.jpg,file,ARCHIVE_CANDIDATE,docs/archive/qa_evidence/storefront_design_engine/phase5/w4_certification/representative_screenshots/mist_quiet_listing_desktop.jpg,,TRUE,A
docs/qa_evidence/** (png/webp/js/html/json/css assets beyond 340 textual),docs/qa_evidence/storefront_design_engine/phase5/w4_certification/representative_screenshots/mist_quiet_pdp_desktop.jpg,file,ARCHIVE_CANDIDATE,docs/archive/qa_evidence/storefront_design_engine/phase5/w4_certification/representative_screenshots/mist_quiet_pdp_desktop.jpg,,TRUE,A
docs/qa_evidence/** (png/webp/js/html/json/css assets beyond 340 textual),docs/qa_evidence/storefront_design_engine/phase5/w4_certification/representative_screenshots/mother_utility_cart_desktop.jpg,file,ARCHIVE_CANDIDATE,docs/archive/qa_evidence/storefront_design_engine/phase5/w4_certification/representative_screenshots/mother_utility_cart_desktop.jpg,,TRUE,A
docs/qa_evidence/** (png/webp/js/html/json/css assets beyond 340 textual),docs/qa_evidence/storefront_design_engine/phase5/w4_certification/representative_screenshots/mother_utility_listing_desktop.jpg,file,ARCHIVE_CANDIDATE,docs/archive/qa_evidence/storefront_design_engine/phase5/w4_certification/representative_screenshots/mother_utility_listing_desktop.jpg,,TRUE,A
docs/qa_evidence/** (png/webp/js/html/json/css assets beyond 340 textual),docs/qa_evidence/storefront_design_engine/phase5/w4_certification/representative_screenshots/mother_utility_pdp_desktop.jpg,file,ARCHIVE_CANDIDATE,docs/archive/qa_evidence/storefront_design_engine/phase5/w4_certification/representative_screenshots/mother_utility_pdp_desktop.jpg,,TRUE,A
docs/qa_evidence/** (png/webp/js/html/json/css assets beyond 340 textual),docs/qa_evidence/storefront_design_engine/phase5/w4_certification/representative_screenshots/night_catalog_cart_desktop.jpg,file,ARCHIVE_CANDIDATE,docs/archive/qa_evidence/storefront_design_engine/phase5/w4_certification/representative_screenshots/night_catalog_cart_desktop.jpg,,TRUE,A
docs/qa_evidence/** (png/webp/js/html/json/css assets beyond 340 textual),docs/qa_evidence/storefront_design_engine/phase5/w4_certification/representative_screenshots/night_catalog_listing_desktop.jpg,file,ARCHIVE_CANDIDATE,docs/archive/qa_evidence/storefront_design_engine/phase5/w4_certification/representative_screenshots/night_catalog_listing_desktop.jpg,,TRUE,A
docs/qa_evidence/** (png/webp/js/html/json/css assets beyond 340 textual),docs/qa_evidence/storefront_design_engine/phase5/w4_certification/representative_screenshots/night_catalog_pdp_desktop.jpg,file,ARCHIVE_CANDIDATE,docs/archive/qa_evidence/storefront_design_engine/phase5/w4_certification/representative_screenshots/night_catalog_pdp_desktop.jpg,,TRUE,A
docs/qa_evidence/** (png/webp/js/html/json/css assets beyond 340 textual),docs/qa_evidence/storefront_design_engine/phase5/w4_certification/representative_screenshots/niloufar_glass_cart_desktop.jpg,file,ARCHIVE_CANDIDATE,docs/archive/qa_evidence/storefront_design_engine/phase5/w4_certification/representative_screenshots/niloufar_glass_cart_desktop.jpg,,TRUE,A
docs/qa_evidence/** (png/webp/js/html/json/css assets beyond 340 textual),docs/qa_evidence/storefront_design_engine/phase5/w4_certification/representative_screenshots/niloufar_glass_listing_desktop.jpg,file,ARCHIVE_CANDIDATE,docs/archive/qa_evidence/storefront_design_engine/phase5/w4_certification/representative_screenshots/niloufar_glass_listing_desktop.jpg,,TRUE,A
docs/qa_evidence/** (png/webp/js/html/json/css assets beyond 340 textual),docs/qa_evidence/storefront_design_engine/phase5/w4_certification/representative_screenshots/niloufar_glass_pdp_desktop.jpg,file,ARCHIVE_CANDIDATE,docs/archive/qa_evidence/storefront_design_engine/phase5/w4_certification/representative_screenshots/niloufar_glass_pdp_desktop.jpg,,TRUE,A
docs/qa_evidence/** (png/webp/js/html/json/css assets beyond 340 textual),docs/qa_evidence/storefront_design_engine/phase5/w4_certification/representative_screenshots/parnian_editorial_cart_desktop.jpg,file,ARCHIVE_CANDIDATE,docs/archive/qa_evidence/storefront_design_engine/phase5/w4_certification/representative_screenshots/parnian_editorial_cart_desktop.jpg,,TRUE,A
docs/qa_evidence/** (png/webp/js/html/json/css assets beyond 340 textual),docs/qa_evidence/storefront_design_engine/phase5/w4_certification/representative_screenshots/parnian_editorial_listing_desktop.jpg,file,ARCHIVE_CANDIDATE,docs/archive/qa_evidence/storefront_design_engine/phase5/w4_certification/representative_screenshots/parnian_editorial_listing_desktop.jpg,,TRUE,A
docs/qa_evidence/** (png/webp/js/html/json/css assets beyond 340 textual),docs/qa_evidence/storefront_design_engine/phase5/w4_certification/representative_screenshots/parnian_editorial_pdp_desktop.jpg,file,ARCHIVE_CANDIDATE,docs/archive/qa_evidence/storefront_design_engine/phase5/w4_certification/representative_screenshots/parnian_editorial_pdp_desktop.jpg,,TRUE,A
docs/qa_evidence/** (png/webp/js/html/json/css assets beyond 340 textual),docs/qa_evidence/storefront_design_engine/phase5/w4_certification/representative_screenshots/pine_eco_cart_desktop.jpg,file,ARCHIVE_CANDIDATE,docs/archive/qa_evidence/storefront_design_engine/phase5/w4_certification/representative_screenshots/pine_eco_cart_desktop.jpg,,TRUE,A
docs/qa_evidence/** (png/webp/js/html/json/css assets beyond 340 textual),docs/qa_evidence/storefront_design_engine/phase5/w4_certification/representative_screenshots/pine_eco_listing_desktop.jpg,file,ARCHIVE_CANDIDATE,docs/archive/qa_evidence/storefront_design_engine/phase5/w4_certification/representative_screenshots/pine_eco_listing_desktop.jpg,,TRUE,A
docs/qa_evidence/** (png/webp/js/html/json/css assets beyond 340 textual),docs/qa_evidence/storefront_design_engine/phase5/w4_certification/representative_screenshots/pine_eco_pdp_desktop.jpg,file,ARCHIVE_CANDIDATE,docs/archive/qa_evidence/storefront_design_engine/phase5/w4_certification/representative_screenshots/pine_eco_pdp_desktop.jpg,,TRUE,A
docs/qa_evidence/** (png/webp/js/html/json/css assets beyond 340 textual),docs/qa_evidence/storefront_design_engine/phase5/w4_certification/representative_screenshots/pixel_play_cart_desktop.jpg,file,ARCHIVE_CANDIDATE,docs/archive/qa_evidence/storefront_design_engine/phase5/w4_certification/representative_screenshots/pixel_play_cart_desktop.jpg,,TRUE,A
docs/qa_evidence/** (png/webp/js/html/json/css assets beyond 340 textual),docs/qa_evidence/storefront_design_engine/phase5/w4_certification/representative_screenshots/pixel_play_listing_desktop.jpg,file,ARCHIVE_CANDIDATE,docs/archive/qa_evidence/storefront_design_engine/phase5/w4_certification/representative_screenshots/pixel_play_listing_desktop.jpg,,TRUE,A
docs/qa_evidence/** (png/webp/js/html/json/css assets beyond 340 textual),docs/qa_evidence/storefront_design_engine/phase5/w4_certification/representative_screenshots/pixel_play_pdp_desktop.jpg,file,ARCHIVE_CANDIDATE,docs/archive/qa_evidence/storefront_design_engine/phase5/w4_certification/representative_screenshots/pixel_play_pdp_desktop.jpg,,TRUE,A
docs/qa_evidence/** (png/webp/js/html/json/css assets beyond 340 textual),docs/qa_evidence/storefront_design_engine/phase5/w4_certification/representative_screenshots/playful_lifestyle_cart_desktop.jpg,file,ARCHIVE_CANDIDATE,docs/archive/qa_evidence/storefront_design_engine/phase5/w4_certification/representative_screenshots/playful_lifestyle_cart_desktop.jpg,,TRUE,A
docs/qa_evidence/** (png/webp/js/html/json/css assets beyond 340 textual),docs/qa_evidence/storefront_design_engine/phase5/w4_certification/representative_screenshots/playful_lifestyle_listing_desktop.jpg,file,ARCHIVE_CANDIDATE,docs/archive/qa_evidence/storefront_design_engine/phase5/w4_certification/representative_screenshots/playful_lifestyle_listing_desktop.jpg,,TRUE,A
docs/qa_evidence/** (png/webp/js/html/json/css assets beyond 340 textual),docs/qa_evidence/storefront_design_engine/phase5/w4_certification/representative_screenshots/playful_lifestyle_pdp_desktop.jpg,file,ARCHIVE_CANDIDATE,docs/archive/qa_evidence/storefront_design_engine/phase5/w4_certification/representative_screenshots/playful_lifestyle_pdp_desktop.jpg,,TRUE,A
docs/qa_evidence/** (png/webp/js/html/json/css assets beyond 340 textual),docs/qa_evidence/storefront_design_engine/phase5/w4_certification/representative_screenshots/premium_leather_cart_desktop.jpg,file,ARCHIVE_CANDIDATE,docs/archive/qa_evidence/storefront_design_engine/phase5/w4_certification/representative_screenshots/premium_leather_cart_desktop.jpg,,TRUE,A
docs/qa_evidence/** (png/webp/js/html/json/css assets beyond 340 textual),docs/qa_evidence/storefront_design_engine/phase5/w4_certification/representative_screenshots/premium_leather_listing_desktop.jpg,file,ARCHIVE_CANDIDATE,docs/archive/qa_evidence/storefront_design_engine/phase5/w4_certification/representative_screenshots/premium_leather_listing_desktop.jpg,,TRUE,A
docs/qa_evidence/** (png/webp/js/html/json/css assets beyond 340 textual),docs/qa_evidence/storefront_design_engine/phase5/w4_certification/representative_screenshots/premium_leather_noir_cart_desktop.jpg,file,ARCHIVE_CANDIDATE,docs/archive/qa_evidence/storefront_design_engine/phase5/w4_certification/representative_screenshots/premium_leather_noir_cart_desktop.jpg,,TRUE,A
docs/qa_evidence/** (png/webp/js/html/json/css assets beyond 340 textual),docs/qa_evidence/storefront_design_engine/phase5/w4_certification/representative_screenshots/premium_leather_noir_listing_desktop.jpg,file,ARCHIVE_CANDIDATE,docs/archive/qa_evidence/storefront_design_engine/phase5/w4_certification/representative_screenshots/premium_leather_noir_listing_desktop.jpg,,TRUE,A
docs/qa_evidence/** (png/webp/js/html/json/css assets beyond 340 textual),docs/qa_evidence/storefront_design_engine/phase5/w4_certification/representative_screenshots/premium_leather_noir_pdp_desktop.jpg,file,ARCHIVE_CANDIDATE,docs/archive/qa_evidence/storefront_design_engine/phase5/w4_certification/representative_screenshots/premium_leather_noir_pdp_desktop.jpg,,TRUE,A
docs/qa_evidence/** (png/webp/js/html/json/css assets beyond 340 textual),docs/qa_evidence/storefront_design_engine/phase5/w4_certification/representative_screenshots/premium_leather_pdp_desktop.jpg,file,ARCHIVE_CANDIDATE,docs/archive/qa_evidence/storefront_design_engine/phase5/w4_certification/representative_screenshots/premium_leather_pdp_desktop.jpg,,TRUE,A
docs/qa_evidence/** (png/webp/js/html/json/css assets beyond 340 textual),docs/qa_evidence/storefront_design_engine/phase5/w4_certification/representative_screenshots/racer_tech_cart_desktop.jpg,file,ARCHIVE_CANDIDATE,docs/archive/qa_evidence/storefront_design_engine/phase5/w4_certification/representative_screenshots/racer_tech_cart_desktop.jpg,,TRUE,A
docs/qa_evidence/** (png/webp/js/html/json/css assets beyond 340 textual),docs/qa_evidence/storefront_design_engine/phase5/w4_certification/representative_screenshots/racer_tech_listing_desktop.jpg,file,ARCHIVE_CANDIDATE,docs/archive/qa_evidence/storefront_design_engine/phase5/w4_certification/representative_screenshots/racer_tech_listing_desktop.jpg,,TRUE,A
docs/qa_evidence/** (png/webp/js/html/json/css assets beyond 340 textual),docs/qa_evidence/storefront_design_engine/phase5/w4_certification/representative_screenshots/racer_tech_pdp_desktop.jpg,file,ARCHIVE_CANDIDATE,docs/archive/qa_evidence/storefront_design_engine/phase5/w4_certification/representative_screenshots/racer_tech_pdp_desktop.jpg,,TRUE,A
docs/qa_evidence/** (png/webp/js/html/json/css assets beyond 340 textual),docs/qa_evidence/storefront_design_engine/phase5/w4_certification/representative_screenshots/rayan_tech_cart_desktop.jpg,file,ARCHIVE_CANDIDATE,docs/archive/qa_evidence/storefront_design_engine/phase5/w4_certification/representative_screenshots/rayan_tech_cart_desktop.jpg,,TRUE,A
docs/qa_evidence/** (png/webp/js/html/json/css assets beyond 340 textual),docs/qa_evidence/storefront_design_engine/phase5/w4_certification/representative_screenshots/rayan_tech_listing_desktop.jpg,file,ARCHIVE_CANDIDATE,docs/archive/qa_evidence/storefront_design_engine/phase5/w4_certification/representative_screenshots/rayan_tech_listing_desktop.jpg,,TRUE,A
docs/qa_evidence/** (png/webp/js/html/json/css assets beyond 340 textual),docs/qa_evidence/storefront_design_engine/phase5/w4_certification/representative_screenshots/rayan_tech_pdp_desktop.jpg,file,ARCHIVE_CANDIDATE,docs/archive/qa_evidence/storefront_design_engine/phase5/w4_certification/representative_screenshots/rayan_tech_pdp_desktop.jpg,,TRUE,A
docs/qa_evidence/** (png/webp/js/html/json/css assets beyond 340 textual),docs/qa_evidence/storefront_design_engine/phase5/w4_certification/representative_screenshots/roosta_zigzag_cart_desktop.jpg,file,ARCHIVE_CANDIDATE,docs/archive/qa_evidence/storefront_design_engine/phase5/w4_certification/representative_screenshots/roosta_zigzag_cart_desktop.jpg,,TRUE,A
docs/qa_evidence/** (png/webp/js/html/json/css assets beyond 340 textual),docs/qa_evidence/storefront_design_engine/phase5/w4_certification/representative_screenshots/roosta_zigzag_listing_desktop.jpg,file,ARCHIVE_CANDIDATE,docs/archive/qa_evidence/storefront_design_engine/phase5/w4_certification/representative_screenshots/roosta_zigzag_listing_desktop.jpg,,TRUE,A
docs/qa_evidence/** (png/webp/js/html/json/css assets beyond 340 textual),docs/qa_evidence/storefront_design_engine/phase5/w4_certification/representative_screenshots/roosta_zigzag_pdp_desktop.jpg,file,ARCHIVE_CANDIDATE,docs/archive/qa_evidence/storefront_design_engine/phase5/w4_certification/representative_screenshots/roosta_zigzag_pdp_desktop.jpg,,TRUE,A
docs/qa_evidence/** (png/webp/js/html/json/css assets beyond 340 textual),docs/qa_evidence/storefront_design_engine/phase5/w4_certification/representative_screenshots/search_market_cart_desktop.jpg,file,ARCHIVE_CANDIDATE,docs/archive/qa_evidence/storefront_design_engine/phase5/w4_certification/representative_screenshots/search_market_cart_desktop.jpg,,TRUE,A
docs/qa_evidence/** (png/webp/js/html/json/css assets beyond 340 textual),docs/qa_evidence/storefront_design_engine/phase5/w4_certification/representative_screenshots/search_market_listing_desktop.jpg,file,ARCHIVE_CANDIDATE,docs/archive/qa_evidence/storefront_design_engine/phase5/w4_certification/representative_screenshots/search_market_listing_desktop.jpg,,TRUE,A
docs/qa_evidence/** (png/webp/js/html/json/css assets beyond 340 textual),docs/qa_evidence/storefront_design_engine/phase5/w4_certification/representative_screenshots/search_market_pdp_desktop.jpg,file,ARCHIVE_CANDIDATE,docs/archive/qa_evidence/storefront_design_engine/phase5/w4_certification/representative_screenshots/search_market_pdp_desktop.jpg,,TRUE,A
docs/qa_evidence/** (png/webp/js/html/json/css assets beyond 340 textual),docs/qa_evidence/storefront_design_engine/phase5/w4_certification/representative_screenshots/silk_editorial_cart_desktop.jpg,file,ARCHIVE_CANDIDATE,docs/archive/qa_evidence/storefront_design_engine/phase5/w4_certification/representative_screenshots/silk_editorial_cart_desktop.jpg,,TRUE,A
docs/qa_evidence/** (png/webp/js/html/json/css assets beyond 340 textual),docs/qa_evidence/storefront_design_engine/phase5/w4_certification/representative_screenshots/silk_editorial_listing_desktop.jpg,file,ARCHIVE_CANDIDATE,docs/archive/qa_evidence/storefront_design_engine/phase5/w4_certification/representative_screenshots/silk_editorial_listing_desktop.jpg,,TRUE,A
docs/qa_evidence/** (png/webp/js/html/json/css assets beyond 340 textual),docs/qa_evidence/storefront_design_engine/phase5/w4_certification/representative_screenshots/silk_editorial_pdp_desktop.jpg,file,ARCHIVE_CANDIDATE,docs/archive/qa_evidence/storefront_design_engine/phase5/w4_certification/representative_screenshots/silk_editorial_pdp_desktop.jpg,,TRUE,A
docs/qa_evidence/** (png/webp/js/html/json/css assets beyond 340 textual),docs/qa_evidence/storefront_design_engine/phase5/w4_certification/representative_screenshots/simorgh_market_cart_desktop.jpg,file,ARCHIVE_CANDIDATE,docs/archive/qa_evidence/storefront_design_engine/phase5/w4_certification/representative_screenshots/simorgh_market_cart_desktop.jpg,,TRUE,A
docs/qa_evidence/** (png/webp/js/html/json/css assets beyond 340 textual),docs/qa_evidence/storefront_design_engine/phase5/w4_certification/representative_screenshots/simorgh_market_listing_desktop.jpg,file,ARCHIVE_CANDIDATE,docs/archive/qa_evidence/storefront_design_engine/phase5/w4_certification/representative_screenshots/simorgh_market_listing_desktop.jpg,,TRUE,A
docs/qa_evidence/** (png/webp/js/html/json/css assets beyond 340 textual),docs/qa_evidence/storefront_design_engine/phase5/w4_certification/representative_screenshots/simorgh_market_pdp_desktop.jpg,file,ARCHIVE_CANDIDATE,docs/archive/qa_evidence/storefront_design_engine/phase5/w4_certification/representative_screenshots/simorgh_market_pdp_desktop.jpg,,TRUE,A
docs/qa_evidence/** (png/webp/js/html/json/css assets beyond 340 textual),docs/qa_evidence/storefront_design_engine/phase5/w4_certification/representative_screenshots/street_drop_cart_desktop.jpg,file,ARCHIVE_CANDIDATE,docs/archive/qa_evidence/storefront_design_engine/phase5/w4_certification/representative_screenshots/street_drop_cart_desktop.jpg,,TRUE,A
docs/qa_evidence/** (png/webp/js/html/json/css assets beyond 340 textual),docs/qa_evidence/storefront_design_engine/phase5/w4_certification/representative_screenshots/street_drop_listing_desktop.jpg,file,ARCHIVE_CANDIDATE,docs/archive/qa_evidence/storefront_design_engine/phase5/w4_certification/representative_screenshots/street_drop_listing_desktop.jpg,,TRUE,A
docs/qa_evidence/** (png/webp/js/html/json/css assets beyond 340 textual),docs/qa_evidence/storefront_design_engine/phase5/w4_certification/representative_screenshots/street_drop_pdp_desktop.jpg,file,ARCHIVE_CANDIDATE,docs/archive/qa_evidence/storefront_design_engine/phase5/w4_certification/representative_screenshots/street_drop_pdp_desktop.jpg,,TRUE,A
docs/qa_evidence/** (png/webp/js/html/json/css assets beyond 340 textual),docs/qa_evidence/storefront_design_engine/phase5/w4_certification/representative_screenshots/tool_finder_cart_desktop.jpg,file,ARCHIVE_CANDIDATE,docs/archive/qa_evidence/storefront_design_engine/phase5/w4_certification/representative_screenshots/tool_finder_cart_desktop.jpg,,TRUE,A
docs/qa_evidence/** (png/webp/js/html/json/css assets beyond 340 textual),docs/qa_evidence/storefront_design_engine/phase5/w4_certification/representative_screenshots/tool_finder_listing_desktop.jpg,file,ARCHIVE_CANDIDATE,docs/archive/qa_evidence/storefront_design_engine/phase5/w4_certification/representative_screenshots/tool_finder_listing_desktop.jpg,,TRUE,A
docs/qa_evidence/** (png/webp/js/html/json/css assets beyond 340 textual),docs/qa_evidence/storefront_design_engine/phase5/w4_certification/representative_screenshots/tool_finder_pdp_desktop.jpg,file,ARCHIVE_CANDIDATE,docs/archive/qa_evidence/storefront_design_engine/phase5/w4_certification/representative_screenshots/tool_finder_pdp_desktop.jpg,,TRUE,A
docs/qa_evidence/** (png/webp/js/html/json/css assets beyond 340 textual),docs/qa_evidence/storefront_design_engine/phase5/w4_certification/representative_screenshots/tower_department_cart_desktop.jpg,file,ARCHIVE_CANDIDATE,docs/archive/qa_evidence/storefront_design_engine/phase5/w4_certification/representative_screenshots/tower_department_cart_desktop.jpg,,TRUE,A
docs/qa_evidence/** (png/webp/js/html/json/css assets beyond 340 textual),docs/qa_evidence/storefront_design_engine/phase5/w4_certification/representative_screenshots/tower_department_listing_desktop.jpg,file,ARCHIVE_CANDIDATE,docs/archive/qa_evidence/storefront_design_engine/phase5/w4_certification/representative_screenshots/tower_department_listing_desktop.jpg,,TRUE,A
docs/qa_evidence/** (png/webp/js/html/json/css assets beyond 340 textual),docs/qa_evidence/storefront_design_engine/phase5/w4_certification/representative_screenshots/tower_department_pdp_desktop.jpg,file,ARCHIVE_CANDIDATE,docs/archive/qa_evidence/storefront_design_engine/phase5/w4_certification/representative_screenshots/tower_department_pdp_desktop.jpg,,TRUE,A
docs/qa_evidence/** (png/webp/js/html/json/css assets beyond 340 textual),docs/qa_evidence/storefront_design_engine/phase5/w4_certification/representative_screenshots/tuska_bento_cart_desktop.jpg,file,ARCHIVE_CANDIDATE,docs/archive/qa_evidence/storefront_design_engine/phase5/w4_certification/representative_screenshots/tuska_bento_cart_desktop.jpg,,TRUE,A
docs/qa_evidence/** (png/webp/js/html/json/css assets beyond 340 textual),docs/qa_evidence/storefront_design_engine/phase5/w4_certification/representative_screenshots/tuska_bento_listing_desktop.jpg,file,ARCHIVE_CANDIDATE,docs/archive/qa_evidence/storefront_design_engine/phase5/w4_certification/representative_screenshots/tuska_bento_listing_desktop.jpg,,TRUE,A
docs/qa_evidence/** (png/webp/js/html/json/css assets beyond 340 textual),docs/qa_evidence/storefront_design_engine/phase5/w4_certification/representative_screenshots/tuska_bento_pdp_desktop.jpg,file,ARCHIVE_CANDIDATE,docs/archive/qa_evidence/storefront_design_engine/phase5/w4_certification/representative_screenshots/tuska_bento_pdp_desktop.jpg,,TRUE,A
docs/qa_evidence/** (png/webp/js/html/json/css assets beyond 340 textual),docs/qa_evidence/storefront_design_engine/phase5/w4_certification/representative_screenshots/utility_catalog_cart_desktop.jpg,file,ARCHIVE_CANDIDATE,docs/archive/qa_evidence/storefront_design_engine/phase5/w4_certification/representative_screenshots/utility_catalog_cart_desktop.jpg,,TRUE,A
docs/qa_evidence/** (png/webp/js/html/json/css assets beyond 340 textual),docs/qa_evidence/storefront_design_engine/phase5/w4_certification/representative_screenshots/utility_catalog_listing_desktop.jpg,file,ARCHIVE_CANDIDATE,docs/archive/qa_evidence/storefront_design_engine/phase5/w4_certification/representative_screenshots/utility_catalog_listing_desktop.jpg,,TRUE,A
docs/qa_evidence/** (png/webp/js/html/json/css assets beyond 340 textual),docs/qa_evidence/storefront_design_engine/phase5/w4_certification/representative_screenshots/utility_catalog_pdp_desktop.jpg,file,ARCHIVE_CANDIDATE,docs/archive/qa_evidence/storefront_design_engine/phase5/w4_certification/representative_screenshots/utility_catalog_pdp_desktop.jpg,,TRUE,A
docs/qa_evidence/** (png/webp/js/html/json/css assets beyond 340 textual),docs/qa_evidence/storefront_design_engine/phase5/w4_certification/representative_screenshots/warm_boutique_cart_desktop.jpg,file,ARCHIVE_CANDIDATE,docs/archive/qa_evidence/storefront_design_engine/phase5/w4_certification/representative_screenshots/warm_boutique_cart_desktop.jpg,,TRUE,A
docs/qa_evidence/** (png/webp/js/html/json/css assets beyond 340 textual),docs/qa_evidence/storefront_design_engine/phase5/w4_certification/representative_screenshots/warm_boutique_listing_desktop.jpg,file,ARCHIVE_CANDIDATE,docs/archive/qa_evidence/storefront_design_engine/phase5/w4_certification/representative_screenshots/warm_boutique_listing_desktop.jpg,,TRUE,A
docs/qa_evidence/** (png/webp/js/html/json/css assets beyond 340 textual),docs/qa_evidence/storefront_design_engine/phase5/w4_certification/representative_screenshots/warm_boutique_pdp_desktop.jpg,file,ARCHIVE_CANDIDATE,docs/archive/qa_evidence/storefront_design_engine/phase5/w4_certification/representative_screenshots/warm_boutique_pdp_desktop.jpg,,TRUE,A
docs/qa_evidence/** (png/webp/js/html/json/css assets beyond 340 textual),docs/qa_evidence/storefront_design_engine/phase5/w4_certification/representative_screenshots/watchmaker_round_cart_desktop.jpg,file,ARCHIVE_CANDIDATE,docs/archive/qa_evidence/storefront_design_engine/phase5/w4_certification/representative_screenshots/watchmaker_round_cart_desktop.jpg,,TRUE,A
docs/qa_evidence/** (png/webp/js/html/json/css assets beyond 340 textual),docs/qa_evidence/storefront_design_engine/phase5/w4_certification/representative_screenshots/watchmaker_round_listing_desktop.jpg,file,ARCHIVE_CANDIDATE,docs/archive/qa_evidence/storefront_design_engine/phase5/w4_certification/representative_screenshots/watchmaker_round_listing_desktop.jpg,,TRUE,A
docs/qa_evidence/** (png/webp/js/html/json/css assets beyond 340 textual),docs/qa_evidence/storefront_design_engine/phase5/w4_certification/representative_screenshots/watchmaker_round_pdp_desktop.jpg,file,ARCHIVE_CANDIDATE,docs/archive/qa_evidence/storefront_design_engine/phase5/w4_certification/representative_screenshots/watchmaker_round_pdp_desktop.jpg,,TRUE,A
docs/qa_evidence/** (png/webp/js/html/json/css assets beyond 340 textual),docs/qa_evidence/storefront_design_engine/phase5/w4_certification/theme_qa/beauty_dew__tier2__muharram__balanced__desktop.jpg,file,ARCHIVE_CANDIDATE,docs/archive/qa_evidence/storefront_design_engine/phase5/w4_certification/theme_qa/beauty_dew__tier2__muharram__balanced__desktop.jpg,,TRUE,A
docs/qa_evidence/** (png/webp/js/html/json/css assets beyond 340 textual),docs/qa_evidence/storefront_design_engine/phase5/w4_certification/theme_qa/beauty_dew__tier2__muharram__balanced__mobile.jpg,file,ARCHIVE_CANDIDATE,docs/archive/qa_evidence/storefront_design_engine/phase5/w4_certification/theme_qa/beauty_dew__tier2__muharram__balanced__mobile.jpg,,TRUE,A
docs/qa_evidence/** (png/webp/js/html/json/css assets beyond 340 textual),docs/qa_evidence/storefront_design_engine/phase5/w4_certification/theme_qa/beauty_dew__tier2__muharram__balanced__tablet.jpg,file,ARCHIVE_CANDIDATE,docs/archive/qa_evidence/storefront_design_engine/phase5/w4_certification/theme_qa/beauty_dew__tier2__muharram__balanced__tablet.jpg,,TRUE,A
docs/qa_evidence/** (png/webp/js/html/json/css assets beyond 340 textual),docs/qa_evidence/storefront_design_engine/phase5/w4_certification/theme_qa/beauty_dew__tier2__muharram__strong__desktop.jpg,file,ARCHIVE_CANDIDATE,docs/archive/qa_evidence/storefront_design_engine/phase5/w4_certification/theme_qa/beauty_dew__tier2__muharram__strong__desktop.jpg,,TRUE,A
docs/qa_evidence/** (png/webp/js/html/json/css assets beyond 340 textual),docs/qa_evidence/storefront_design_engine/phase5/w4_certification/theme_qa/beauty_dew__tier2__muharram__strong__mobile.jpg,file,ARCHIVE_CANDIDATE,docs/archive/qa_evidence/storefront_design_engine/phase5/w4_certification/theme_qa/beauty_dew__tier2__muharram__strong__mobile.jpg,,TRUE,A
docs/qa_evidence/** (png/webp/js/html/json/css assets beyond 340 textual),docs/qa_evidence/storefront_design_engine/phase5/w4_certification/theme_qa/beauty_dew__tier2__muharram__strong__tablet.jpg,file,ARCHIVE_CANDIDATE,docs/archive/qa_evidence/storefront_design_engine/phase5/w4_certification/theme_qa/beauty_dew__tier2__muharram__strong__tablet.jpg,,TRUE,A
docs/qa_evidence/** (png/webp/js/html/json/css assets beyond 340 textual),docs/qa_evidence/storefront_design_engine/phase5/w4_certification/theme_qa/beauty_dew__tier2__muharram__subtle__desktop.jpg,file,ARCHIVE_CANDIDATE,docs/archive/qa_evidence/storefront_design_engine/phase5/w4_certification/theme_qa/beauty_dew__tier2__muharram__subtle__desktop.jpg,,TRUE,A
docs/qa_evidence/** (png/webp/js/html/json/css assets beyond 340 textual),docs/qa_evidence/storefront_design_engine/phase5/w4_certification/theme_qa/beauty_dew__tier2__muharram__subtle__mobile.jpg,file,ARCHIVE_CANDIDATE,docs/archive/qa_evidence/storefront_design_engine/phase5/w4_certification/theme_qa/beauty_dew__tier2__muharram__subtle__mobile.jpg,,TRUE,A
docs/qa_evidence/** (png/webp/js/html/json/css assets beyond 340 textual),docs/qa_evidence/storefront_design_engine/phase5/w4_certification/theme_qa/beauty_dew__tier2__muharram__subtle__tablet.jpg,file,ARCHIVE_CANDIDATE,docs/archive/qa_evidence/storefront_design_engine/phase5/w4_certification/theme_qa/beauty_dew__tier2__muharram__subtle__tablet.jpg,,TRUE,A
docs/qa_evidence/** (png/webp/js/html/json/css assets beyond 340 textual),docs/qa_evidence/storefront_design_engine/phase5/w4_certification/theme_qa/beauty_dew__tier2__nowruz__balanced__desktop.jpg,file,ARCHIVE_CANDIDATE,docs/archive/qa_evidence/storefront_design_engine/phase5/w4_certification/theme_qa/beauty_dew__tier2__nowruz__balanced__desktop.jpg,,TRUE,A
docs/qa_evidence/** (png/webp/js/html/json/css assets beyond 340 textual),docs/qa_evidence/storefront_design_engine/phase5/w4_certification/theme_qa/beauty_dew__tier2__nowruz__balanced__mobile.jpg,file,ARCHIVE_CANDIDATE,docs/archive/qa_evidence/storefront_design_engine/phase5/w4_certification/theme_qa/beauty_dew__tier2__nowruz__balanced__mobile.jpg,,TRUE,A
docs/qa_evidence/** (png/webp/js/html/json/css assets beyond 340 textual),docs/qa_evidence/storefront_design_engine/phase5/w4_certification/theme_qa/beauty_dew__tier2__nowruz__balanced__tablet.jpg,file,ARCHIVE_CANDIDATE,docs/archive/qa_evidence/storefront_design_engine/phase5/w4_certification/theme_qa/beauty_dew__tier2__nowruz__balanced__tablet.jpg,,TRUE,A
docs/qa_evidence/** (png/webp/js/html/json/css assets beyond 340 textual),docs/qa_evidence/storefront_design_engine/phase5/w4_certification/theme_qa/beauty_dew__tier2__nowruz__strong__desktop.jpg,file,ARCHIVE_CANDIDATE,docs/archive/qa_evidence/storefront_design_engine/phase5/w4_certification/theme_qa/beauty_dew__tier2__nowruz__strong__desktop.jpg,,TRUE,A
docs/qa_evidence/** (png/webp/js/html/json/css assets beyond 340 textual),docs/qa_evidence/storefront_design_engine/phase5/w4_certification/theme_qa/beauty_dew__tier2__nowruz__strong__mobile.jpg,file,ARCHIVE_CANDIDATE,docs/archive/qa_evidence/storefront_design_engine/phase5/w4_certification/theme_qa/beauty_dew__tier2__nowruz__strong__mobile.jpg,,TRUE,A
docs/qa_evidence/** (png/webp/js/html/json/css assets beyond 340 textual),docs/qa_evidence/storefront_design_engine/phase5/w4_certification/theme_qa/beauty_dew__tier2__nowruz__strong__tablet.jpg,file,ARCHIVE_CANDIDATE,docs/archive/qa_evidence/storefront_design_engine/phase5/w4_certification/theme_qa/beauty_dew__tier2__nowruz__strong__tablet.jpg,,TRUE,A
docs/qa_evidence/** (png/webp/js/html/json/css assets beyond 340 textual),docs/qa_evidence/storefront_design_engine/phase5/w4_certification/theme_qa/beauty_dew__tier2__nowruz__subtle__desktop.jpg,file,ARCHIVE_CANDIDATE,docs/archive/qa_evidence/storefront_design_engine/phase5/w4_certification/theme_qa/beauty_dew__tier2__nowruz__subtle__desktop.jpg,,TRUE,A
docs/qa_evidence/** (png/webp/js/html/json/css assets beyond 340 textual),docs/qa_evidence/storefront_design_engine/phase5/w4_certification/theme_qa/beauty_dew__tier2__nowruz__subtle__mobile.jpg,file,ARCHIVE_CANDIDATE,docs/archive/qa_evidence/storefront_design_engine/phase5/w4_certification/theme_qa/beauty_dew__tier2__nowruz__subtle__mobile.jpg,,TRUE,A
docs/qa_evidence/** (png/webp/js/html/json/css assets beyond 340 textual),docs/qa_evidence/storefront_design_engine/phase5/w4_certification/theme_qa/beauty_dew__tier2__nowruz__subtle__tablet.jpg,file,ARCHIVE_CANDIDATE,docs/archive/qa_evidence/storefront_design_engine/phase5/w4_certification/theme_qa/beauty_dew__tier2__nowruz__subtle__tablet.jpg,,TRUE,A
docs/qa_evidence/** (png/webp/js/html/json/css assets beyond 340 textual),docs/qa_evidence/storefront_design_engine/phase5/w4_certification/theme_qa/beauty_dew__tier2__ramadan__balanced__desktop.jpg,file,ARCHIVE_CANDIDATE,docs/archive/qa_evidence/storefront_design_engine/phase5/w4_certification/theme_qa/beauty_dew__tier2__ramadan__balanced__desktop.jpg,,TRUE,A
docs/qa_evidence/** (png/webp/js/html/json/css assets beyond 340 textual),docs/qa_evidence/storefront_design_engine/phase5/w4_certification/theme_qa/beauty_dew__tier2__ramadan__balanced__mobile.jpg,file,ARCHIVE_CANDIDATE,docs/archive/qa_evidence/storefront_design_engine/phase5/w4_certification/theme_qa/beauty_dew__tier2__ramadan__balanced__mobile.jpg,,TRUE,A
docs/qa_evidence/** (png/webp/js/html/json/css assets beyond 340 textual),docs/qa_evidence/storefront_design_engine/phase5/w4_certification/theme_qa/beauty_dew__tier2__ramadan__balanced__tablet.jpg,file,ARCHIVE_CANDIDATE,docs/archive/qa_evidence/storefront_design_engine/phase5/w4_certification/theme_qa/beauty_dew__tier2__ramadan__balanced__tablet.jpg,,TRUE,A
docs/qa_evidence/** (png/webp/js/html/json/css assets beyond 340 textual),docs/qa_evidence/storefront_design_engine/phase5/w4_certification/theme_qa/beauty_dew__tier2__ramadan__strong__desktop.jpg,file,ARCHIVE_CANDIDATE,docs/archive/qa_evidence/storefront_design_engine/phase5/w4_certification/theme_qa/beauty_dew__tier2__ramadan__strong__desktop.jpg,,TRUE,A
docs/qa_evidence/** (png/webp/js/html/json/css assets beyond 340 textual),docs/qa_evidence/storefront_design_engine/phase5/w4_certification/theme_qa/beauty_dew__tier2__ramadan__strong__mobile.jpg,file,ARCHIVE_CANDIDATE,docs/archive/qa_evidence/storefront_design_engine/phase5/w4_certification/theme_qa/beauty_dew__tier2__ramadan__strong__mobile.jpg,,TRUE,A
docs/qa_evidence/** (png/webp/js/html/json/css assets beyond 340 textual),docs/qa_evidence/storefront_design_engine/phase5/w4_certification/theme_qa/beauty_dew__tier2__ramadan__strong__tablet.jpg,file,ARCHIVE_CANDIDATE,docs/archive/qa_evidence/storefront_design_engine/phase5/w4_certification/theme_qa/beauty_dew__tier2__ramadan__strong__tablet.jpg,,TRUE,A
docs/qa_evidence/** (png/webp/js/html/json/css assets beyond 340 textual),docs/qa_evidence/storefront_design_engine/phase5/w4_certification/theme_qa/beauty_dew__tier2__ramadan__subtle__desktop.jpg,file,ARCHIVE_CANDIDATE,docs/archive/qa_evidence/storefront_design_engine/phase5/w4_certification/theme_qa/beauty_dew__tier2__ramadan__subtle__desktop.jpg,,TRUE,A
docs/qa_evidence/** (png/webp/js/html/json/css assets beyond 340 textual),docs/qa_evidence/storefront_design_engine/phase5/w4_certification/theme_qa/beauty_dew__tier2__ramadan__subtle__mobile.jpg,file,ARCHIVE_CANDIDATE,docs/archive/qa_evidence/storefront_design_engine/phase5/w4_certification/theme_qa/beauty_dew__tier2__ramadan__subtle__mobile.jpg,,TRUE,A
docs/qa_evidence/** (png/webp/js/html/json/css assets beyond 340 textual),docs/qa_evidence/storefront_design_engine/phase5/w4_certification/theme_qa/beauty_dew__tier2__ramadan__subtle__tablet.jpg,file,ARCHIVE_CANDIDATE,docs/archive/qa_evidence/storefront_design_engine/phase5/w4_certification/theme_qa/beauty_dew__tier2__ramadan__subtle__tablet.jpg,,TRUE,A
docs/qa_evidence/** (png/webp/js/html/json/css assets beyond 340 textual),docs/qa_evidence/storefront_design_engine/phase5/w4_certification/theme_qa/warm_boutique__tier2__muharram__balanced__desktop.jpg,file,ARCHIVE_CANDIDATE,docs/archive/qa_evidence/storefront_design_engine/phase5/w4_certification/theme_qa/warm_boutique__tier2__muharram__balanced__desktop.jpg,,TRUE,A
docs/qa_evidence/** (png/webp/js/html/json/css assets beyond 340 textual),docs/qa_evidence/storefront_design_engine/phase5/w4_certification/theme_qa/warm_boutique__tier2__muharram__balanced__mobile.jpg,file,ARCHIVE_CANDIDATE,docs/archive/qa_evidence/storefront_design_engine/phase5/w4_certification/theme_qa/warm_boutique__tier2__muharram__balanced__mobile.jpg,,TRUE,A
docs/qa_evidence/** (png/webp/js/html/json/css assets beyond 340 textual),docs/qa_evidence/storefront_design_engine/phase5/w4_certification/theme_qa/warm_boutique__tier2__muharram__balanced__tablet.jpg,file,ARCHIVE_CANDIDATE,docs/archive/qa_evidence/storefront_design_engine/phase5/w4_certification/theme_qa/warm_boutique__tier2__muharram__balanced__tablet.jpg,,TRUE,A
docs/qa_evidence/** (png/webp/js/html/json/css assets beyond 340 textual),docs/qa_evidence/storefront_design_engine/phase5/w4_certification/theme_qa/warm_boutique__tier2__muharram__strong__desktop.jpg,file,ARCHIVE_CANDIDATE,docs/archive/qa_evidence/storefront_design_engine/phase5/w4_certification/theme_qa/warm_boutique__tier2__muharram__strong__desktop.jpg,,TRUE,A
docs/qa_evidence/** (png/webp/js/html/json/css assets beyond 340 textual),docs/qa_evidence/storefront_design_engine/phase5/w4_certification/theme_qa/warm_boutique__tier2__muharram__strong__mobile.jpg,file,ARCHIVE_CANDIDATE,docs/archive/qa_evidence/storefront_design_engine/phase5/w4_certification/theme_qa/warm_boutique__tier2__muharram__strong__mobile.jpg,,TRUE,A
docs/qa_evidence/** (png/webp/js/html/json/css assets beyond 340 textual),docs/qa_evidence/storefront_design_engine/phase5/w4_certification/theme_qa/warm_boutique__tier2__muharram__strong__tablet.jpg,file,ARCHIVE_CANDIDATE,docs/archive/qa_evidence/storefront_design_engine/phase5/w4_certification/theme_qa/warm_boutique__tier2__muharram__strong__tablet.jpg,,TRUE,A
docs/qa_evidence/** (png/webp/js/html/json/css assets beyond 340 textual),docs/qa_evidence/storefront_design_engine/phase5/w4_certification/theme_qa/warm_boutique__tier2__muharram__subtle__desktop.jpg,file,ARCHIVE_CANDIDATE,docs/archive/qa_evidence/storefront_design_engine/phase5/w4_certification/theme_qa/warm_boutique__tier2__muharram__subtle__desktop.jpg,,TRUE,A
docs/qa_evidence/** (png/webp/js/html/json/css assets beyond 340 textual),docs/qa_evidence/storefront_design_engine/phase5/w4_certification/theme_qa/warm_boutique__tier2__muharram__subtle__mobile.jpg,file,ARCHIVE_CANDIDATE,docs/archive/qa_evidence/storefront_design_engine/phase5/w4_certification/theme_qa/warm_boutique__tier2__muharram__subtle__mobile.jpg,,TRUE,A
docs/qa_evidence/** (png/webp/js/html/json/css assets beyond 340 textual),docs/qa_evidence/storefront_design_engine/phase5/w4_certification/theme_qa/warm_boutique__tier2__muharram__subtle__tablet.jpg,file,ARCHIVE_CANDIDATE,docs/archive/qa_evidence/storefront_design_engine/phase5/w4_certification/theme_qa/warm_boutique__tier2__muharram__subtle__tablet.jpg,,TRUE,A
docs/qa_evidence/** (png/webp/js/html/json/css assets beyond 340 textual),docs/qa_evidence/storefront_design_engine/phase5/w4_certification/theme_qa/warm_boutique__tier2__nowruz__balanced__desktop.jpg,file,ARCHIVE_CANDIDATE,docs/archive/qa_evidence/storefront_design_engine/phase5/w4_certification/theme_qa/warm_boutique__tier2__nowruz__balanced__desktop.jpg,,TRUE,A
docs/qa_evidence/** (png/webp/js/html/json/css assets beyond 340 textual),docs/qa_evidence/storefront_design_engine/phase5/w4_certification/theme_qa/warm_boutique__tier2__nowruz__balanced__mobile.jpg,file,ARCHIVE_CANDIDATE,docs/archive/qa_evidence/storefront_design_engine/phase5/w4_certification/theme_qa/warm_boutique__tier2__nowruz__balanced__mobile.jpg,,TRUE,A
docs/qa_evidence/** (png/webp/js/html/json/css assets beyond 340 textual),docs/qa_evidence/storefront_design_engine/phase5/w4_certification/theme_qa/warm_boutique__tier2__nowruz__balanced__tablet.jpg,file,ARCHIVE_CANDIDATE,docs/archive/qa_evidence/storefront_design_engine/phase5/w4_certification/theme_qa/warm_boutique__tier2__nowruz__balanced__tablet.jpg,,TRUE,A
docs/qa_evidence/** (png/webp/js/html/json/css assets beyond 340 textual),docs/qa_evidence/storefront_design_engine/phase5/w4_certification/theme_qa/warm_boutique__tier2__nowruz__strong__desktop.jpg,file,ARCHIVE_CANDIDATE,docs/archive/qa_evidence/storefront_design_engine/phase5/w4_certification/theme_qa/warm_boutique__tier2__nowruz__strong__desktop.jpg,,TRUE,A
docs/qa_evidence/** (png/webp/js/html/json/css assets beyond 340 textual),docs/qa_evidence/storefront_design_engine/phase5/w4_certification/theme_qa/warm_boutique__tier2__nowruz__strong__mobile.jpg,file,ARCHIVE_CANDIDATE,docs/archive/qa_evidence/storefront_design_engine/phase5/w4_certification/theme_qa/warm_boutique__tier2__nowruz__strong__mobile.jpg,,TRUE,A
docs/qa_evidence/** (png/webp/js/html/json/css assets beyond 340 textual),docs/qa_evidence/storefront_design_engine/phase5/w4_certification/theme_qa/warm_boutique__tier2__nowruz__strong__tablet.jpg,file,ARCHIVE_CANDIDATE,docs/archive/qa_evidence/storefront_design_engine/phase5/w4_certification/theme_qa/warm_boutique__tier2__nowruz__strong__tablet.jpg,,TRUE,A
docs/qa_evidence/** (png/webp/js/html/json/css assets beyond 340 textual),docs/qa_evidence/storefront_design_engine/phase5/w4_certification/theme_qa/warm_boutique__tier2__nowruz__subtle__desktop.jpg,file,ARCHIVE_CANDIDATE,docs/archive/qa_evidence/storefront_design_engine/phase5/w4_certification/theme_qa/warm_boutique__tier2__nowruz__subtle__desktop.jpg,,TRUE,A
docs/qa_evidence/** (png/webp/js/html/json/css assets beyond 340 textual),docs/qa_evidence/storefront_design_engine/phase5/w4_certification/theme_qa/warm_boutique__tier2__nowruz__subtle__mobile.jpg,file,ARCHIVE_CANDIDATE,docs/archive/qa_evidence/storefront_design_engine/phase5/w4_certification/theme_qa/warm_boutique__tier2__nowruz__subtle__mobile.jpg,,TRUE,A
docs/qa_evidence/** (png/webp/js/html/json/css assets beyond 340 textual),docs/qa_evidence/storefront_design_engine/phase5/w4_certification/theme_qa/warm_boutique__tier2__nowruz__subtle__tablet.jpg,file,ARCHIVE_CANDIDATE,docs/archive/qa_evidence/storefront_design_engine/phase5/w4_certification/theme_qa/warm_boutique__tier2__nowruz__subtle__tablet.jpg,,TRUE,A
docs/qa_evidence/** (png/webp/js/html/json/css assets beyond 340 textual),docs/qa_evidence/storefront_design_engine/phase5/w4_certification/theme_qa/warm_boutique__tier2__ramadan__balanced__desktop.jpg,file,ARCHIVE_CANDIDATE,docs/archive/qa_evidence/storefront_design_engine/phase5/w4_certification/theme_qa/warm_boutique__tier2__ramadan__balanced__desktop.jpg,,TRUE,A
docs/qa_evidence/** (png/webp/js/html/json/css assets beyond 340 textual),docs/qa_evidence/storefront_design_engine/phase5/w4_certification/theme_qa/warm_boutique__tier2__ramadan__balanced__mobile.jpg,file,ARCHIVE_CANDIDATE,docs/archive/qa_evidence/storefront_design_engine/phase5/w4_certification/theme_qa/warm_boutique__tier2__ramadan__balanced__mobile.jpg,,TRUE,A
docs/qa_evidence/** (png/webp/js/html/json/css assets beyond 340 textual),docs/qa_evidence/storefront_design_engine/phase5/w4_certification/theme_qa/warm_boutique__tier2__ramadan__balanced__tablet.jpg,file,ARCHIVE_CANDIDATE,docs/archive/qa_evidence/storefront_design_engine/phase5/w4_certification/theme_qa/warm_boutique__tier2__ramadan__balanced__tablet.jpg,,TRUE,A
docs/qa_evidence/** (png/webp/js/html/json/css assets beyond 340 textual),docs/qa_evidence/storefront_design_engine/phase5/w4_certification/theme_qa/warm_boutique__tier2__ramadan__strong__desktop.jpg,file,ARCHIVE_CANDIDATE,docs/archive/qa_evidence/storefront_design_engine/phase5/w4_certification/theme_qa/warm_boutique__tier2__ramadan__strong__desktop.jpg,,TRUE,A
docs/qa_evidence/** (png/webp/js/html/json/css assets beyond 340 textual),docs/qa_evidence/storefront_design_engine/phase5/w4_certification/theme_qa/warm_boutique__tier2__ramadan__strong__mobile.jpg,file,ARCHIVE_CANDIDATE,docs/archive/qa_evidence/storefront_design_engine/phase5/w4_certification/theme_qa/warm_boutique__tier2__ramadan__strong__mobile.jpg,,TRUE,A
docs/qa_evidence/** (png/webp/js/html/json/css assets beyond 340 textual),docs/qa_evidence/storefront_design_engine/phase5/w4_certification/theme_qa/warm_boutique__tier2__ramadan__strong__tablet.jpg,file,ARCHIVE_CANDIDATE,docs/archive/qa_evidence/storefront_design_engine/phase5/w4_certification/theme_qa/warm_boutique__tier2__ramadan__strong__tablet.jpg,,TRUE,A
docs/qa_evidence/** (png/webp/js/html/json/css assets beyond 340 textual),docs/qa_evidence/storefront_design_engine/phase5/w4_certification/theme_qa/warm_boutique__tier2__ramadan__subtle__desktop.jpg,file,ARCHIVE_CANDIDATE,docs/archive/qa_evidence/storefront_design_engine/phase5/w4_certification/theme_qa/warm_boutique__tier2__ramadan__subtle__desktop.jpg,,TRUE,A
docs/qa_evidence/** (png/webp/js/html/json/css assets beyond 340 textual),docs/qa_evidence/storefront_design_engine/phase5/w4_certification/theme_qa/warm_boutique__tier2__ramadan__subtle__mobile.jpg,file,ARCHIVE_CANDIDATE,docs/archive/qa_evidence/storefront_design_engine/phase5/w4_certification/theme_qa/warm_boutique__tier2__ramadan__subtle__mobile.jpg,,TRUE,A
docs/qa_evidence/** (png/webp/js/html/json/css assets beyond 340 textual),docs/qa_evidence/storefront_design_engine/phase5/w4_certification/theme_qa/warm_boutique__tier2__ramadan__subtle__tablet.jpg,file,ARCHIVE_CANDIDATE,docs/archive/qa_evidence/storefront_design_engine/phase5/w4_certification/theme_qa/warm_boutique__tier2__ramadan__subtle__tablet.jpg,,TRUE,A
docs/qa_evidence/** (png/webp/js/html/json/css assets beyond 340 textual),docs/qa_evidence/storefront_design_engine/phase5/w4_certification/visual_distinctness_matrix.json,file,ARCHIVE_CANDIDATE,docs/archive/qa_evidence/storefront_design_engine/phase5/w4_certification/visual_distinctness_matrix.json,,TRUE,A
docs/qa_evidence/** (png/webp/js/html/json/css assets beyond 340 textual),docs/qa_evidence/storefront_design_engine/phase5/w4_certification/visual_distinctness_matrix.md,file,ARCHIVE_CANDIDATE,docs/archive/qa_evidence/storefront_design_engine/phase5/w4_certification/visual_distinctness_matrix.md,,TRUE,A
docs/qa_evidence/** (png/webp/js/html/json/css assets beyond 340 textual),docs/qa_evidence/storefront_design_engine/phase5/w4_certification/visual_review/desktop_01.jpg,file,ARCHIVE_CANDIDATE,docs/archive/qa_evidence/storefront_design_engine/phase5/w4_certification/visual_review/desktop_01.jpg,,TRUE,A
docs/qa_evidence/** (png/webp/js/html/json/css assets beyond 340 textual),docs/qa_evidence/storefront_design_engine/phase5/w4_certification/visual_review/desktop_02.jpg,file,ARCHIVE_CANDIDATE,docs/archive/qa_evidence/storefront_design_engine/phase5/w4_certification/visual_review/desktop_02.jpg,,TRUE,A
docs/qa_evidence/** (png/webp/js/html/json/css assets beyond 340 textual),docs/qa_evidence/storefront_design_engine/phase5/w4_certification/visual_review/desktop_03.jpg,file,ARCHIVE_CANDIDATE,docs/archive/qa_evidence/storefront_design_engine/phase5/w4_certification/visual_review/desktop_03.jpg,,TRUE,A
docs/qa_evidence/** (png/webp/js/html/json/css assets beyond 340 textual),docs/qa_evidence/storefront_design_engine/phase5/w4_certification/visual_review/desktop_04.jpg,file,ARCHIVE_CANDIDATE,docs/archive/qa_evidence/storefront_design_engine/phase5/w4_certification/visual_review/desktop_04.jpg,,TRUE,A
docs/qa_evidence/** (png/webp/js/html/json/css assets beyond 340 textual),docs/qa_evidence/storefront_design_engine/phase5/w4_certification/visual_review/desktop_05.jpg,file,ARCHIVE_CANDIDATE,docs/archive/qa_evidence/storefront_design_engine/phase5/w4_certification/visual_review/desktop_05.jpg,,TRUE,A
docs/qa_evidence/** (png/webp/js/html/json/css assets beyond 340 textual),docs/qa_evidence/storefront_design_engine/phase5/w4_certification/visual_review/mobile_01.jpg,file,ARCHIVE_CANDIDATE,docs/archive/qa_evidence/storefront_design_engine/phase5/w4_certification/visual_review/mobile_01.jpg,,TRUE,A
docs/qa_evidence/** (png/webp/js/html/json/css assets beyond 340 textual),docs/qa_evidence/storefront_design_engine/phase5/w4_certification/visual_review/mobile_02.jpg,file,ARCHIVE_CANDIDATE,docs/archive/qa_evidence/storefront_design_engine/phase5/w4_certification/visual_review/mobile_02.jpg,,TRUE,A
docs/qa_evidence/** (png/webp/js/html/json/css assets beyond 340 textual),docs/qa_evidence/storefront_design_engine/phase5/w4_certification/visual_review/mobile_03.jpg,file,ARCHIVE_CANDIDATE,docs/archive/qa_evidence/storefront_design_engine/phase5/w4_certification/visual_review/mobile_03.jpg,,TRUE,A
docs/qa_evidence/** (png/webp/js/html/json/css assets beyond 340 textual),docs/qa_evidence/storefront_design_engine/phase5/w4_certification/visual_review/mobile_04.jpg,file,ARCHIVE_CANDIDATE,docs/archive/qa_evidence/storefront_design_engine/phase5/w4_certification/visual_review/mobile_04.jpg,,TRUE,A
docs/qa_evidence/** (png/webp/js/html/json/css assets beyond 340 textual),docs/qa_evidence/storefront_design_engine/phase5/w4_certification/visual_review/mobile_05.jpg,file,ARCHIVE_CANDIDATE,docs/archive/qa_evidence/storefront_design_engine/phase5/w4_certification/visual_review/mobile_05.jpg,,TRUE,A
docs/qa_evidence/** (png/webp/js/html/json/css assets beyond 340 textual),docs/qa_evidence/storefront_design_engine/phase5/w4_certification/visual_review/mobile_06.jpg,file,ARCHIVE_CANDIDATE,docs/archive/qa_evidence/storefront_design_engine/phase5/w4_certification/visual_review/mobile_06.jpg,,TRUE,A
docs/qa_evidence/** (png/webp/js/html/json/css assets beyond 340 textual),docs/qa_evidence/storefront_design_engine/phase5/w4_certification/visual_review/mobile_07.jpg,file,ARCHIVE_CANDIDATE,docs/archive/qa_evidence/storefront_design_engine/phase5/w4_certification/visual_review/mobile_07.jpg,,TRUE,A
docs/qa_evidence/** (png/webp/js/html/json/css assets beyond 340 textual),docs/qa_evidence/storefront_design_engine/phase5/w4_certification/w4c_harness_inventory.md,file,ARCHIVE_CANDIDATE,docs/archive/qa_evidence/storefront_design_engine/phase5/w4_certification/w4c_harness_inventory.md,,TRUE,A
docs/qa_evidence/** (png/webp/js/html/json/css assets beyond 340 textual),docs/qa_evidence/storefront_design_engine/phase5/w4_certification/w4c_merge_checkpoint.md,file,ARCHIVE_CANDIDATE,docs/archive/qa_evidence/storefront_design_engine/phase5/w4_certification/w4c_merge_checkpoint.md,,TRUE,A
docs/qa_evidence/** (png/webp/js/html/json/css assets beyond 340 textual),docs/qa_evidence/storefront_design_engine/phase5/w4a_public_shell_convergence/01_red_task1_shell_only_context.txt,file,ARCHIVE_CANDIDATE,docs/archive/qa_evidence/storefront_design_engine/phase5/w4a_public_shell_convergence/01_red_task1_shell_only_context.txt,,TRUE,A
docs/qa_evidence/** (png/webp/js/html/json/css assets beyond 340 textual),docs/qa_evidence/storefront_design_engine/phase5/w4a_public_shell_convergence/02_green_task1_shell_only_context.txt,file,ARCHIVE_CANDIDATE,docs/archive/qa_evidence/storefront_design_engine/phase5/w4a_public_shell_convergence/02_green_task1_shell_only_context.txt,,TRUE,A
docs/qa_evidence/** (png/webp/js/html/json/css assets beyond 340 textual),docs/qa_evidence/storefront_design_engine/phase5/w4a_public_shell_convergence/03_red_task2_wishlist.txt,file,ARCHIVE_CANDIDATE,docs/archive/qa_evidence/storefront_design_engine/phase5/w4a_public_shell_convergence/03_red_task2_wishlist.txt,,TRUE,A
docs/qa_evidence/** (png/webp/js/html/json/css assets beyond 340 textual),docs/qa_evidence/storefront_design_engine/phase5/w4a_public_shell_convergence/04_green_task2_wishlist.txt,file,ARCHIVE_CANDIDATE,docs/archive/qa_evidence/storefront_design_engine/phase5/w4a_public_shell_convergence/04_green_task2_wishlist.txt,,TRUE,A
docs/qa_evidence/** (png/webp/js/html/json/css assets beyond 340 textual),docs/qa_evidence/storefront_design_engine/phase5/w4a_public_shell_convergence/05_red_task3_cms.txt,file,ARCHIVE_CANDIDATE,docs/archive/qa_evidence/storefront_design_engine/phase5/w4a_public_shell_convergence/05_red_task3_cms.txt,,TRUE,A
docs/qa_evidence/** (png/webp/js/html/json/css assets beyond 340 textual),docs/qa_evidence/storefront_design_engine/phase5/w4a_public_shell_convergence/06_green_task3_cms.txt,file,ARCHIVE_CANDIDATE,docs/archive/qa_evidence/storefront_design_engine/phase5/w4a_public_shell_convergence/06_green_task3_cms.txt,,TRUE,A
docs/qa_evidence/** (png/webp/js/html/json/css assets beyond 340 textual),docs/qa_evidence/storefront_design_engine/phase5/w4a_public_shell_convergence/07_regression_content_full.txt,file,ARCHIVE_CANDIDATE,docs/archive/qa_evidence/storefront_design_engine/phase5/w4a_public_shell_convergence/07_regression_content_full.txt,,TRUE,A
docs/qa_evidence/** (png/webp/js/html/json/css assets beyond 340 textual),docs/qa_evidence/storefront_design_engine/phase5/w4a_public_shell_convergence/08_regression_customers_full.txt,file,ARCHIVE_CANDIDATE,docs/archive/qa_evidence/storefront_design_engine/phase5/w4a_public_shell_convergence/08_regression_customers_full.txt,,TRUE,A
docs/qa_evidence/** (png/webp/js/html/json/css assets beyond 340 textual),docs/qa_evidence/storefront_design_engine/phase5/w4a_public_shell_convergence/09_full_storefront_builder_suite.txt,file,ARCHIVE_CANDIDATE,docs/archive/qa_evidence/storefront_design_engine/phase5/w4a_public_shell_convergence/09_full_storefront_builder_suite.txt,,TRUE,A
docs/qa_evidence/** (png/webp/js/html/json/css assets beyond 340 textual),docs/qa_evidence/storefront_design_engine/phase5/w4a_public_shell_convergence/10_regression_shell_render_tenant_catalog_cart.txt,file,ARCHIVE_CANDIDATE,docs/archive/qa_evidence/storefront_design_engine/phase5/w4a_public_shell_convergence/10_regression_shell_render_tenant_catalog_cart.txt,,TRUE,A
docs/qa_evidence/** (png/webp/js/html/json/css assets beyond 340 textual),docs/qa_evidence/storefront_design_engine/phase5/w4a_public_shell_convergence/11_full_catalog_cart_regression.txt,file,ARCHIVE_CANDIDATE,docs/archive/qa_evidence/storefront_design_engine/phase5/w4a_public_shell_convergence/11_full_catalog_cart_regression.txt,,TRUE,A
docs/qa_evidence/** (png/webp/js/html/json/css assets beyond 340 textual),docs/qa_evidence/storefront_design_engine/phase5/w4a_public_shell_convergence/12_full_suite_base_comparison.md,file,ARCHIVE_CANDIDATE,docs/archive/qa_evidence/storefront_design_engine/phase5/w4a_public_shell_convergence/12_full_suite_base_comparison.md,,TRUE,A
docs/qa_evidence/** (png/webp/js/html/json/css assets beyond 340 textual),docs/qa_evidence/storefront_design_engine/phase5/w4a_public_shell_convergence/13_final_repair_repo_gates.txt,file,ARCHIVE_CANDIDATE,docs/archive/qa_evidence/storefront_design_engine/phase5/w4a_public_shell_convergence/13_final_repair_repo_gates.txt,,TRUE,A
docs/qa_evidence/** (png/webp/js/html/json/css assets beyond 340 textual),docs/qa_evidence/storefront_design_engine/phase5/w4a_public_shell_convergence/14_red_important1_header_count.txt,file,ARCHIVE_CANDIDATE,docs/archive/qa_evidence/storefront_design_engine/phase5/w4a_public_shell_convergence/14_red_important1_header_count.txt,,TRUE,A
docs/qa_evidence/** (png/webp/js/html/json/css assets beyond 340 textual),docs/qa_evidence/storefront_design_engine/phase5/w4a_public_shell_convergence/15_green_important1_header_count.txt,file,ARCHIVE_CANDIDATE,docs/archive/qa_evidence/storefront_design_engine/phase5/w4a_public_shell_convergence/15_green_important1_header_count.txt,,TRUE,A
docs/qa_evidence/** (png/webp/js/html/json/css assets beyond 340 textual),docs/qa_evidence/storefront_design_engine/phase5/w4a_public_shell_convergence/16_green_cart_customers_after_important1.txt,file,ARCHIVE_CANDIDATE,docs/archive/qa_evidence/storefront_design_engine/phase5/w4a_public_shell_convergence/16_green_cart_customers_after_important1.txt,,TRUE,A
docs/qa_evidence/** (png/webp/js/html/json/css assets beyond 340 textual),docs/qa_evidence/storefront_design_engine/phase5/w4a_public_shell_convergence/17_customers_base_honest.txt,file,ARCHIVE_CANDIDATE,docs/archive/qa_evidence/storefront_design_engine/phase5/w4a_public_shell_convergence/17_customers_base_honest.txt,,TRUE,A
docs/qa_evidence/** (png/webp/js/html/json/css assets beyond 340 textual),docs/qa_evidence/storefront_design_engine/phase5/w4a_public_shell_convergence/18_customers_final_honest.txt,file,ARCHIVE_CANDIDATE,docs/archive/qa_evidence/storefront_design_engine/phase5/w4a_public_shell_convergence/18_customers_final_honest.txt,,TRUE,A
docs/qa_evidence/** (png/webp/js/html/json/css assets beyond 340 textual),docs/qa_evidence/storefront_design_engine/phase5/w4a_public_shell_convergence/19_reconstructed_red_task2_wishlist.txt,file,ARCHIVE_CANDIDATE,docs/archive/qa_evidence/storefront_design_engine/phase5/w4a_public_shell_convergence/19_reconstructed_red_task2_wishlist.txt,,TRUE,A
docs/qa_evidence/** (png/webp/js/html/json/css assets beyond 340 textual),docs/qa_evidence/storefront_design_engine/phase5/w4a_public_shell_convergence/20_red_important4_css_link.txt,file,ARCHIVE_CANDIDATE,docs/archive/qa_evidence/storefront_design_engine/phase5/w4a_public_shell_convergence/20_red_important4_css_link.txt,,TRUE,A
docs/qa_evidence/** (png/webp/js/html/json/css assets beyond 340 textual),docs/qa_evidence/storefront_design_engine/phase5/w4a_public_shell_convergence/21_green_important4_css_link.txt,file,ARCHIVE_CANDIDATE,docs/archive/qa_evidence/storefront_design_engine/phase5/w4a_public_shell_convergence/21_green_important4_css_link.txt,,TRUE,A
docs/qa_evidence/** (png/webp/js/html/json/css assets beyond 340 textual),docs/qa_evidence/storefront_design_engine/phase5/w4a_public_shell_convergence/22_full_storefront_builder_suite_final.txt,file,ARCHIVE_CANDIDATE,docs/archive/qa_evidence/storefront_design_engine/phase5/w4a_public_shell_convergence/22_full_storefront_builder_suite_final.txt,,TRUE,A
docs/qa_evidence/** (png/webp/js/html/json/css assets beyond 340 textual),docs/qa_evidence/storefront_design_engine/phase5/w4a_public_shell_convergence/23_full_content_regression_final.txt,file,ARCHIVE_CANDIDATE,docs/archive/qa_evidence/storefront_design_engine/phase5/w4a_public_shell_convergence/23_full_content_regression_final.txt,,TRUE,A
docs/qa_evidence/** (png/webp/js/html/json/css assets beyond 340 textual),docs/qa_evidence/storefront_design_engine/phase5/w4a_public_shell_convergence/24_final_full_suite_base_comparison.md,file,ARCHIVE_CANDIDATE,docs/archive/qa_evidence/storefront_design_engine/phase5/w4a_public_shell_convergence/24_final_full_suite_base_comparison.md,,TRUE,A
docs/qa_evidence/** (png/webp/js/html/json/css assets beyond 340 textual),docs/qa_evidence/storefront_design_engine/phase5/w4a_public_shell_convergence/25_final_focused_exact_head.txt,file,ARCHIVE_CANDIDATE,docs/archive/qa_evidence/storefront_design_engine/phase5/w4a_public_shell_convergence/25_final_focused_exact_head.txt,,TRUE,A
docs/qa_evidence/** (png/webp/js/html/json/css assets beyond 340 textual),docs/qa_evidence/storefront_design_engine/phase5/w4a_public_shell_convergence/26_customers_final_exact_head.txt,file,ARCHIVE_CANDIDATE,docs/archive/qa_evidence/storefront_design_engine/phase5/w4a_public_shell_convergence/26_customers_final_exact_head.txt,,TRUE,A
docs/qa_evidence/** (png/webp/js/html/json/css assets beyond 340 textual),docs/qa_evidence/storefront_design_engine/phase5/w4a_public_shell_convergence/27_final_clean_status.txt,file,ARCHIVE_CANDIDATE,docs/archive/qa_evidence/storefront_design_engine/phase5/w4a_public_shell_convergence/27_final_clean_status.txt,,TRUE,A
docs/qa_evidence/** (png/webp/js/html/json/css assets beyond 340 textual),docs/qa_evidence/storefront_design_engine/phase5/w4a_public_shell_convergence/28_final_focused_green_after_isolation.txt,file,ARCHIVE_CANDIDATE,docs/archive/qa_evidence/storefront_design_engine/phase5/w4a_public_shell_convergence/28_final_focused_green_after_isolation.txt,,TRUE,A
docs/qa_evidence/** (png/webp/js/html/json/css assets beyond 340 textual),docs/qa_evidence/storefront_design_engine/phase5/w4a_public_shell_convergence/29_final_clean_status_after_test_isolation.txt,file,ARCHIVE_CANDIDATE,docs/archive/qa_evidence/storefront_design_engine/phase5/w4a_public_shell_convergence/29_final_clean_status_after_test_isolation.txt,,TRUE,A
docs/qa_evidence/** (png/webp/js/html/json/css assets beyond 340 textual),docs/qa_evidence/storefront_design_engine/phase5/w4a_public_shell_convergence/30_customers_final_after_isolation.txt,file,ARCHIVE_CANDIDATE,docs/archive/qa_evidence/storefront_design_engine/phase5/w4a_public_shell_convergence/30_customers_final_after_isolation.txt,,TRUE,A
docs/qa_evidence/** (png/webp/js/html/json/css assets beyond 340 textual),docs/qa_evidence/storefront_design_engine/phase5/w4a_public_shell_convergence/31_content_full_exact_head.txt,file,ARCHIVE_CANDIDATE,docs/archive/qa_evidence/storefront_design_engine/phase5/w4a_public_shell_convergence/31_content_full_exact_head.txt,,TRUE,A
docs/qa_evidence/** (png/webp/js/html/json/css assets beyond 340 textual),docs/qa_evidence/storefront_design_engine/phase5/w4a_public_shell_convergence/32_full_storefront_builder_exact_head.txt,file,ARCHIVE_CANDIDATE,docs/archive/qa_evidence/storefront_design_engine/phase5/w4a_public_shell_convergence/32_full_storefront_builder_exact_head.txt,,TRUE,A
docs/qa_evidence/** (png/webp/js/html/json/css assets beyond 340 textual),docs/qa_evidence/storefront_design_engine/phase5/w4a_public_shell_convergence/33_full_suite_exact_head_base_comparison.md,file,ARCHIVE_CANDIDATE,docs/archive/qa_evidence/storefront_design_engine/phase5/w4a_public_shell_convergence/33_full_suite_exact_head_base_comparison.md,,TRUE,A
docs/qa_evidence/** (png/webp/js/html/json/css assets beyond 340 textual),docs/qa_evidence/storefront_design_engine/phase5/w4a_public_shell_convergence/34_final_clean_status_exact_head.md,file,ARCHIVE_CANDIDATE,docs/archive/qa_evidence/storefront_design_engine/phase5/w4a_public_shell_convergence/34_final_clean_status_exact_head.md,,TRUE,A
docs/qa_evidence/** (png/webp/js/html/json/css assets beyond 340 textual),docs/qa_evidence/storefront_design_engine/phase5/w4a_public_shell_convergence/browser_qa/dark_digital/screenshots/desktop_cms.png,file,ARCHIVE_CANDIDATE,docs/archive/qa_evidence/storefront_design_engine/phase5/w4a_public_shell_convergence/browser_qa/dark_digital/screenshots/desktop_cms.png,,TRUE,A
docs/qa_evidence/** (png/webp/js/html/json/css assets beyond 340 textual),docs/qa_evidence/storefront_design_engine/phase5/w4a_public_shell_convergence/browser_qa/dark_digital/screenshots/desktop_wishlist_anon.png,file,ARCHIVE_CANDIDATE,docs/archive/qa_evidence/storefront_design_engine/phase5/w4a_public_shell_convergence/browser_qa/dark_digital/screenshots/desktop_wishlist_anon.png,,TRUE,A
docs/qa_evidence/** (png/webp/js/html/json/css assets beyond 340 textual),docs/qa_evidence/storefront_design_engine/phase5/w4a_public_shell_convergence/browser_qa/dark_digital/screenshots/desktop_wishlist_empty.png,file,ARCHIVE_CANDIDATE,docs/archive/qa_evidence/storefront_design_engine/phase5/w4a_public_shell_convergence/browser_qa/dark_digital/screenshots/desktop_wishlist_empty.png,,TRUE,A
docs/qa_evidence/** (png/webp/js/html/json/css assets beyond 340 textual),docs/qa_evidence/storefront_design_engine/phase5/w4a_public_shell_convergence/browser_qa/dark_digital/screenshots/desktop_wishlist_populated.png,file,ARCHIVE_CANDIDATE,docs/archive/qa_evidence/storefront_design_engine/phase5/w4a_public_shell_convergence/browser_qa/dark_digital/screenshots/desktop_wishlist_populated.png,,TRUE,A
docs/qa_evidence/** (png/webp/js/html/json/css assets beyond 340 textual),docs/qa_evidence/storefront_design_engine/phase5/w4a_public_shell_convergence/browser_qa/dark_digital/screenshots/mobile_cms.png,file,ARCHIVE_CANDIDATE,docs/archive/qa_evidence/storefront_design_engine/phase5/w4a_public_shell_convergence/browser_qa/dark_digital/screenshots/mobile_cms.png,,TRUE,A
docs/qa_evidence/** (png/webp/js/html/json/css assets beyond 340 textual),docs/qa_evidence/storefront_design_engine/phase5/w4a_public_shell_convergence/browser_qa/dark_digital/screenshots/mobile_wishlist_anon.png,file,ARCHIVE_CANDIDATE,docs/archive/qa_evidence/storefront_design_engine/phase5/w4a_public_shell_convergence/browser_qa/dark_digital/screenshots/mobile_wishlist_anon.png,,TRUE,A
docs/qa_evidence/** (png/webp/js/html/json/css assets beyond 340 textual),docs/qa_evidence/storefront_design_engine/phase5/w4a_public_shell_convergence/browser_qa/dark_digital/screenshots/mobile_wishlist_empty.png,file,ARCHIVE_CANDIDATE,docs/archive/qa_evidence/storefront_design_engine/phase5/w4a_public_shell_convergence/browser_qa/dark_digital/screenshots/mobile_wishlist_empty.png,,TRUE,A
docs/qa_evidence/** (png/webp/js/html/json/css assets beyond 340 textual),docs/qa_evidence/storefront_design_engine/phase5/w4a_public_shell_convergence/browser_qa/dark_digital/screenshots/mobile_wishlist_populated.png,file,ARCHIVE_CANDIDATE,docs/archive/qa_evidence/storefront_design_engine/phase5/w4a_public_shell_convergence/browser_qa/dark_digital/screenshots/mobile_wishlist_populated.png,,TRUE,A
docs/qa_evidence/** (png/webp/js/html/json/css assets beyond 340 textual),docs/qa_evidence/storefront_design_engine/phase5/w4a_public_shell_convergence/browser_qa/dark_digital/screenshots/tablet_cms.png,file,ARCHIVE_CANDIDATE,docs/archive/qa_evidence/storefront_design_engine/phase5/w4a_public_shell_convergence/browser_qa/dark_digital/screenshots/tablet_cms.png,,TRUE,A
docs/qa_evidence/** (png/webp/js/html/json/css assets beyond 340 textual),docs/qa_evidence/storefront_design_engine/phase5/w4a_public_shell_convergence/browser_qa/dark_digital/screenshots/tablet_wishlist_anon.png,file,ARCHIVE_CANDIDATE,docs/archive/qa_evidence/storefront_design_engine/phase5/w4a_public_shell_convergence/browser_qa/dark_digital/screenshots/tablet_wishlist_anon.png,,TRUE,A
docs/qa_evidence/** (png/webp/js/html/json/css assets beyond 340 textual),docs/qa_evidence/storefront_design_engine/phase5/w4a_public_shell_convergence/browser_qa/dark_digital/screenshots/tablet_wishlist_empty.png,file,ARCHIVE_CANDIDATE,docs/archive/qa_evidence/storefront_design_engine/phase5/w4a_public_shell_convergence/browser_qa/dark_digital/screenshots/tablet_wishlist_empty.png,,TRUE,A
docs/qa_evidence/** (png/webp/js/html/json/css assets beyond 340 textual),docs/qa_evidence/storefront_design_engine/phase5/w4a_public_shell_convergence/browser_qa/dark_digital/screenshots/tablet_wishlist_populated.png,file,ARCHIVE_CANDIDATE,docs/archive/qa_evidence/storefront_design_engine/phase5/w4a_public_shell_convergence/browser_qa/dark_digital/screenshots/tablet_wishlist_populated.png,,TRUE,A
docs/qa_evidence/** (png/webp/js/html/json/css assets beyond 340 textual),docs/qa_evidence/storefront_design_engine/phase5/w4a_public_shell_convergence/browser_qa/dark_digital/w4a_browser_qa_result.json,file,ARCHIVE_CANDIDATE,docs/archive/qa_evidence/storefront_design_engine/phase5/w4a_public_shell_convergence/browser_qa/dark_digital/w4a_browser_qa_result.json,,TRUE,A
docs/qa_evidence/** (png/webp/js/html/json/css assets beyond 340 textual),docs/qa_evidence/storefront_design_engine/phase5/w4a_public_shell_convergence/browser_qa/warm_boutique/screenshots/desktop_cms.png,file,ARCHIVE_CANDIDATE,docs/archive/qa_evidence/storefront_design_engine/phase5/w4a_public_shell_convergence/browser_qa/warm_boutique/screenshots/desktop_cms.png,,TRUE,A
docs/qa_evidence/** (png/webp/js/html/json/css assets beyond 340 textual),docs/qa_evidence/storefront_design_engine/phase5/w4a_public_shell_convergence/browser_qa/warm_boutique/screenshots/desktop_wishlist_anon.png,file,ARCHIVE_CANDIDATE,docs/archive/qa_evidence/storefront_design_engine/phase5/w4a_public_shell_convergence/browser_qa/warm_boutique/screenshots/desktop_wishlist_anon.png,,TRUE,A
docs/qa_evidence/** (png/webp/js/html/json/css assets beyond 340 textual),docs/qa_evidence/storefront_design_engine/phase5/w4a_public_shell_convergence/browser_qa/warm_boutique/screenshots/desktop_wishlist_empty.png,file,ARCHIVE_CANDIDATE,docs/archive/qa_evidence/storefront_design_engine/phase5/w4a_public_shell_convergence/browser_qa/warm_boutique/screenshots/desktop_wishlist_empty.png,,TRUE,A
docs/qa_evidence/** (png/webp/js/html/json/css assets beyond 340 textual),docs/qa_evidence/storefront_design_engine/phase5/w4a_public_shell_convergence/browser_qa/warm_boutique/screenshots/desktop_wishlist_populated.png,file,ARCHIVE_CANDIDATE,docs/archive/qa_evidence/storefront_design_engine/phase5/w4a_public_shell_convergence/browser_qa/warm_boutique/screenshots/desktop_wishlist_populated.png,,TRUE,A
docs/qa_evidence/** (png/webp/js/html/json/css assets beyond 340 textual),docs/qa_evidence/storefront_design_engine/phase5/w4a_public_shell_convergence/browser_qa/warm_boutique/screenshots/mobile_cms.png,file,ARCHIVE_CANDIDATE,docs/archive/qa_evidence/storefront_design_engine/phase5/w4a_public_shell_convergence/browser_qa/warm_boutique/screenshots/mobile_cms.png,,TRUE,A
docs/qa_evidence/** (png/webp/js/html/json/css assets beyond 340 textual),docs/qa_evidence/storefront_design_engine/phase5/w4a_public_shell_convergence/browser_qa/warm_boutique/screenshots/mobile_wishlist_anon.png,file,ARCHIVE_CANDIDATE,docs/archive/qa_evidence/storefront_design_engine/phase5/w4a_public_shell_convergence/browser_qa/warm_boutique/screenshots/mobile_wishlist_anon.png,,TRUE,A
docs/qa_evidence/** (png/webp/js/html/json/css assets beyond 340 textual),docs/qa_evidence/storefront_design_engine/phase5/w4a_public_shell_convergence/browser_qa/warm_boutique/screenshots/mobile_wishlist_empty.png,file,ARCHIVE_CANDIDATE,docs/archive/qa_evidence/storefront_design_engine/phase5/w4a_public_shell_convergence/browser_qa/warm_boutique/screenshots/mobile_wishlist_empty.png,,TRUE,A
docs/qa_evidence/** (png/webp/js/html/json/css assets beyond 340 textual),docs/qa_evidence/storefront_design_engine/phase5/w4a_public_shell_convergence/browser_qa/warm_boutique/screenshots/mobile_wishlist_populated.png,file,ARCHIVE_CANDIDATE,docs/archive/qa_evidence/storefront_design_engine/phase5/w4a_public_shell_convergence/browser_qa/warm_boutique/screenshots/mobile_wishlist_populated.png,,TRUE,A
docs/qa_evidence/** (png/webp/js/html/json/css assets beyond 340 textual),docs/qa_evidence/storefront_design_engine/phase5/w4a_public_shell_convergence/browser_qa/warm_boutique/screenshots/tablet_cms.png,file,ARCHIVE_CANDIDATE,docs/archive/qa_evidence/storefront_design_engine/phase5/w4a_public_shell_convergence/browser_qa/warm_boutique/screenshots/tablet_cms.png,,TRUE,A
docs/qa_evidence/** (png/webp/js/html/json/css assets beyond 340 textual),docs/qa_evidence/storefront_design_engine/phase5/w4a_public_shell_convergence/browser_qa/warm_boutique/screenshots/tablet_wishlist_anon.png,file,ARCHIVE_CANDIDATE,docs/archive/qa_evidence/storefront_design_engine/phase5/w4a_public_shell_convergence/browser_qa/warm_boutique/screenshots/tablet_wishlist_anon.png,,TRUE,A
docs/qa_evidence/** (png/webp/js/html/json/css assets beyond 340 textual),docs/qa_evidence/storefront_design_engine/phase5/w4a_public_shell_convergence/browser_qa/warm_boutique/screenshots/tablet_wishlist_empty.png,file,ARCHIVE_CANDIDATE,docs/archive/qa_evidence/storefront_design_engine/phase5/w4a_public_shell_convergence/browser_qa/warm_boutique/screenshots/tablet_wishlist_empty.png,,TRUE,A
docs/qa_evidence/** (png/webp/js/html/json/css assets beyond 340 textual),docs/qa_evidence/storefront_design_engine/phase5/w4a_public_shell_convergence/browser_qa/warm_boutique/screenshots/tablet_wishlist_populated.png,file,ARCHIVE_CANDIDATE,docs/archive/qa_evidence/storefront_design_engine/phase5/w4a_public_shell_convergence/browser_qa/warm_boutique/screenshots/tablet_wishlist_populated.png,,TRUE,A
docs/qa_evidence/** (png/webp/js/html/json/css assets beyond 340 textual),docs/qa_evidence/storefront_design_engine/phase5/w4a_public_shell_convergence/browser_qa/warm_boutique/w4a_browser_qa_result.json,file,ARCHIVE_CANDIDATE,docs/archive/qa_evidence/storefront_design_engine/phase5/w4a_public_shell_convergence/browser_qa/warm_boutique/w4a_browser_qa_result.json,,TRUE,A
docs/qa_evidence/** (png/webp/js/html/json/css assets beyond 340 textual),docs/qa_evidence/storefront_design_engine/phase5/w4a_public_shell_convergence/public_surface_inventory.md,file,ARCHIVE_CANDIDATE,docs/archive/qa_evidence/storefront_design_engine/phase5/w4a_public_shell_convergence/public_surface_inventory.md,,TRUE,A
docs/qa_evidence/** (png/webp/js/html/json/css assets beyond 340 textual),docs/qa_evidence/storefront_design_engine/phase5/w4a_public_shell_convergence/w4a_implementation_report.md,file,ARCHIVE_CANDIDATE,docs/archive/qa_evidence/storefront_design_engine/phase5/w4a_public_shell_convergence/w4a_implementation_report.md,,TRUE,A
docs/qa_evidence/** (png/webp/js/html/json/css assets beyond 340 textual),docs/qa_evidence/storefront_design_engine/phase5/w4b_template_curation/implementation/00_certified_w4a_fingerprints.md,file,KEEP_HISTORICAL_REFERENCE,,RETAINED_KEEP,FALSE,
docs/qa_evidence/** (png/webp/js/html/json/css assets beyond 340 textual),docs/qa_evidence/storefront_design_engine/phase5/w4b_template_curation/implementation/00_certified_w4a_fingerprints_output.txt,file,ARCHIVE_CANDIDATE,docs/archive/qa_evidence/storefront_design_engine/phase5/w4b_template_curation/implementation/00_certified_w4a_fingerprints_output.txt,,TRUE,A
docs/qa_evidence/** (png/webp/js/html/json/css assets beyond 340 textual),docs/qa_evidence/storefront_design_engine/phase5/w4b_template_curation/implementation/01_red_w4b_contract_tests.txt,file,ARCHIVE_CANDIDATE,docs/archive/qa_evidence/storefront_design_engine/phase5/w4b_template_curation/implementation/01_red_w4b_contract_tests.txt,,TRUE,A
docs/qa_evidence/** (png/webp/js/html/json/css assets beyond 340 textual),docs/qa_evidence/storefront_design_engine/phase5/w4b_template_curation/implementation/02_green_w4b_contract_tests.txt,file,ARCHIVE_CANDIDATE,docs/archive/qa_evidence/storefront_design_engine/phase5/w4b_template_curation/implementation/02_green_w4b_contract_tests.txt,,TRUE,A
docs/qa_evidence/** (png/webp/js/html/json/css assets beyond 340 textual),docs/qa_evidence/storefront_design_engine/phase5/w4b_template_curation/implementation/03_focused_green_existing_a8_u10_preset_suites.txt,file,ARCHIVE_CANDIDATE,docs/archive/qa_evidence/storefront_design_engine/phase5/w4b_template_curation/implementation/03_focused_green_existing_a8_u10_preset_suites.txt,,TRUE,A
docs/qa_evidence/** (png/webp/js/html/json/css assets beyond 340 textual),docs/qa_evidence/storefront_design_engine/phase5/w4b_template_curation/implementation/04_additional_canonical_ready_template_suites.txt,file,ARCHIVE_CANDIDATE,docs/archive/qa_evidence/storefront_design_engine/phase5/w4b_template_curation/implementation/04_additional_canonical_ready_template_suites.txt,,TRUE,A
docs/qa_evidence/** (png/webp/js/html/json/css assets beyond 340 textual),docs/qa_evidence/storefront_design_engine/phase5/w4b_template_curation/implementation/05_full_storefront_builder_exact_head.txt,file,ARCHIVE_CANDIDATE,docs/archive/qa_evidence/storefront_design_engine/phase5/w4b_template_curation/implementation/05_full_storefront_builder_exact_head.txt,,TRUE,A
docs/qa_evidence/** (png/webp/js/html/json/css assets beyond 340 textual),docs/qa_evidence/storefront_design_engine/phase5/w4b_template_curation/implementation/06_bounded_browser_qa_summary.md,file,ARCHIVE_CANDIDATE,docs/archive/qa_evidence/storefront_design_engine/phase5/w4b_template_curation/implementation/06_bounded_browser_qa_summary.md,,TRUE,A
docs/qa_evidence/** (png/webp/js/html/json/css assets beyond 340 textual),docs/qa_evidence/storefront_design_engine/phase5/w4b_template_curation/implementation/07_django_check_migrations_gitdiff_gates.txt,file,ARCHIVE_CANDIDATE,docs/archive/qa_evidence/storefront_design_engine/phase5/w4b_template_curation/implementation/07_django_check_migrations_gitdiff_gates.txt,,TRUE,A
docs/qa_evidence/** (png/webp/js/html/json/css assets beyond 340 textual),docs/qa_evidence/storefront_design_engine/phase5/w4b_template_curation/implementation/08_architecture_duplication_audit.md,file,ARCHIVE_CANDIDATE,docs/archive/qa_evidence/storefront_design_engine/phase5/w4b_template_curation/implementation/08_architecture_duplication_audit.md,,TRUE,A
docs/qa_evidence/** (png/webp/js/html/json/css assets beyond 340 textual),docs/qa_evidence/storefront_design_engine/phase5/w4b_template_curation/implementation/09_full_suite_exact_head_base_comparison.md,file,ARCHIVE_CANDIDATE,docs/archive/qa_evidence/storefront_design_engine/phase5/w4b_template_curation/implementation/09_full_suite_exact_head_base_comparison.md,,TRUE,A
docs/qa_evidence/** (png/webp/js/html/json/css assets beyond 340 textual),docs/qa_evidence/storefront_design_engine/phase5/w4b_template_curation/implementation/10_implementation_report.md,file,ARCHIVE_CANDIDATE,docs/archive/qa_evidence/storefront_design_engine/phase5/w4b_template_curation/implementation/10_implementation_report.md,,TRUE,A
docs/qa_evidence/** (png/webp/js/html/json/css assets beyond 340 textual),docs/qa_evidence/storefront_design_engine/phase5/w4b_template_curation/implementation/11_final_clean_status_evidence.txt,file,ARCHIVE_CANDIDATE,docs/archive/qa_evidence/storefront_design_engine/phase5/w4b_template_curation/implementation/11_final_clean_status_evidence.txt,,TRUE,A
docs/qa_evidence/** (png/webp/js/html/json/css assets beyond 340 textual),docs/qa_evidence/storefront_design_engine/phase5/w4b_template_curation/implementation/12_independent_review_browser_repair_summary.md,file,ARCHIVE_CANDIDATE,docs/archive/qa_evidence/storefront_design_engine/phase5/w4b_template_curation/implementation/12_independent_review_browser_repair_summary.md,,TRUE,A
docs/qa_evidence/** (png/webp/js/html/json/css assets beyond 340 textual),docs/qa_evidence/storefront_design_engine/phase5/w4b_template_curation/implementation/13_final_clean_status_review_repair.txt,file,ARCHIVE_CANDIDATE,docs/archive/qa_evidence/storefront_design_engine/phase5/w4b_template_curation/implementation/13_final_clean_status_review_repair.txt,,TRUE,A
docs/qa_evidence/** (png/webp/js/html/json/css assets beyond 340 textual),docs/qa_evidence/storefront_design_engine/phase5/w4b_template_curation/implementation/browser_qa/almas_luxury_v2_canonical/v2.meta.json,file,ARCHIVE_CANDIDATE,docs/archive/qa_evidence/storefront_design_engine/phase5/w4b_template_curation/implementation/browser_qa/almas_luxury_v2_canonical/v2.meta.json,,TRUE,A
docs/qa_evidence/** (png/webp/js/html/json/css assets beyond 340 textual),docs/qa_evidence/storefront_design_engine/phase5/w4b_template_curation/implementation/browser_qa/almas_luxury_v2_canonical/v2.webp,file,ARCHIVE_CANDIDATE,docs/archive/qa_evidence/storefront_design_engine/phase5/w4b_template_curation/implementation/browser_qa/almas_luxury_v2_canonical/v2.webp,,TRUE,A
docs/qa_evidence/** (png/webp/js/html/json/css assets beyond 340 textual),docs/qa_evidence/storefront_design_engine/phase5/w4b_template_curation/implementation/browser_qa/almas_luxury_v2_fullqa/home_mobile.jpg,file,ARCHIVE_CANDIDATE,docs/archive/qa_evidence/storefront_design_engine/phase5/w4b_template_curation/implementation/browser_qa/almas_luxury_v2_fullqa/home_mobile.jpg,,TRUE,A
docs/qa_evidence/** (png/webp/js/html/json/css assets beyond 340 textual),docs/qa_evidence/storefront_design_engine/phase5/w4b_template_curation/implementation/browser_qa/almas_luxury_v2_fullqa/listing_desktop.jpg,file,ARCHIVE_CANDIDATE,docs/archive/qa_evidence/storefront_design_engine/phase5/w4b_template_curation/implementation/browser_qa/almas_luxury_v2_fullqa/listing_desktop.jpg,,TRUE,A
docs/qa_evidence/** (png/webp/js/html/json/css assets beyond 340 textual),docs/qa_evidence/storefront_design_engine/phase5/w4b_template_curation/implementation/browser_qa/almas_luxury_v2_fullqa/pdp_desktop.jpg,file,ARCHIVE_CANDIDATE,docs/archive/qa_evidence/storefront_design_engine/phase5/w4b_template_curation/implementation/browser_qa/almas_luxury_v2_fullqa/pdp_desktop.jpg,,TRUE,A
docs/qa_evidence/** (png/webp/js/html/json/css assets beyond 340 textual),docs/qa_evidence/storefront_design_engine/phase5/w4b_template_curation/implementation/browser_qa/artisan_grain_v2_canonical/v2.meta.json,file,ARCHIVE_CANDIDATE,docs/archive/qa_evidence/storefront_design_engine/phase5/w4b_template_curation/implementation/browser_qa/artisan_grain_v2_canonical/v2.meta.json,,TRUE,A
docs/qa_evidence/** (png/webp/js/html/json/css assets beyond 340 textual),docs/qa_evidence/storefront_design_engine/phase5/w4b_template_curation/implementation/browser_qa/artisan_grain_v2_canonical/v2.webp,file,ARCHIVE_CANDIDATE,docs/archive/qa_evidence/storefront_design_engine/phase5/w4b_template_curation/implementation/browser_qa/artisan_grain_v2_canonical/v2.webp,,TRUE,A
docs/qa_evidence/** (png/webp/js/html/json/css assets beyond 340 textual),docs/qa_evidence/storefront_design_engine/phase5/w4b_template_curation/implementation/browser_qa/artisan_grain_v2_fullqa/home_mobile.jpg,file,ARCHIVE_CANDIDATE,docs/archive/qa_evidence/storefront_design_engine/phase5/w4b_template_curation/implementation/browser_qa/artisan_grain_v2_fullqa/home_mobile.jpg,,TRUE,A
docs/qa_evidence/** (png/webp/js/html/json/css assets beyond 340 textual),docs/qa_evidence/storefront_design_engine/phase5/w4b_template_curation/implementation/browser_qa/artisan_grain_v2_fullqa/listing_desktop.jpg,file,ARCHIVE_CANDIDATE,docs/archive/qa_evidence/storefront_design_engine/phase5/w4b_template_curation/implementation/browser_qa/artisan_grain_v2_fullqa/listing_desktop.jpg,,TRUE,A
docs/qa_evidence/** (png/webp/js/html/json/css assets beyond 340 textual),docs/qa_evidence/storefront_design_engine/phase5/w4b_template_curation/implementation/browser_qa/artisan_grain_v2_fullqa/pdp_desktop.jpg,file,ARCHIVE_CANDIDATE,docs/archive/qa_evidence/storefront_design_engine/phase5/w4b_template_curation/implementation/browser_qa/artisan_grain_v2_fullqa/pdp_desktop.jpg,,TRUE,A
docs/qa_evidence/** (png/webp/js/html/json/css assets beyond 340 textual),docs/qa_evidence/storefront_design_engine/phase5/w4b_template_curation/implementation/browser_qa/beauty_dew_v2_canonical/v2.meta.json,file,ARCHIVE_CANDIDATE,docs/archive/qa_evidence/storefront_design_engine/phase5/w4b_template_curation/implementation/browser_qa/beauty_dew_v2_canonical/v2.meta.json,,TRUE,A
docs/qa_evidence/** (png/webp/js/html/json/css assets beyond 340 textual),docs/qa_evidence/storefront_design_engine/phase5/w4b_template_curation/implementation/browser_qa/beauty_dew_v2_canonical/v2.webp,file,ARCHIVE_CANDIDATE,docs/archive/qa_evidence/storefront_design_engine/phase5/w4b_template_curation/implementation/browser_qa/beauty_dew_v2_canonical/v2.webp,,TRUE,A
docs/qa_evidence/** (png/webp/js/html/json/css assets beyond 340 textual),docs/qa_evidence/storefront_design_engine/phase5/w4b_template_curation/implementation/browser_qa/beauty_dew_v2_fullqa/home_mobile.jpg,file,ARCHIVE_CANDIDATE,docs/archive/qa_evidence/storefront_design_engine/phase5/w4b_template_curation/implementation/browser_qa/beauty_dew_v2_fullqa/home_mobile.jpg,,TRUE,A
docs/qa_evidence/** (png/webp/js/html/json/css assets beyond 340 textual),docs/qa_evidence/storefront_design_engine/phase5/w4b_template_curation/implementation/browser_qa/beauty_dew_v2_fullqa/listing_desktop.jpg,file,ARCHIVE_CANDIDATE,docs/archive/qa_evidence/storefront_design_engine/phase5/w4b_template_curation/implementation/browser_qa/beauty_dew_v2_fullqa/listing_desktop.jpg,,TRUE,A
docs/qa_evidence/** (png/webp/js/html/json/css assets beyond 340 textual),docs/qa_evidence/storefront_design_engine/phase5/w4b_template_curation/implementation/browser_qa/beauty_dew_v2_fullqa/pdp_desktop.jpg,file,ARCHIVE_CANDIDATE,docs/archive/qa_evidence/storefront_design_engine/phase5/w4b_template_curation/implementation/browser_qa/beauty_dew_v2_fullqa/pdp_desktop.jpg,,TRUE,A
docs/qa_evidence/** (png/webp/js/html/json/css assets beyond 340 textual),docs/qa_evidence/storefront_design_engine/phase5/w4b_template_curation/implementation/browser_qa/cedar_home_v2_canonical/v2.meta.json,file,ARCHIVE_CANDIDATE,docs/archive/qa_evidence/storefront_design_engine/phase5/w4b_template_curation/implementation/browser_qa/cedar_home_v2_canonical/v2.meta.json,,TRUE,A
docs/qa_evidence/** (png/webp/js/html/json/css assets beyond 340 textual),docs/qa_evidence/storefront_design_engine/phase5/w4b_template_curation/implementation/browser_qa/cedar_home_v2_canonical/v2.webp,file,ARCHIVE_CANDIDATE,docs/archive/qa_evidence/storefront_design_engine/phase5/w4b_template_curation/implementation/browser_qa/cedar_home_v2_canonical/v2.webp,,TRUE,A
docs/qa_evidence/** (png/webp/js/html/json/css assets beyond 340 textual),docs/qa_evidence/storefront_design_engine/phase5/w4b_template_curation/implementation/browser_qa/cedar_home_v2_fullqa/home_mobile.jpg,file,ARCHIVE_CANDIDATE,docs/archive/qa_evidence/storefront_design_engine/phase5/w4b_template_curation/implementation/browser_qa/cedar_home_v2_fullqa/home_mobile.jpg,,TRUE,A
docs/qa_evidence/** (png/webp/js/html/json/css assets beyond 340 textual),docs/qa_evidence/storefront_design_engine/phase5/w4b_template_curation/implementation/browser_qa/cedar_home_v2_fullqa/listing_desktop.jpg,file,ARCHIVE_CANDIDATE,docs/archive/qa_evidence/storefront_design_engine/phase5/w4b_template_curation/implementation/browser_qa/cedar_home_v2_fullqa/listing_desktop.jpg,,TRUE,A
docs/qa_evidence/** (png/webp/js/html/json/css assets beyond 340 textual),docs/qa_evidence/storefront_design_engine/phase5/w4b_template_curation/implementation/browser_qa/cedar_home_v2_fullqa/pdp_desktop.jpg,file,ARCHIVE_CANDIDATE,docs/archive/qa_evidence/storefront_design_engine/phase5/w4b_template_curation/implementation/browser_qa/cedar_home_v2_fullqa/pdp_desktop.jpg,,TRUE,A
docs/qa_evidence/** (png/webp/js/html/json/css assets beyond 340 textual),docs/qa_evidence/storefront_design_engine/phase5/w4b_template_curation/implementation/browser_qa/city_classic_v2_canonical/v2.meta.json,file,ARCHIVE_CANDIDATE,docs/archive/qa_evidence/storefront_design_engine/phase5/w4b_template_curation/implementation/browser_qa/city_classic_v2_canonical/v2.meta.json,,TRUE,A
docs/qa_evidence/** (png/webp/js/html/json/css assets beyond 340 textual),docs/qa_evidence/storefront_design_engine/phase5/w4b_template_curation/implementation/browser_qa/city_classic_v2_canonical/v2.webp,file,ARCHIVE_CANDIDATE,docs/archive/qa_evidence/storefront_design_engine/phase5/w4b_template_curation/implementation/browser_qa/city_classic_v2_canonical/v2.webp,,TRUE,A
docs/qa_evidence/** (png/webp/js/html/json/css assets beyond 340 textual),docs/qa_evidence/storefront_design_engine/phase5/w4b_template_curation/implementation/browser_qa/city_classic_v2_fullqa/home_mobile.jpg,file,ARCHIVE_CANDIDATE,docs/archive/qa_evidence/storefront_design_engine/phase5/w4b_template_curation/implementation/browser_qa/city_classic_v2_fullqa/home_mobile.jpg,,TRUE,A
docs/qa_evidence/** (png/webp/js/html/json/css assets beyond 340 textual),docs/qa_evidence/storefront_design_engine/phase5/w4b_template_curation/implementation/browser_qa/city_classic_v2_fullqa/listing_desktop.jpg,file,ARCHIVE_CANDIDATE,docs/archive/qa_evidence/storefront_design_engine/phase5/w4b_template_curation/implementation/browser_qa/city_classic_v2_fullqa/listing_desktop.jpg,,TRUE,A
docs/qa_evidence/** (png/webp/js/html/json/css assets beyond 340 textual),docs/qa_evidence/storefront_design_engine/phase5/w4b_template_curation/implementation/browser_qa/city_classic_v2_fullqa/pdp_desktop.jpg,file,ARCHIVE_CANDIDATE,docs/archive/qa_evidence/storefront_design_engine/phase5/w4b_template_curation/implementation/browser_qa/city_classic_v2_fullqa/pdp_desktop.jpg,,TRUE,A
docs/qa_evidence/** (png/webp/js/html/json/css assets beyond 340 textual),docs/qa_evidence/storefront_design_engine/phase5/w4b_template_curation/implementation/browser_qa/coastal_product_v2_canonical/v2.meta.json,file,ARCHIVE_CANDIDATE,docs/archive/qa_evidence/storefront_design_engine/phase5/w4b_template_curation/implementation/browser_qa/coastal_product_v2_canonical/v2.meta.json,,TRUE,A
docs/qa_evidence/** (png/webp/js/html/json/css assets beyond 340 textual),docs/qa_evidence/storefront_design_engine/phase5/w4b_template_curation/implementation/browser_qa/coastal_product_v2_canonical/v2.webp,file,ARCHIVE_CANDIDATE,docs/archive/qa_evidence/storefront_design_engine/phase5/w4b_template_curation/implementation/browser_qa/coastal_product_v2_canonical/v2.webp,,TRUE,A
docs/qa_evidence/** (png/webp/js/html/json/css assets beyond 340 textual),docs/qa_evidence/storefront_design_engine/phase5/w4b_template_curation/implementation/browser_qa/coastal_product_v2_fullqa/home_mobile.jpg,file,ARCHIVE_CANDIDATE,docs/archive/qa_evidence/storefront_design_engine/phase5/w4b_template_curation/implementation/browser_qa/coastal_product_v2_fullqa/home_mobile.jpg,,TRUE,A
docs/qa_evidence/** (png/webp/js/html/json/css assets beyond 340 textual),docs/qa_evidence/storefront_design_engine/phase5/w4b_template_curation/implementation/browser_qa/coastal_product_v2_fullqa/listing_desktop.jpg,file,ARCHIVE_CANDIDATE,docs/archive/qa_evidence/storefront_design_engine/phase5/w4b_template_curation/implementation/browser_qa/coastal_product_v2_fullqa/listing_desktop.jpg,,TRUE,A
docs/qa_evidence/** (png/webp/js/html/json/css assets beyond 340 textual),docs/qa_evidence/storefront_design_engine/phase5/w4b_template_curation/implementation/browser_qa/coastal_product_v2_fullqa/pdp_desktop.jpg,file,ARCHIVE_CANDIDATE,docs/archive/qa_evidence/storefront_design_engine/phase5/w4b_template_curation/implementation/browser_qa/coastal_product_v2_fullqa/pdp_desktop.jpg,,TRUE,A
docs/qa_evidence/** (png/webp/js/html/json/css assets beyond 340 textual),docs/qa_evidence/storefront_design_engine/phase5/w4b_template_curation/implementation/browser_qa/green_workshop_v2_canonical/v2.meta.json,file,ARCHIVE_CANDIDATE,docs/archive/qa_evidence/storefront_design_engine/phase5/w4b_template_curation/implementation/browser_qa/green_workshop_v2_canonical/v2.meta.json,,TRUE,A
docs/qa_evidence/** (png/webp/js/html/json/css assets beyond 340 textual),docs/qa_evidence/storefront_design_engine/phase5/w4b_template_curation/implementation/browser_qa/green_workshop_v2_canonical/v2.webp,file,ARCHIVE_CANDIDATE,docs/archive/qa_evidence/storefront_design_engine/phase5/w4b_template_curation/implementation/browser_qa/green_workshop_v2_canonical/v2.webp,,TRUE,A
docs/qa_evidence/** (png/webp/js/html/json/css assets beyond 340 textual),docs/qa_evidence/storefront_design_engine/phase5/w4b_template_curation/implementation/browser_qa/green_workshop_v2_fullqa/home_mobile.jpg,file,ARCHIVE_CANDIDATE,docs/archive/qa_evidence/storefront_design_engine/phase5/w4b_template_curation/implementation/browser_qa/green_workshop_v2_fullqa/home_mobile.jpg,,TRUE,A
docs/qa_evidence/** (png/webp/js/html/json/css assets beyond 340 textual),docs/qa_evidence/storefront_design_engine/phase5/w4b_template_curation/implementation/browser_qa/green_workshop_v2_fullqa/listing_desktop.jpg,file,ARCHIVE_CANDIDATE,docs/archive/qa_evidence/storefront_design_engine/phase5/w4b_template_curation/implementation/browser_qa/green_workshop_v2_fullqa/listing_desktop.jpg,,TRUE,A
docs/qa_evidence/** (png/webp/js/html/json/css assets beyond 340 textual),docs/qa_evidence/storefront_design_engine/phase5/w4b_template_curation/implementation/browser_qa/green_workshop_v2_fullqa/pdp_desktop.jpg,file,ARCHIVE_CANDIDATE,docs/archive/qa_evidence/storefront_design_engine/phase5/w4b_template_curation/implementation/browser_qa/green_workshop_v2_fullqa/pdp_desktop.jpg,,TRUE,A
docs/qa_evidence/** (png/webp/js/html/json/css assets beyond 340 textual),docs/qa_evidence/storefront_design_engine/phase5/w4b_template_curation/implementation/browser_qa/handmade_luxe_v2_canonical/v2.meta.json,file,ARCHIVE_CANDIDATE,docs/archive/qa_evidence/storefront_design_engine/phase5/w4b_template_curation/implementation/browser_qa/handmade_luxe_v2_canonical/v2.meta.json,,TRUE,A
docs/qa_evidence/** (png/webp/js/html/json/css assets beyond 340 textual),docs/qa_evidence/storefront_design_engine/phase5/w4b_template_curation/implementation/browser_qa/handmade_luxe_v2_canonical/v2.webp,file,ARCHIVE_CANDIDATE,docs/archive/qa_evidence/storefront_design_engine/phase5/w4b_template_curation/implementation/browser_qa/handmade_luxe_v2_canonical/v2.webp,,TRUE,A
docs/qa_evidence/** (png/webp/js/html/json/css assets beyond 340 textual),docs/qa_evidence/storefront_design_engine/phase5/w4b_template_curation/implementation/browser_qa/handmade_luxe_v2_fullqa/home_mobile.jpg,file,ARCHIVE_CANDIDATE,docs/archive/qa_evidence/storefront_design_engine/phase5/w4b_template_curation/implementation/browser_qa/handmade_luxe_v2_fullqa/home_mobile.jpg,,TRUE,A
docs/qa_evidence/** (png/webp/js/html/json/css assets beyond 340 textual),docs/qa_evidence/storefront_design_engine/phase5/w4b_template_curation/implementation/browser_qa/handmade_luxe_v2_fullqa/listing_desktop.jpg,file,ARCHIVE_CANDIDATE,docs/archive/qa_evidence/storefront_design_engine/phase5/w4b_template_curation/implementation/browser_qa/handmade_luxe_v2_fullqa/listing_desktop.jpg,,TRUE,A
docs/qa_evidence/** (png/webp/js/html/json/css assets beyond 340 textual),docs/qa_evidence/storefront_design_engine/phase5/w4b_template_curation/implementation/browser_qa/handmade_luxe_v2_fullqa/pdp_desktop.jpg,file,ARCHIVE_CANDIDATE,docs/archive/qa_evidence/storefront_design_engine/phase5/w4b_template_curation/implementation/browser_qa/handmade_luxe_v2_fullqa/pdp_desktop.jpg,,TRUE,A
docs/qa_evidence/** (png/webp/js/html/json/css assets beyond 340 textual),docs/qa_evidence/storefront_design_engine/phase5/w4b_template_curation/implementation/browser_qa/harbor_imports_v2_canonical/v2.meta.json,file,ARCHIVE_CANDIDATE,docs/archive/qa_evidence/storefront_design_engine/phase5/w4b_template_curation/implementation/browser_qa/harbor_imports_v2_canonical/v2.meta.json,,TRUE,A
docs/qa_evidence/** (png/webp/js/html/json/css assets beyond 340 textual),docs/qa_evidence/storefront_design_engine/phase5/w4b_template_curation/implementation/browser_qa/harbor_imports_v2_canonical/v2.webp,file,ARCHIVE_CANDIDATE,docs/archive/qa_evidence/storefront_design_engine/phase5/w4b_template_curation/implementation/browser_qa/harbor_imports_v2_canonical/v2.webp,,TRUE,A
docs/qa_evidence/** (png/webp/js/html/json/css assets beyond 340 textual),docs/qa_evidence/storefront_design_engine/phase5/w4b_template_curation/implementation/browser_qa/harbor_imports_v2_fullqa/home_mobile.jpg,file,ARCHIVE_CANDIDATE,docs/archive/qa_evidence/storefront_design_engine/phase5/w4b_template_curation/implementation/browser_qa/harbor_imports_v2_fullqa/home_mobile.jpg,,TRUE,A
docs/qa_evidence/** (png/webp/js/html/json/css assets beyond 340 textual),docs/qa_evidence/storefront_design_engine/phase5/w4b_template_curation/implementation/browser_qa/harbor_imports_v2_fullqa/listing_desktop.jpg,file,ARCHIVE_CANDIDATE,docs/archive/qa_evidence/storefront_design_engine/phase5/w4b_template_curation/implementation/browser_qa/harbor_imports_v2_fullqa/listing_desktop.jpg,,TRUE,A
docs/qa_evidence/** (png/webp/js/html/json/css assets beyond 340 textual),docs/qa_evidence/storefront_design_engine/phase5/w4b_template_curation/implementation/browser_qa/harbor_imports_v2_fullqa/pdp_desktop.jpg,file,ARCHIVE_CANDIDATE,docs/archive/qa_evidence/storefront_design_engine/phase5/w4b_template_curation/implementation/browser_qa/harbor_imports_v2_fullqa/pdp_desktop.jpg,,TRUE,A
docs/qa_evidence/** (png/webp/js/html/json/css assets beyond 340 textual),docs/qa_evidence/storefront_design_engine/phase5/w4b_template_curation/implementation/browser_qa/horizon_story_v2_canonical/v2.meta.json,file,ARCHIVE_CANDIDATE,docs/archive/qa_evidence/storefront_design_engine/phase5/w4b_template_curation/implementation/browser_qa/horizon_story_v2_canonical/v2.meta.json,,TRUE,A
docs/qa_evidence/** (png/webp/js/html/json/css assets beyond 340 textual),docs/qa_evidence/storefront_design_engine/phase5/w4b_template_curation/implementation/browser_qa/horizon_story_v2_canonical/v2.webp,file,ARCHIVE_CANDIDATE,docs/archive/qa_evidence/storefront_design_engine/phase5/w4b_template_curation/implementation/browser_qa/horizon_story_v2_canonical/v2.webp,,TRUE,A
docs/qa_evidence/** (png/webp/js/html/json/css assets beyond 340 textual),docs/qa_evidence/storefront_design_engine/phase5/w4b_template_curation/implementation/browser_qa/horizon_story_v2_fullqa/home_mobile.jpg,file,ARCHIVE_CANDIDATE,docs/archive/qa_evidence/storefront_design_engine/phase5/w4b_template_curation/implementation/browser_qa/horizon_story_v2_fullqa/home_mobile.jpg,,TRUE,A
docs/qa_evidence/** (png/webp/js/html/json/css assets beyond 340 textual),docs/qa_evidence/storefront_design_engine/phase5/w4b_template_curation/implementation/browser_qa/horizon_story_v2_fullqa/listing_desktop.jpg,file,ARCHIVE_CANDIDATE,docs/archive/qa_evidence/storefront_design_engine/phase5/w4b_template_curation/implementation/browser_qa/horizon_story_v2_fullqa/listing_desktop.jpg,,TRUE,A
docs/qa_evidence/** (png/webp/js/html/json/css assets beyond 340 textual),docs/qa_evidence/storefront_design_engine/phase5/w4b_template_curation/implementation/browser_qa/horizon_story_v2_fullqa/pdp_desktop.jpg,file,ARCHIVE_CANDIDATE,docs/archive/qa_evidence/storefront_design_engine/phase5/w4b_template_curation/implementation/browser_qa/horizon_story_v2_fullqa/pdp_desktop.jpg,,TRUE,A
docs/qa_evidence/** (png/webp/js/html/json/css assets beyond 340 textual),docs/qa_evidence/storefront_design_engine/phase5/w4b_template_curation/implementation/browser_qa/kamand_artisan_v2_canonical/v2.meta.json,file,ARCHIVE_CANDIDATE,docs/archive/qa_evidence/storefront_design_engine/phase5/w4b_template_curation/implementation/browser_qa/kamand_artisan_v2_canonical/v2.meta.json,,TRUE,A
docs/qa_evidence/** (png/webp/js/html/json/css assets beyond 340 textual),docs/qa_evidence/storefront_design_engine/phase5/w4b_template_curation/implementation/browser_qa/kamand_artisan_v2_canonical/v2.webp,file,ARCHIVE_CANDIDATE,docs/archive/qa_evidence/storefront_design_engine/phase5/w4b_template_curation/implementation/browser_qa/kamand_artisan_v2_canonical/v2.webp,,TRUE,A
docs/qa_evidence/** (png/webp/js/html/json/css assets beyond 340 textual),docs/qa_evidence/storefront_design_engine/phase5/w4b_template_curation/implementation/browser_qa/kamand_artisan_v2_fullqa/home_mobile.jpg,file,ARCHIVE_CANDIDATE,docs/archive/qa_evidence/storefront_design_engine/phase5/w4b_template_curation/implementation/browser_qa/kamand_artisan_v2_fullqa/home_mobile.jpg,,TRUE,A
docs/qa_evidence/** (png/webp/js/html/json/css assets beyond 340 textual),docs/qa_evidence/storefront_design_engine/phase5/w4b_template_curation/implementation/browser_qa/kamand_artisan_v2_fullqa/listing_desktop.jpg,file,ARCHIVE_CANDIDATE,docs/archive/qa_evidence/storefront_design_engine/phase5/w4b_template_curation/implementation/browser_qa/kamand_artisan_v2_fullqa/listing_desktop.jpg,,TRUE,A
docs/qa_evidence/** (png/webp/js/html/json/css assets beyond 340 textual),docs/qa_evidence/storefront_design_engine/phase5/w4b_template_curation/implementation/browser_qa/kamand_artisan_v2_fullqa/pdp_desktop.jpg,file,ARCHIVE_CANDIDATE,docs/archive/qa_evidence/storefront_design_engine/phase5/w4b_template_curation/implementation/browser_qa/kamand_artisan_v2_fullqa/pdp_desktop.jpg,,TRUE,A
docs/qa_evidence/** (png/webp/js/html/json/css assets beyond 340 textual),docs/qa_evidence/storefront_design_engine/phase5/w4b_template_curation/implementation/browser_qa/laleh_play_v2_canonical/v2.meta.json,file,ARCHIVE_CANDIDATE,docs/archive/qa_evidence/storefront_design_engine/phase5/w4b_template_curation/implementation/browser_qa/laleh_play_v2_canonical/v2.meta.json,,TRUE,A
docs/qa_evidence/** (png/webp/js/html/json/css assets beyond 340 textual),docs/qa_evidence/storefront_design_engine/phase5/w4b_template_curation/implementation/browser_qa/laleh_play_v2_canonical/v2.webp,file,ARCHIVE_CANDIDATE,docs/archive/qa_evidence/storefront_design_engine/phase5/w4b_template_curation/implementation/browser_qa/laleh_play_v2_canonical/v2.webp,,TRUE,A
docs/qa_evidence/** (png/webp/js/html/json/css assets beyond 340 textual),docs/qa_evidence/storefront_design_engine/phase5/w4b_template_curation/implementation/browser_qa/laleh_play_v2_fullqa/home_mobile.jpg,file,ARCHIVE_CANDIDATE,docs/archive/qa_evidence/storefront_design_engine/phase5/w4b_template_curation/implementation/browser_qa/laleh_play_v2_fullqa/home_mobile.jpg,,TRUE,A
docs/qa_evidence/** (png/webp/js/html/json/css assets beyond 340 textual),docs/qa_evidence/storefront_design_engine/phase5/w4b_template_curation/implementation/browser_qa/laleh_play_v2_fullqa/listing_desktop.jpg,file,ARCHIVE_CANDIDATE,docs/archive/qa_evidence/storefront_design_engine/phase5/w4b_template_curation/implementation/browser_qa/laleh_play_v2_fullqa/listing_desktop.jpg,,TRUE,A
docs/qa_evidence/** (png/webp/js/html/json/css assets beyond 340 textual),docs/qa_evidence/storefront_design_engine/phase5/w4b_template_curation/implementation/browser_qa/laleh_play_v2_fullqa/pdp_desktop.jpg,file,ARCHIVE_CANDIDATE,docs/archive/qa_evidence/storefront_design_engine/phase5/w4b_template_curation/implementation/browser_qa/laleh_play_v2_fullqa/pdp_desktop.jpg,,TRUE,A
docs/qa_evidence/** (png/webp/js/html/json/css assets beyond 340 textual),docs/qa_evidence/storefront_design_engine/phase5/w4b_template_curation/implementation/browser_qa/mirror_beauty_v2_canonical/v2.meta.json,file,ARCHIVE_CANDIDATE,docs/archive/qa_evidence/storefront_design_engine/phase5/w4b_template_curation/implementation/browser_qa/mirror_beauty_v2_canonical/v2.meta.json,,TRUE,A
docs/qa_evidence/** (png/webp/js/html/json/css assets beyond 340 textual),docs/qa_evidence/storefront_design_engine/phase5/w4b_template_curation/implementation/browser_qa/mirror_beauty_v2_canonical/v2.webp,file,ARCHIVE_CANDIDATE,docs/archive/qa_evidence/storefront_design_engine/phase5/w4b_template_curation/implementation/browser_qa/mirror_beauty_v2_canonical/v2.webp,,TRUE,A
docs/qa_evidence/** (png/webp/js/html/json/css assets beyond 340 textual),docs/qa_evidence/storefront_design_engine/phase5/w4b_template_curation/implementation/browser_qa/mirror_beauty_v2_fullqa/home_mobile.jpg,file,ARCHIVE_CANDIDATE,docs/archive/qa_evidence/storefront_design_engine/phase5/w4b_template_curation/implementation/browser_qa/mirror_beauty_v2_fullqa/home_mobile.jpg,,TRUE,A
docs/qa_evidence/** (png/webp/js/html/json/css assets beyond 340 textual),docs/qa_evidence/storefront_design_engine/phase5/w4b_template_curation/implementation/browser_qa/mirror_beauty_v2_fullqa/listing_desktop.jpg,file,ARCHIVE_CANDIDATE,docs/archive/qa_evidence/storefront_design_engine/phase5/w4b_template_curation/implementation/browser_qa/mirror_beauty_v2_fullqa/listing_desktop.jpg,,TRUE,A
docs/qa_evidence/** (png/webp/js/html/json/css assets beyond 340 textual),docs/qa_evidence/storefront_design_engine/phase5/w4b_template_curation/implementation/browser_qa/mirror_beauty_v2_fullqa/pdp_desktop.jpg,file,ARCHIVE_CANDIDATE,docs/archive/qa_evidence/storefront_design_engine/phase5/w4b_template_curation/implementation/browser_qa/mirror_beauty_v2_fullqa/pdp_desktop.jpg,,TRUE,A
docs/qa_evidence/** (png/webp/js/html/json/css assets beyond 340 textual),docs/qa_evidence/storefront_design_engine/phase5/w4b_template_curation/implementation/browser_qa/niloufar_glass_v2_canonical/v2.meta.json,file,ARCHIVE_CANDIDATE,docs/archive/qa_evidence/storefront_design_engine/phase5/w4b_template_curation/implementation/browser_qa/niloufar_glass_v2_canonical/v2.meta.json,,TRUE,A
docs/qa_evidence/** (png/webp/js/html/json/css assets beyond 340 textual),docs/qa_evidence/storefront_design_engine/phase5/w4b_template_curation/implementation/browser_qa/niloufar_glass_v2_canonical/v2.webp,file,ARCHIVE_CANDIDATE,docs/archive/qa_evidence/storefront_design_engine/phase5/w4b_template_curation/implementation/browser_qa/niloufar_glass_v2_canonical/v2.webp,,TRUE,A
docs/qa_evidence/** (png/webp/js/html/json/css assets beyond 340 textual),docs/qa_evidence/storefront_design_engine/phase5/w4b_template_curation/implementation/browser_qa/niloufar_glass_v2_fullqa/home_mobile.jpg,file,ARCHIVE_CANDIDATE,docs/archive/qa_evidence/storefront_design_engine/phase5/w4b_template_curation/implementation/browser_qa/niloufar_glass_v2_fullqa/home_mobile.jpg,,TRUE,A
docs/qa_evidence/** (png/webp/js/html/json/css assets beyond 340 textual),docs/qa_evidence/storefront_design_engine/phase5/w4b_template_curation/implementation/browser_qa/niloufar_glass_v2_fullqa/listing_desktop.jpg,file,ARCHIVE_CANDIDATE,docs/archive/qa_evidence/storefront_design_engine/phase5/w4b_template_curation/implementation/browser_qa/niloufar_glass_v2_fullqa/listing_desktop.jpg,,TRUE,A
docs/qa_evidence/** (png/webp/js/html/json/css assets beyond 340 textual),docs/qa_evidence/storefront_design_engine/phase5/w4b_template_curation/implementation/browser_qa/niloufar_glass_v2_fullqa/pdp_desktop.jpg,file,ARCHIVE_CANDIDATE,docs/archive/qa_evidence/storefront_design_engine/phase5/w4b_template_curation/implementation/browser_qa/niloufar_glass_v2_fullqa/pdp_desktop.jpg,,TRUE,A
docs/qa_evidence/** (png/webp/js/html/json/css assets beyond 340 textual),docs/qa_evidence/storefront_design_engine/phase5/w4b_template_curation/implementation/browser_qa/parnian_editorial_v2_canonical/v2.meta.json,file,ARCHIVE_CANDIDATE,docs/archive/qa_evidence/storefront_design_engine/phase5/w4b_template_curation/implementation/browser_qa/parnian_editorial_v2_canonical/v2.meta.json,,TRUE,A
docs/qa_evidence/** (png/webp/js/html/json/css assets beyond 340 textual),docs/qa_evidence/storefront_design_engine/phase5/w4b_template_curation/implementation/browser_qa/parnian_editorial_v2_canonical/v2.webp,file,ARCHIVE_CANDIDATE,docs/archive/qa_evidence/storefront_design_engine/phase5/w4b_template_curation/implementation/browser_qa/parnian_editorial_v2_canonical/v2.webp,,TRUE,A
docs/qa_evidence/** (png/webp/js/html/json/css assets beyond 340 textual),docs/qa_evidence/storefront_design_engine/phase5/w4b_template_curation/implementation/browser_qa/parnian_editorial_v2_fullqa/home_mobile.jpg,file,ARCHIVE_CANDIDATE,docs/archive/qa_evidence/storefront_design_engine/phase5/w4b_template_curation/implementation/browser_qa/parnian_editorial_v2_fullqa/home_mobile.jpg,,TRUE,A
docs/qa_evidence/** (png/webp/js/html/json/css assets beyond 340 textual),docs/qa_evidence/storefront_design_engine/phase5/w4b_template_curation/implementation/browser_qa/parnian_editorial_v2_fullqa/listing_desktop.jpg,file,ARCHIVE_CANDIDATE,docs/archive/qa_evidence/storefront_design_engine/phase5/w4b_template_curation/implementation/browser_qa/parnian_editorial_v2_fullqa/listing_desktop.jpg,,TRUE,A
docs/qa_evidence/** (png/webp/js/html/json/css assets beyond 340 textual),docs/qa_evidence/storefront_design_engine/phase5/w4b_template_curation/implementation/browser_qa/parnian_editorial_v2_fullqa/pdp_desktop.jpg,file,ARCHIVE_CANDIDATE,docs/archive/qa_evidence/storefront_design_engine/phase5/w4b_template_curation/implementation/browser_qa/parnian_editorial_v2_fullqa/pdp_desktop.jpg,,TRUE,A
docs/qa_evidence/** (png/webp/js/html/json/css assets beyond 340 textual),docs/qa_evidence/storefront_design_engine/phase5/w4b_template_curation/implementation/browser_qa/pine_eco_v2_canonical/v2.meta.json,file,ARCHIVE_CANDIDATE,docs/archive/qa_evidence/storefront_design_engine/phase5/w4b_template_curation/implementation/browser_qa/pine_eco_v2_canonical/v2.meta.json,,TRUE,A
docs/qa_evidence/** (png/webp/js/html/json/css assets beyond 340 textual),docs/qa_evidence/storefront_design_engine/phase5/w4b_template_curation/implementation/browser_qa/pine_eco_v2_canonical/v2.webp,file,ARCHIVE_CANDIDATE,docs/archive/qa_evidence/storefront_design_engine/phase5/w4b_template_curation/implementation/browser_qa/pine_eco_v2_canonical/v2.webp,,TRUE,A
docs/qa_evidence/** (png/webp/js/html/json/css assets beyond 340 textual),docs/qa_evidence/storefront_design_engine/phase5/w4b_template_curation/implementation/browser_qa/pine_eco_v2_fullqa/home_mobile.jpg,file,ARCHIVE_CANDIDATE,docs/archive/qa_evidence/storefront_design_engine/phase5/w4b_template_curation/implementation/browser_qa/pine_eco_v2_fullqa/home_mobile.jpg,,TRUE,A
docs/qa_evidence/** (png/webp/js/html/json/css assets beyond 340 textual),docs/qa_evidence/storefront_design_engine/phase5/w4b_template_curation/implementation/browser_qa/pine_eco_v2_fullqa/listing_desktop.jpg,file,ARCHIVE_CANDIDATE,docs/archive/qa_evidence/storefront_design_engine/phase5/w4b_template_curation/implementation/browser_qa/pine_eco_v2_fullqa/listing_desktop.jpg,,TRUE,A
docs/qa_evidence/** (png/webp/js/html/json/css assets beyond 340 textual),docs/qa_evidence/storefront_design_engine/phase5/w4b_template_curation/implementation/browser_qa/pine_eco_v2_fullqa/pdp_desktop.jpg,file,ARCHIVE_CANDIDATE,docs/archive/qa_evidence/storefront_design_engine/phase5/w4b_template_curation/implementation/browser_qa/pine_eco_v2_fullqa/pdp_desktop.jpg,,TRUE,A
docs/qa_evidence/** (png/webp/js/html/json/css assets beyond 340 textual),docs/qa_evidence/storefront_design_engine/phase5/w4b_template_curation/implementation/browser_qa/premium_leather_noir_v2_canonical/v2.meta.json,file,ARCHIVE_CANDIDATE,docs/archive/qa_evidence/storefront_design_engine/phase5/w4b_template_curation/implementation/browser_qa/premium_leather_noir_v2_canonical/v2.meta.json,,TRUE,A
docs/qa_evidence/** (png/webp/js/html/json/css assets beyond 340 textual),docs/qa_evidence/storefront_design_engine/phase5/w4b_template_curation/implementation/browser_qa/premium_leather_noir_v2_canonical/v2.webp,file,ARCHIVE_CANDIDATE,docs/archive/qa_evidence/storefront_design_engine/phase5/w4b_template_curation/implementation/browser_qa/premium_leather_noir_v2_canonical/v2.webp,,TRUE,A
docs/qa_evidence/** (png/webp/js/html/json/css assets beyond 340 textual),docs/qa_evidence/storefront_design_engine/phase5/w4b_template_curation/implementation/browser_qa/premium_leather_noir_v2_fullqa/home_mobile.jpg,file,ARCHIVE_CANDIDATE,docs/archive/qa_evidence/storefront_design_engine/phase5/w4b_template_curation/implementation/browser_qa/premium_leather_noir_v2_fullqa/home_mobile.jpg,,TRUE,A
docs/qa_evidence/** (png/webp/js/html/json/css assets beyond 340 textual),docs/qa_evidence/storefront_design_engine/phase5/w4b_template_curation/implementation/browser_qa/premium_leather_noir_v2_fullqa/listing_desktop.jpg,file,ARCHIVE_CANDIDATE,docs/archive/qa_evidence/storefront_design_engine/phase5/w4b_template_curation/implementation/browser_qa/premium_leather_noir_v2_fullqa/listing_desktop.jpg,,TRUE,A
docs/qa_evidence/** (png/webp/js/html/json/css assets beyond 340 textual),docs/qa_evidence/storefront_design_engine/phase5/w4b_template_curation/implementation/browser_qa/premium_leather_noir_v2_fullqa/pdp_desktop.jpg,file,ARCHIVE_CANDIDATE,docs/archive/qa_evidence/storefront_design_engine/phase5/w4b_template_curation/implementation/browser_qa/premium_leather_noir_v2_fullqa/pdp_desktop.jpg,,TRUE,A
docs/qa_evidence/** (png/webp/js/html/json/css assets beyond 340 textual),docs/qa_evidence/storefront_design_engine/phase5/w4b_template_curation/implementation/browser_qa/rayan_tech_v2_canonical/v2.meta.json,file,ARCHIVE_CANDIDATE,docs/archive/qa_evidence/storefront_design_engine/phase5/w4b_template_curation/implementation/browser_qa/rayan_tech_v2_canonical/v2.meta.json,,TRUE,A
docs/qa_evidence/** (png/webp/js/html/json/css assets beyond 340 textual),docs/qa_evidence/storefront_design_engine/phase5/w4b_template_curation/implementation/browser_qa/rayan_tech_v2_canonical/v2.webp,file,ARCHIVE_CANDIDATE,docs/archive/qa_evidence/storefront_design_engine/phase5/w4b_template_curation/implementation/browser_qa/rayan_tech_v2_canonical/v2.webp,,TRUE,A
docs/qa_evidence/** (png/webp/js/html/json/css assets beyond 340 textual),docs/qa_evidence/storefront_design_engine/phase5/w4b_template_curation/implementation/browser_qa/rayan_tech_v2_fullqa/home_mobile.jpg,file,ARCHIVE_CANDIDATE,docs/archive/qa_evidence/storefront_design_engine/phase5/w4b_template_curation/implementation/browser_qa/rayan_tech_v2_fullqa/home_mobile.jpg,,TRUE,A
docs/qa_evidence/** (png/webp/js/html/json/css assets beyond 340 textual),docs/qa_evidence/storefront_design_engine/phase5/w4b_template_curation/implementation/browser_qa/rayan_tech_v2_fullqa/listing_desktop.jpg,file,ARCHIVE_CANDIDATE,docs/archive/qa_evidence/storefront_design_engine/phase5/w4b_template_curation/implementation/browser_qa/rayan_tech_v2_fullqa/listing_desktop.jpg,,TRUE,A
docs/qa_evidence/** (png/webp/js/html/json/css assets beyond 340 textual),docs/qa_evidence/storefront_design_engine/phase5/w4b_template_curation/implementation/browser_qa/rayan_tech_v2_fullqa/pdp_desktop.jpg,file,ARCHIVE_CANDIDATE,docs/archive/qa_evidence/storefront_design_engine/phase5/w4b_template_curation/implementation/browser_qa/rayan_tech_v2_fullqa/pdp_desktop.jpg,,TRUE,A
docs/qa_evidence/** (png/webp/js/html/json/css assets beyond 340 textual),docs/qa_evidence/storefront_design_engine/phase5/w4b_template_curation/implementation/browser_qa/silk_editorial_v2_canonical/v2.meta.json,file,ARCHIVE_CANDIDATE,docs/archive/qa_evidence/storefront_design_engine/phase5/w4b_template_curation/implementation/browser_qa/silk_editorial_v2_canonical/v2.meta.json,,TRUE,A
docs/qa_evidence/** (png/webp/js/html/json/css assets beyond 340 textual),docs/qa_evidence/storefront_design_engine/phase5/w4b_template_curation/implementation/browser_qa/silk_editorial_v2_canonical/v2.webp,file,ARCHIVE_CANDIDATE,docs/archive/qa_evidence/storefront_design_engine/phase5/w4b_template_curation/implementation/browser_qa/silk_editorial_v2_canonical/v2.webp,,TRUE,A
docs/qa_evidence/** (png/webp/js/html/json/css assets beyond 340 textual),docs/qa_evidence/storefront_design_engine/phase5/w4b_template_curation/implementation/browser_qa/silk_editorial_v2_fullqa/home_mobile.jpg,file,ARCHIVE_CANDIDATE,docs/archive/qa_evidence/storefront_design_engine/phase5/w4b_template_curation/implementation/browser_qa/silk_editorial_v2_fullqa/home_mobile.jpg,,TRUE,A
docs/qa_evidence/** (png/webp/js/html/json/css assets beyond 340 textual),docs/qa_evidence/storefront_design_engine/phase5/w4b_template_curation/implementation/browser_qa/silk_editorial_v2_fullqa/listing_desktop.jpg,file,ARCHIVE_CANDIDATE,docs/archive/qa_evidence/storefront_design_engine/phase5/w4b_template_curation/implementation/browser_qa/silk_editorial_v2_fullqa/listing_desktop.jpg,,TRUE,A
docs/qa_evidence/** (png/webp/js/html/json/css assets beyond 340 textual),docs/qa_evidence/storefront_design_engine/phase5/w4b_template_curation/implementation/browser_qa/silk_editorial_v2_fullqa/pdp_desktop.jpg,file,ARCHIVE_CANDIDATE,docs/archive/qa_evidence/storefront_design_engine/phase5/w4b_template_curation/implementation/browser_qa/silk_editorial_v2_fullqa/pdp_desktop.jpg,,TRUE,A
docs/qa_evidence/** (png/webp/js/html/json/css assets beyond 340 textual),docs/qa_evidence/storefront_design_engine/phase5/w4b_template_curation/implementation/browser_qa/simorgh_market_v2_canonical/v2.meta.json,file,ARCHIVE_CANDIDATE,docs/archive/qa_evidence/storefront_design_engine/phase5/w4b_template_curation/implementation/browser_qa/simorgh_market_v2_canonical/v2.meta.json,,TRUE,A
docs/qa_evidence/** (png/webp/js/html/json/css assets beyond 340 textual),docs/qa_evidence/storefront_design_engine/phase5/w4b_template_curation/implementation/browser_qa/simorgh_market_v2_canonical/v2.webp,file,ARCHIVE_CANDIDATE,docs/archive/qa_evidence/storefront_design_engine/phase5/w4b_template_curation/implementation/browser_qa/simorgh_market_v2_canonical/v2.webp,,TRUE,A
docs/qa_evidence/** (png/webp/js/html/json/css assets beyond 340 textual),docs/qa_evidence/storefront_design_engine/phase5/w4b_template_curation/implementation/browser_qa/simorgh_market_v2_fullqa/home_mobile.jpg,file,ARCHIVE_CANDIDATE,docs/archive/qa_evidence/storefront_design_engine/phase5/w4b_template_curation/implementation/browser_qa/simorgh_market_v2_fullqa/home_mobile.jpg,,TRUE,A
docs/qa_evidence/** (png/webp/js/html/json/css assets beyond 340 textual),docs/qa_evidence/storefront_design_engine/phase5/w4b_template_curation/implementation/browser_qa/simorgh_market_v2_fullqa/listing_desktop.jpg,file,ARCHIVE_CANDIDATE,docs/archive/qa_evidence/storefront_design_engine/phase5/w4b_template_curation/implementation/browser_qa/simorgh_market_v2_fullqa/listing_desktop.jpg,,TRUE,A
docs/qa_evidence/** (png/webp/js/html/json/css assets beyond 340 textual),docs/qa_evidence/storefront_design_engine/phase5/w4b_template_curation/implementation/browser_qa/simorgh_market_v2_fullqa/pdp_desktop.jpg,file,ARCHIVE_CANDIDATE,docs/archive/qa_evidence/storefront_design_engine/phase5/w4b_template_curation/implementation/browser_qa/simorgh_market_v2_fullqa/pdp_desktop.jpg,,TRUE,A
docs/qa_evidence/** (png/webp/js/html/json/css assets beyond 340 textual),docs/qa_evidence/storefront_design_engine/phase5/w4b_template_curation/implementation/browser_qa/watchmaker_round_v2_canonical/v2.meta.json,file,ARCHIVE_CANDIDATE,docs/archive/qa_evidence/storefront_design_engine/phase5/w4b_template_curation/implementation/browser_qa/watchmaker_round_v2_canonical/v2.meta.json,,TRUE,A
docs/qa_evidence/** (png/webp/js/html/json/css assets beyond 340 textual),docs/qa_evidence/storefront_design_engine/phase5/w4b_template_curation/implementation/browser_qa/watchmaker_round_v2_canonical/v2.webp,file,ARCHIVE_CANDIDATE,docs/archive/qa_evidence/storefront_design_engine/phase5/w4b_template_curation/implementation/browser_qa/watchmaker_round_v2_canonical/v2.webp,,TRUE,A
docs/qa_evidence/** (png/webp/js/html/json/css assets beyond 340 textual),docs/qa_evidence/storefront_design_engine/phase5/w4b_template_curation/implementation/browser_qa/watchmaker_round_v2_fullqa/home_mobile.jpg,file,ARCHIVE_CANDIDATE,docs/archive/qa_evidence/storefront_design_engine/phase5/w4b_template_curation/implementation/browser_qa/watchmaker_round_v2_fullqa/home_mobile.jpg,,TRUE,A
docs/qa_evidence/** (png/webp/js/html/json/css assets beyond 340 textual),docs/qa_evidence/storefront_design_engine/phase5/w4b_template_curation/implementation/browser_qa/watchmaker_round_v2_fullqa/listing_desktop.jpg,file,ARCHIVE_CANDIDATE,docs/archive/qa_evidence/storefront_design_engine/phase5/w4b_template_curation/implementation/browser_qa/watchmaker_round_v2_fullqa/listing_desktop.jpg,,TRUE,A
docs/qa_evidence/** (png/webp/js/html/json/css assets beyond 340 textual),docs/qa_evidence/storefront_design_engine/phase5/w4b_template_curation/implementation/browser_qa/watchmaker_round_v2_fullqa/pdp_desktop.jpg,file,ARCHIVE_CANDIDATE,docs/archive/qa_evidence/storefront_design_engine/phase5/w4b_template_curation/implementation/browser_qa/watchmaker_round_v2_fullqa/pdp_desktop.jpg,,TRUE,A
docs/qa_evidence/** (png/webp/js/html/json/css assets beyond 340 textual),docs/qa_evidence/storefront_design_engine/phase5/w4b_template_curation/implementation/browser_qa_history/almas_luxury_v1_desktop.jpg,file,ARCHIVE_CANDIDATE,docs/archive/qa_evidence/storefront_design_engine/phase5/w4b_template_curation/implementation/browser_qa_history/almas_luxury_v1_desktop.jpg,,TRUE,A
docs/qa_evidence/** (png/webp/js/html/json/css assets beyond 340 textual),docs/qa_evidence/storefront_design_engine/phase5/w4b_template_curation/implementation/browser_qa_history/almas_luxury_v2_desktop.jpg,file,ARCHIVE_CANDIDATE,docs/archive/qa_evidence/storefront_design_engine/phase5/w4b_template_curation/implementation/browser_qa_history/almas_luxury_v2_desktop.jpg,,TRUE,A
docs/qa_evidence/** (png/webp/js/html/json/css assets beyond 340 textual),docs/qa_evidence/storefront_design_engine/phase5/w4b_template_curation/implementation/browser_qa_history/artisan_grain_v1_desktop.jpg,file,ARCHIVE_CANDIDATE,docs/archive/qa_evidence/storefront_design_engine/phase5/w4b_template_curation/implementation/browser_qa_history/artisan_grain_v1_desktop.jpg,,TRUE,A
docs/qa_evidence/** (png/webp/js/html/json/css assets beyond 340 textual),docs/qa_evidence/storefront_design_engine/phase5/w4b_template_curation/implementation/browser_qa_history/artisan_grain_v2_desktop.jpg,file,ARCHIVE_CANDIDATE,docs/archive/qa_evidence/storefront_design_engine/phase5/w4b_template_curation/implementation/browser_qa_history/artisan_grain_v2_desktop.jpg,,TRUE,A
docs/qa_evidence/** (png/webp/js/html/json/css assets beyond 340 textual),docs/qa_evidence/storefront_design_engine/phase5/w4b_template_curation/implementation/browser_qa_history/beauty_dew_v1_desktop.jpg,file,ARCHIVE_CANDIDATE,docs/archive/qa_evidence/storefront_design_engine/phase5/w4b_template_curation/implementation/browser_qa_history/beauty_dew_v1_desktop.jpg,,TRUE,A
docs/qa_evidence/** (png/webp/js/html/json/css assets beyond 340 textual),docs/qa_evidence/storefront_design_engine/phase5/w4b_template_curation/implementation/browser_qa_history/beauty_dew_v2_desktop.jpg,file,ARCHIVE_CANDIDATE,docs/archive/qa_evidence/storefront_design_engine/phase5/w4b_template_curation/implementation/browser_qa_history/beauty_dew_v2_desktop.jpg,,TRUE,A
docs/qa_evidence/** (png/webp/js/html/json/css assets beyond 340 textual),docs/qa_evidence/storefront_design_engine/phase5/w4b_template_curation/implementation/browser_qa_history/cedar_home_v1_desktop.jpg,file,ARCHIVE_CANDIDATE,docs/archive/qa_evidence/storefront_design_engine/phase5/w4b_template_curation/implementation/browser_qa_history/cedar_home_v1_desktop.jpg,,TRUE,A
docs/qa_evidence/** (png/webp/js/html/json/css assets beyond 340 textual),docs/qa_evidence/storefront_design_engine/phase5/w4b_template_curation/implementation/browser_qa_history/cedar_home_v2_desktop.jpg,file,ARCHIVE_CANDIDATE,docs/archive/qa_evidence/storefront_design_engine/phase5/w4b_template_curation/implementation/browser_qa_history/cedar_home_v2_desktop.jpg,,TRUE,A
docs/qa_evidence/** (png/webp/js/html/json/css assets beyond 340 textual),docs/qa_evidence/storefront_design_engine/phase5/w4b_template_curation/implementation/browser_qa_history/city_classic_v1_desktop.jpg,file,ARCHIVE_CANDIDATE,docs/archive/qa_evidence/storefront_design_engine/phase5/w4b_template_curation/implementation/browser_qa_history/city_classic_v1_desktop.jpg,,TRUE,A
docs/qa_evidence/** (png/webp/js/html/json/css assets beyond 340 textual),docs/qa_evidence/storefront_design_engine/phase5/w4b_template_curation/implementation/browser_qa_history/city_classic_v2_desktop.jpg,file,ARCHIVE_CANDIDATE,docs/archive/qa_evidence/storefront_design_engine/phase5/w4b_template_curation/implementation/browser_qa_history/city_classic_v2_desktop.jpg,,TRUE,A
docs/qa_evidence/** (png/webp/js/html/json/css assets beyond 340 textual),docs/qa_evidence/storefront_design_engine/phase5/w4b_template_curation/implementation/browser_qa_history/coastal_product_v1_desktop.jpg,file,ARCHIVE_CANDIDATE,docs/archive/qa_evidence/storefront_design_engine/phase5/w4b_template_curation/implementation/browser_qa_history/coastal_product_v1_desktop.jpg,,TRUE,A
docs/qa_evidence/** (png/webp/js/html/json/css assets beyond 340 textual),docs/qa_evidence/storefront_design_engine/phase5/w4b_template_curation/implementation/browser_qa_history/coastal_product_v2_desktop.jpg,file,ARCHIVE_CANDIDATE,docs/archive/qa_evidence/storefront_design_engine/phase5/w4b_template_curation/implementation/browser_qa_history/coastal_product_v2_desktop.jpg,,TRUE,A
docs/qa_evidence/** (png/webp/js/html/json/css assets beyond 340 textual),docs/qa_evidence/storefront_design_engine/phase5/w4b_template_curation/implementation/browser_qa_history/green_workshop_v1_desktop.jpg,file,ARCHIVE_CANDIDATE,docs/archive/qa_evidence/storefront_design_engine/phase5/w4b_template_curation/implementation/browser_qa_history/green_workshop_v1_desktop.jpg,,TRUE,A
docs/qa_evidence/** (png/webp/js/html/json/css assets beyond 340 textual),docs/qa_evidence/storefront_design_engine/phase5/w4b_template_curation/implementation/browser_qa_history/green_workshop_v2_desktop.jpg,file,ARCHIVE_CANDIDATE,docs/archive/qa_evidence/storefront_design_engine/phase5/w4b_template_curation/implementation/browser_qa_history/green_workshop_v2_desktop.jpg,,TRUE,A
docs/qa_evidence/** (png/webp/js/html/json/css assets beyond 340 textual),docs/qa_evidence/storefront_design_engine/phase5/w4b_template_curation/implementation/browser_qa_history/handmade_luxe_v1_desktop.jpg,file,ARCHIVE_CANDIDATE,docs/archive/qa_evidence/storefront_design_engine/phase5/w4b_template_curation/implementation/browser_qa_history/handmade_luxe_v1_desktop.jpg,,TRUE,A
docs/qa_evidence/** (png/webp/js/html/json/css assets beyond 340 textual),docs/qa_evidence/storefront_design_engine/phase5/w4b_template_curation/implementation/browser_qa_history/handmade_luxe_v2_desktop.jpg,file,ARCHIVE_CANDIDATE,docs/archive/qa_evidence/storefront_design_engine/phase5/w4b_template_curation/implementation/browser_qa_history/handmade_luxe_v2_desktop.jpg,,TRUE,A
docs/qa_evidence/** (png/webp/js/html/json/css assets beyond 340 textual),docs/qa_evidence/storefront_design_engine/phase5/w4b_template_curation/implementation/browser_qa_history/harbor_imports_v1_desktop.jpg,file,ARCHIVE_CANDIDATE,docs/archive/qa_evidence/storefront_design_engine/phase5/w4b_template_curation/implementation/browser_qa_history/harbor_imports_v1_desktop.jpg,,TRUE,A
docs/qa_evidence/** (png/webp/js/html/json/css assets beyond 340 textual),docs/qa_evidence/storefront_design_engine/phase5/w4b_template_curation/implementation/browser_qa_history/harbor_imports_v2_desktop.jpg,file,ARCHIVE_CANDIDATE,docs/archive/qa_evidence/storefront_design_engine/phase5/w4b_template_curation/implementation/browser_qa_history/harbor_imports_v2_desktop.jpg,,TRUE,A
docs/qa_evidence/** (png/webp/js/html/json/css assets beyond 340 textual),docs/qa_evidence/storefront_design_engine/phase5/w4b_template_curation/implementation/browser_qa_history/horizon_story_v1_desktop.jpg,file,ARCHIVE_CANDIDATE,docs/archive/qa_evidence/storefront_design_engine/phase5/w4b_template_curation/implementation/browser_qa_history/horizon_story_v1_desktop.jpg,,TRUE,A
docs/qa_evidence/** (png/webp/js/html/json/css assets beyond 340 textual),docs/qa_evidence/storefront_design_engine/phase5/w4b_template_curation/implementation/browser_qa_history/horizon_story_v2_desktop.jpg,file,ARCHIVE_CANDIDATE,docs/archive/qa_evidence/storefront_design_engine/phase5/w4b_template_curation/implementation/browser_qa_history/horizon_story_v2_desktop.jpg,,TRUE,A
docs/qa_evidence/** (png/webp/js/html/json/css assets beyond 340 textual),docs/qa_evidence/storefront_design_engine/phase5/w4b_template_curation/implementation/browser_qa_history/kamand_artisan_v1_desktop.jpg,file,ARCHIVE_CANDIDATE,docs/archive/qa_evidence/storefront_design_engine/phase5/w4b_template_curation/implementation/browser_qa_history/kamand_artisan_v1_desktop.jpg,,TRUE,A
docs/qa_evidence/** (png/webp/js/html/json/css assets beyond 340 textual),docs/qa_evidence/storefront_design_engine/phase5/w4b_template_curation/implementation/browser_qa_history/kamand_artisan_v2_desktop.jpg,file,ARCHIVE_CANDIDATE,docs/archive/qa_evidence/storefront_design_engine/phase5/w4b_template_curation/implementation/browser_qa_history/kamand_artisan_v2_desktop.jpg,,TRUE,A
docs/qa_evidence/** (png/webp/js/html/json/css assets beyond 340 textual),docs/qa_evidence/storefront_design_engine/phase5/w4b_template_curation/implementation/browser_qa_history/laleh_play_v1_desktop.jpg,file,ARCHIVE_CANDIDATE,docs/archive/qa_evidence/storefront_design_engine/phase5/w4b_template_curation/implementation/browser_qa_history/laleh_play_v1_desktop.jpg,,TRUE,A
docs/qa_evidence/** (png/webp/js/html/json/css assets beyond 340 textual),docs/qa_evidence/storefront_design_engine/phase5/w4b_template_curation/implementation/browser_qa_history/laleh_play_v2_desktop.jpg,file,ARCHIVE_CANDIDATE,docs/archive/qa_evidence/storefront_design_engine/phase5/w4b_template_curation/implementation/browser_qa_history/laleh_play_v2_desktop.jpg,,TRUE,A
docs/qa_evidence/** (png/webp/js/html/json/css assets beyond 340 textual),docs/qa_evidence/storefront_design_engine/phase5/w4b_template_curation/implementation/browser_qa_history/mirror_beauty_v1_desktop.jpg,file,ARCHIVE_CANDIDATE,docs/archive/qa_evidence/storefront_design_engine/phase5/w4b_template_curation/implementation/browser_qa_history/mirror_beauty_v1_desktop.jpg,,TRUE,A
docs/qa_evidence/** (png/webp/js/html/json/css assets beyond 340 textual),docs/qa_evidence/storefront_design_engine/phase5/w4b_template_curation/implementation/browser_qa_history/mirror_beauty_v2_desktop.jpg,file,ARCHIVE_CANDIDATE,docs/archive/qa_evidence/storefront_design_engine/phase5/w4b_template_curation/implementation/browser_qa_history/mirror_beauty_v2_desktop.jpg,,TRUE,A
docs/qa_evidence/** (png/webp/js/html/json/css assets beyond 340 textual),docs/qa_evidence/storefront_design_engine/phase5/w4b_template_curation/implementation/browser_qa_history/niloufar_glass_v1_desktop.jpg,file,ARCHIVE_CANDIDATE,docs/archive/qa_evidence/storefront_design_engine/phase5/w4b_template_curation/implementation/browser_qa_history/niloufar_glass_v1_desktop.jpg,,TRUE,A
docs/qa_evidence/** (png/webp/js/html/json/css assets beyond 340 textual),docs/qa_evidence/storefront_design_engine/phase5/w4b_template_curation/implementation/browser_qa_history/niloufar_glass_v2_desktop.jpg,file,ARCHIVE_CANDIDATE,docs/archive/qa_evidence/storefront_design_engine/phase5/w4b_template_curation/implementation/browser_qa_history/niloufar_glass_v2_desktop.jpg,,TRUE,A
docs/qa_evidence/** (png/webp/js/html/json/css assets beyond 340 textual),docs/qa_evidence/storefront_design_engine/phase5/w4b_template_curation/implementation/browser_qa_history/parnian_editorial_v1_desktop.jpg,file,ARCHIVE_CANDIDATE,docs/archive/qa_evidence/storefront_design_engine/phase5/w4b_template_curation/implementation/browser_qa_history/parnian_editorial_v1_desktop.jpg,,TRUE,A
docs/qa_evidence/** (png/webp/js/html/json/css assets beyond 340 textual),docs/qa_evidence/storefront_design_engine/phase5/w4b_template_curation/implementation/browser_qa_history/parnian_editorial_v2_desktop.jpg,file,ARCHIVE_CANDIDATE,docs/archive/qa_evidence/storefront_design_engine/phase5/w4b_template_curation/implementation/browser_qa_history/parnian_editorial_v2_desktop.jpg,,TRUE,A
docs/qa_evidence/** (png/webp/js/html/json/css assets beyond 340 textual),docs/qa_evidence/storefront_design_engine/phase5/w4b_template_curation/implementation/browser_qa_history/pine_eco_v1_desktop.jpg,file,ARCHIVE_CANDIDATE,docs/archive/qa_evidence/storefront_design_engine/phase5/w4b_template_curation/implementation/browser_qa_history/pine_eco_v1_desktop.jpg,,TRUE,A
docs/qa_evidence/** (png/webp/js/html/json/css assets beyond 340 textual),docs/qa_evidence/storefront_design_engine/phase5/w4b_template_curation/implementation/browser_qa_history/pine_eco_v2_desktop.jpg,file,ARCHIVE_CANDIDATE,docs/archive/qa_evidence/storefront_design_engine/phase5/w4b_template_curation/implementation/browser_qa_history/pine_eco_v2_desktop.jpg,,TRUE,A
docs/qa_evidence/** (png/webp/js/html/json/css assets beyond 340 textual),docs/qa_evidence/storefront_design_engine/phase5/w4b_template_curation/implementation/browser_qa_history/premium_leather_noir_v1_desktop.jpg,file,ARCHIVE_CANDIDATE,docs/archive/qa_evidence/storefront_design_engine/phase5/w4b_template_curation/implementation/browser_qa_history/premium_leather_noir_v1_desktop.jpg,,TRUE,A
docs/qa_evidence/** (png/webp/js/html/json/css assets beyond 340 textual),docs/qa_evidence/storefront_design_engine/phase5/w4b_template_curation/implementation/browser_qa_history/premium_leather_noir_v2_desktop.jpg,file,ARCHIVE_CANDIDATE,docs/archive/qa_evidence/storefront_design_engine/phase5/w4b_template_curation/implementation/browser_qa_history/premium_leather_noir_v2_desktop.jpg,,TRUE,A
docs/qa_evidence/** (png/webp/js/html/json/css assets beyond 340 textual),docs/qa_evidence/storefront_design_engine/phase5/w4b_template_curation/implementation/browser_qa_history/rayan_tech_v1_desktop.jpg,file,ARCHIVE_CANDIDATE,docs/archive/qa_evidence/storefront_design_engine/phase5/w4b_template_curation/implementation/browser_qa_history/rayan_tech_v1_desktop.jpg,,TRUE,A
docs/qa_evidence/** (png/webp/js/html/json/css assets beyond 340 textual),docs/qa_evidence/storefront_design_engine/phase5/w4b_template_curation/implementation/browser_qa_history/rayan_tech_v2_desktop.jpg,file,ARCHIVE_CANDIDATE,docs/archive/qa_evidence/storefront_design_engine/phase5/w4b_template_curation/implementation/browser_qa_history/rayan_tech_v2_desktop.jpg,,TRUE,A
docs/qa_evidence/** (png/webp/js/html/json/css assets beyond 340 textual),docs/qa_evidence/storefront_design_engine/phase5/w4b_template_curation/implementation/browser_qa_history/silk_editorial_v1_desktop.jpg,file,ARCHIVE_CANDIDATE,docs/archive/qa_evidence/storefront_design_engine/phase5/w4b_template_curation/implementation/browser_qa_history/silk_editorial_v1_desktop.jpg,,TRUE,A
docs/qa_evidence/** (png/webp/js/html/json/css assets beyond 340 textual),docs/qa_evidence/storefront_design_engine/phase5/w4b_template_curation/implementation/browser_qa_history/silk_editorial_v2_desktop.jpg,file,ARCHIVE_CANDIDATE,docs/archive/qa_evidence/storefront_design_engine/phase5/w4b_template_curation/implementation/browser_qa_history/silk_editorial_v2_desktop.jpg,,TRUE,A
docs/qa_evidence/** (png/webp/js/html/json/css assets beyond 340 textual),docs/qa_evidence/storefront_design_engine/phase5/w4b_template_curation/implementation/browser_qa_history/simorgh_market_v1_desktop.jpg,file,ARCHIVE_CANDIDATE,docs/archive/qa_evidence/storefront_design_engine/phase5/w4b_template_curation/implementation/browser_qa_history/simorgh_market_v1_desktop.jpg,,TRUE,A
docs/qa_evidence/** (png/webp/js/html/json/css assets beyond 340 textual),docs/qa_evidence/storefront_design_engine/phase5/w4b_template_curation/implementation/browser_qa_history/simorgh_market_v2_desktop.jpg,file,ARCHIVE_CANDIDATE,docs/archive/qa_evidence/storefront_design_engine/phase5/w4b_template_curation/implementation/browser_qa_history/simorgh_market_v2_desktop.jpg,,TRUE,A
docs/qa_evidence/** (png/webp/js/html/json/css assets beyond 340 textual),docs/qa_evidence/storefront_design_engine/phase5/w4b_template_curation/implementation/browser_qa_history/summary.json,file,ARCHIVE_CANDIDATE,docs/archive/qa_evidence/storefront_design_engine/phase5/w4b_template_curation/implementation/browser_qa_history/summary.json,,TRUE,A
docs/qa_evidence/** (png/webp/js/html/json/css assets beyond 340 textual),docs/qa_evidence/storefront_design_engine/phase5/w4b_template_curation/implementation/browser_qa_history/watchmaker_round_v1_desktop.jpg,file,ARCHIVE_CANDIDATE,docs/archive/qa_evidence/storefront_design_engine/phase5/w4b_template_curation/implementation/browser_qa_history/watchmaker_round_v1_desktop.jpg,,TRUE,A
docs/qa_evidence/** (png/webp/js/html/json/css assets beyond 340 textual),docs/qa_evidence/storefront_design_engine/phase5/w4b_template_curation/implementation/browser_qa_history/watchmaker_round_v2_desktop.jpg,file,ARCHIVE_CANDIDATE,docs/archive/qa_evidence/storefront_design_engine/phase5/w4b_template_curation/implementation/browser_qa_history/watchmaker_round_v2_desktop.jpg,,TRUE,A
docs/qa_evidence/** (png/webp/js/html/json/css assets beyond 340 textual),docs/qa_evidence/storefront_design_engine/phase5/w4b_template_curation/implementation/browser_qa_responsive/almas_luxury_v2_desktop.jpg,file,ARCHIVE_CANDIDATE,docs/archive/qa_evidence/storefront_design_engine/phase5/w4b_template_curation/implementation/browser_qa_responsive/almas_luxury_v2_desktop.jpg,,TRUE,A
docs/qa_evidence/** (png/webp/js/html/json/css assets beyond 340 textual),docs/qa_evidence/storefront_design_engine/phase5/w4b_template_curation/implementation/browser_qa_responsive/almas_luxury_v2_mobile.jpg,file,ARCHIVE_CANDIDATE,docs/archive/qa_evidence/storefront_design_engine/phase5/w4b_template_curation/implementation/browser_qa_responsive/almas_luxury_v2_mobile.jpg,,TRUE,A
docs/qa_evidence/** (png/webp/js/html/json/css assets beyond 340 textual),docs/qa_evidence/storefront_design_engine/phase5/w4b_template_curation/implementation/browser_qa_responsive/almas_luxury_v2_tablet.jpg,file,ARCHIVE_CANDIDATE,docs/archive/qa_evidence/storefront_design_engine/phase5/w4b_template_curation/implementation/browser_qa_responsive/almas_luxury_v2_tablet.jpg,,TRUE,A
docs/qa_evidence/** (png/webp/js/html/json/css assets beyond 340 textual),docs/qa_evidence/storefront_design_engine/phase5/w4b_template_curation/implementation/browser_qa_responsive/artisan_grain_v2_desktop.jpg,file,ARCHIVE_CANDIDATE,docs/archive/qa_evidence/storefront_design_engine/phase5/w4b_template_curation/implementation/browser_qa_responsive/artisan_grain_v2_desktop.jpg,,TRUE,A
docs/qa_evidence/** (png/webp/js/html/json/css assets beyond 340 textual),docs/qa_evidence/storefront_design_engine/phase5/w4b_template_curation/implementation/browser_qa_responsive/artisan_grain_v2_mobile.jpg,file,ARCHIVE_CANDIDATE,docs/archive/qa_evidence/storefront_design_engine/phase5/w4b_template_curation/implementation/browser_qa_responsive/artisan_grain_v2_mobile.jpg,,TRUE,A
docs/qa_evidence/** (png/webp/js/html/json/css assets beyond 340 textual),docs/qa_evidence/storefront_design_engine/phase5/w4b_template_curation/implementation/browser_qa_responsive/artisan_grain_v2_tablet.jpg,file,ARCHIVE_CANDIDATE,docs/archive/qa_evidence/storefront_design_engine/phase5/w4b_template_curation/implementation/browser_qa_responsive/artisan_grain_v2_tablet.jpg,,TRUE,A
docs/qa_evidence/** (png/webp/js/html/json/css assets beyond 340 textual),docs/qa_evidence/storefront_design_engine/phase5/w4b_template_curation/implementation/browser_qa_responsive/beauty_dew_v2_desktop.jpg,file,ARCHIVE_CANDIDATE,docs/archive/qa_evidence/storefront_design_engine/phase5/w4b_template_curation/implementation/browser_qa_responsive/beauty_dew_v2_desktop.jpg,,TRUE,A
docs/qa_evidence/** (png/webp/js/html/json/css assets beyond 340 textual),docs/qa_evidence/storefront_design_engine/phase5/w4b_template_curation/implementation/browser_qa_responsive/beauty_dew_v2_mobile.jpg,file,ARCHIVE_CANDIDATE,docs/archive/qa_evidence/storefront_design_engine/phase5/w4b_template_curation/implementation/browser_qa_responsive/beauty_dew_v2_mobile.jpg,,TRUE,A
docs/qa_evidence/** (png/webp/js/html/json/css assets beyond 340 textual),docs/qa_evidence/storefront_design_engine/phase5/w4b_template_curation/implementation/browser_qa_responsive/beauty_dew_v2_tablet.jpg,file,ARCHIVE_CANDIDATE,docs/archive/qa_evidence/storefront_design_engine/phase5/w4b_template_curation/implementation/browser_qa_responsive/beauty_dew_v2_tablet.jpg,,TRUE,A
docs/qa_evidence/** (png/webp/js/html/json/css assets beyond 340 textual),docs/qa_evidence/storefront_design_engine/phase5/w4b_template_curation/implementation/browser_qa_responsive/cedar_home_v2_desktop.jpg,file,ARCHIVE_CANDIDATE,docs/archive/qa_evidence/storefront_design_engine/phase5/w4b_template_curation/implementation/browser_qa_responsive/cedar_home_v2_desktop.jpg,,TRUE,A
docs/qa_evidence/** (png/webp/js/html/json/css assets beyond 340 textual),docs/qa_evidence/storefront_design_engine/phase5/w4b_template_curation/implementation/browser_qa_responsive/cedar_home_v2_mobile.jpg,file,ARCHIVE_CANDIDATE,docs/archive/qa_evidence/storefront_design_engine/phase5/w4b_template_curation/implementation/browser_qa_responsive/cedar_home_v2_mobile.jpg,,TRUE,A
docs/qa_evidence/** (png/webp/js/html/json/css assets beyond 340 textual),docs/qa_evidence/storefront_design_engine/phase5/w4b_template_curation/implementation/browser_qa_responsive/cedar_home_v2_tablet.jpg,file,ARCHIVE_CANDIDATE,docs/archive/qa_evidence/storefront_design_engine/phase5/w4b_template_curation/implementation/browser_qa_responsive/cedar_home_v2_tablet.jpg,,TRUE,A
docs/qa_evidence/** (png/webp/js/html/json/css assets beyond 340 textual),docs/qa_evidence/storefront_design_engine/phase5/w4b_template_curation/implementation/browser_qa_responsive/city_classic_v2_desktop.jpg,file,ARCHIVE_CANDIDATE,docs/archive/qa_evidence/storefront_design_engine/phase5/w4b_template_curation/implementation/browser_qa_responsive/city_classic_v2_desktop.jpg,,TRUE,A
docs/qa_evidence/** (png/webp/js/html/json/css assets beyond 340 textual),docs/qa_evidence/storefront_design_engine/phase5/w4b_template_curation/implementation/browser_qa_responsive/city_classic_v2_mobile.jpg,file,ARCHIVE_CANDIDATE,docs/archive/qa_evidence/storefront_design_engine/phase5/w4b_template_curation/implementation/browser_qa_responsive/city_classic_v2_mobile.jpg,,TRUE,A
docs/qa_evidence/** (png/webp/js/html/json/css assets beyond 340 textual),docs/qa_evidence/storefront_design_engine/phase5/w4b_template_curation/implementation/browser_qa_responsive/city_classic_v2_tablet.jpg,file,ARCHIVE_CANDIDATE,docs/archive/qa_evidence/storefront_design_engine/phase5/w4b_template_curation/implementation/browser_qa_responsive/city_classic_v2_tablet.jpg,,TRUE,A
docs/qa_evidence/** (png/webp/js/html/json/css assets beyond 340 textual),docs/qa_evidence/storefront_design_engine/phase5/w4b_template_curation/implementation/browser_qa_responsive/coastal_product_v2_desktop.jpg,file,ARCHIVE_CANDIDATE,docs/archive/qa_evidence/storefront_design_engine/phase5/w4b_template_curation/implementation/browser_qa_responsive/coastal_product_v2_desktop.jpg,,TRUE,A
docs/qa_evidence/** (png/webp/js/html/json/css assets beyond 340 textual),docs/qa_evidence/storefront_design_engine/phase5/w4b_template_curation/implementation/browser_qa_responsive/coastal_product_v2_mobile.jpg,file,ARCHIVE_CANDIDATE,docs/archive/qa_evidence/storefront_design_engine/phase5/w4b_template_curation/implementation/browser_qa_responsive/coastal_product_v2_mobile.jpg,,TRUE,A
docs/qa_evidence/** (png/webp/js/html/json/css assets beyond 340 textual),docs/qa_evidence/storefront_design_engine/phase5/w4b_template_curation/implementation/browser_qa_responsive/coastal_product_v2_tablet.jpg,file,ARCHIVE_CANDIDATE,docs/archive/qa_evidence/storefront_design_engine/phase5/w4b_template_curation/implementation/browser_qa_responsive/coastal_product_v2_tablet.jpg,,TRUE,A
docs/qa_evidence/** (png/webp/js/html/json/css assets beyond 340 textual),docs/qa_evidence/storefront_design_engine/phase5/w4b_template_curation/implementation/browser_qa_responsive/green_workshop_v2_desktop.jpg,file,ARCHIVE_CANDIDATE,docs/archive/qa_evidence/storefront_design_engine/phase5/w4b_template_curation/implementation/browser_qa_responsive/green_workshop_v2_desktop.jpg,,TRUE,A
docs/qa_evidence/** (png/webp/js/html/json/css assets beyond 340 textual),docs/qa_evidence/storefront_design_engine/phase5/w4b_template_curation/implementation/browser_qa_responsive/green_workshop_v2_mobile.jpg,file,ARCHIVE_CANDIDATE,docs/archive/qa_evidence/storefront_design_engine/phase5/w4b_template_curation/implementation/browser_qa_responsive/green_workshop_v2_mobile.jpg,,TRUE,A
docs/qa_evidence/** (png/webp/js/html/json/css assets beyond 340 textual),docs/qa_evidence/storefront_design_engine/phase5/w4b_template_curation/implementation/browser_qa_responsive/green_workshop_v2_tablet.jpg,file,ARCHIVE_CANDIDATE,docs/archive/qa_evidence/storefront_design_engine/phase5/w4b_template_curation/implementation/browser_qa_responsive/green_workshop_v2_tablet.jpg,,TRUE,A
docs/qa_evidence/** (png/webp/js/html/json/css assets beyond 340 textual),docs/qa_evidence/storefront_design_engine/phase5/w4b_template_curation/implementation/browser_qa_responsive/handmade_luxe_v2_desktop.jpg,file,ARCHIVE_CANDIDATE,docs/archive/qa_evidence/storefront_design_engine/phase5/w4b_template_curation/implementation/browser_qa_responsive/handmade_luxe_v2_desktop.jpg,,TRUE,A
docs/qa_evidence/** (png/webp/js/html/json/css assets beyond 340 textual),docs/qa_evidence/storefront_design_engine/phase5/w4b_template_curation/implementation/browser_qa_responsive/handmade_luxe_v2_mobile.jpg,file,ARCHIVE_CANDIDATE,docs/archive/qa_evidence/storefront_design_engine/phase5/w4b_template_curation/implementation/browser_qa_responsive/handmade_luxe_v2_mobile.jpg,,TRUE,A
docs/qa_evidence/** (png/webp/js/html/json/css assets beyond 340 textual),docs/qa_evidence/storefront_design_engine/phase5/w4b_template_curation/implementation/browser_qa_responsive/handmade_luxe_v2_tablet.jpg,file,ARCHIVE_CANDIDATE,docs/archive/qa_evidence/storefront_design_engine/phase5/w4b_template_curation/implementation/browser_qa_responsive/handmade_luxe_v2_tablet.jpg,,TRUE,A
docs/qa_evidence/** (png/webp/js/html/json/css assets beyond 340 textual),docs/qa_evidence/storefront_design_engine/phase5/w4b_template_curation/implementation/browser_qa_responsive/harbor_imports_v2_desktop.jpg,file,ARCHIVE_CANDIDATE,docs/archive/qa_evidence/storefront_design_engine/phase5/w4b_template_curation/implementation/browser_qa_responsive/harbor_imports_v2_desktop.jpg,,TRUE,A
docs/qa_evidence/** (png/webp/js/html/json/css assets beyond 340 textual),docs/qa_evidence/storefront_design_engine/phase5/w4b_template_curation/implementation/browser_qa_responsive/harbor_imports_v2_mobile.jpg,file,ARCHIVE_CANDIDATE,docs/archive/qa_evidence/storefront_design_engine/phase5/w4b_template_curation/implementation/browser_qa_responsive/harbor_imports_v2_mobile.jpg,,TRUE,A
docs/qa_evidence/** (png/webp/js/html/json/css assets beyond 340 textual),docs/qa_evidence/storefront_design_engine/phase5/w4b_template_curation/implementation/browser_qa_responsive/harbor_imports_v2_tablet.jpg,file,ARCHIVE_CANDIDATE,docs/archive/qa_evidence/storefront_design_engine/phase5/w4b_template_curation/implementation/browser_qa_responsive/harbor_imports_v2_tablet.jpg,,TRUE,A
docs/qa_evidence/** (png/webp/js/html/json/css assets beyond 340 textual),docs/qa_evidence/storefront_design_engine/phase5/w4b_template_curation/implementation/browser_qa_responsive/horizon_story_v2_desktop.jpg,file,ARCHIVE_CANDIDATE,docs/archive/qa_evidence/storefront_design_engine/phase5/w4b_template_curation/implementation/browser_qa_responsive/horizon_story_v2_desktop.jpg,,TRUE,A
docs/qa_evidence/** (png/webp/js/html/json/css assets beyond 340 textual),docs/qa_evidence/storefront_design_engine/phase5/w4b_template_curation/implementation/browser_qa_responsive/horizon_story_v2_mobile.jpg,file,ARCHIVE_CANDIDATE,docs/archive/qa_evidence/storefront_design_engine/phase5/w4b_template_curation/implementation/browser_qa_responsive/horizon_story_v2_mobile.jpg,,TRUE,A
docs/qa_evidence/** (png/webp/js/html/json/css assets beyond 340 textual),docs/qa_evidence/storefront_design_engine/phase5/w4b_template_curation/implementation/browser_qa_responsive/horizon_story_v2_tablet.jpg,file,ARCHIVE_CANDIDATE,docs/archive/qa_evidence/storefront_design_engine/phase5/w4b_template_curation/implementation/browser_qa_responsive/horizon_story_v2_tablet.jpg,,TRUE,A
docs/qa_evidence/** (png/webp/js/html/json/css assets beyond 340 textual),docs/qa_evidence/storefront_design_engine/phase5/w4b_template_curation/implementation/browser_qa_responsive/kamand_artisan_v2_desktop.jpg,file,ARCHIVE_CANDIDATE,docs/archive/qa_evidence/storefront_design_engine/phase5/w4b_template_curation/implementation/browser_qa_responsive/kamand_artisan_v2_desktop.jpg,,TRUE,A
docs/qa_evidence/** (png/webp/js/html/json/css assets beyond 340 textual),docs/qa_evidence/storefront_design_engine/phase5/w4b_template_curation/implementation/browser_qa_responsive/kamand_artisan_v2_mobile.jpg,file,ARCHIVE_CANDIDATE,docs/archive/qa_evidence/storefront_design_engine/phase5/w4b_template_curation/implementation/browser_qa_responsive/kamand_artisan_v2_mobile.jpg,,TRUE,A
docs/qa_evidence/** (png/webp/js/html/json/css assets beyond 340 textual),docs/qa_evidence/storefront_design_engine/phase5/w4b_template_curation/implementation/browser_qa_responsive/kamand_artisan_v2_tablet.jpg,file,ARCHIVE_CANDIDATE,docs/archive/qa_evidence/storefront_design_engine/phase5/w4b_template_curation/implementation/browser_qa_responsive/kamand_artisan_v2_tablet.jpg,,TRUE,A
docs/qa_evidence/** (png/webp/js/html/json/css assets beyond 340 textual),docs/qa_evidence/storefront_design_engine/phase5/w4b_template_curation/implementation/browser_qa_responsive/laleh_play_v2_desktop.jpg,file,ARCHIVE_CANDIDATE,docs/archive/qa_evidence/storefront_design_engine/phase5/w4b_template_curation/implementation/browser_qa_responsive/laleh_play_v2_desktop.jpg,,TRUE,A
docs/qa_evidence/** (png/webp/js/html/json/css assets beyond 340 textual),docs/qa_evidence/storefront_design_engine/phase5/w4b_template_curation/implementation/browser_qa_responsive/laleh_play_v2_mobile.jpg,file,ARCHIVE_CANDIDATE,docs/archive/qa_evidence/storefront_design_engine/phase5/w4b_template_curation/implementation/browser_qa_responsive/laleh_play_v2_mobile.jpg,,TRUE,A
docs/qa_evidence/** (png/webp/js/html/json/css assets beyond 340 textual),docs/qa_evidence/storefront_design_engine/phase5/w4b_template_curation/implementation/browser_qa_responsive/laleh_play_v2_tablet.jpg,file,ARCHIVE_CANDIDATE,docs/archive/qa_evidence/storefront_design_engine/phase5/w4b_template_curation/implementation/browser_qa_responsive/laleh_play_v2_tablet.jpg,,TRUE,A
docs/qa_evidence/** (png/webp/js/html/json/css assets beyond 340 textual),docs/qa_evidence/storefront_design_engine/phase5/w4b_template_curation/implementation/browser_qa_responsive/mirror_beauty_v2_desktop.jpg,file,ARCHIVE_CANDIDATE,docs/archive/qa_evidence/storefront_design_engine/phase5/w4b_template_curation/implementation/browser_qa_responsive/mirror_beauty_v2_desktop.jpg,,TRUE,A
docs/qa_evidence/** (png/webp/js/html/json/css assets beyond 340 textual),docs/qa_evidence/storefront_design_engine/phase5/w4b_template_curation/implementation/browser_qa_responsive/mirror_beauty_v2_mobile.jpg,file,ARCHIVE_CANDIDATE,docs/archive/qa_evidence/storefront_design_engine/phase5/w4b_template_curation/implementation/browser_qa_responsive/mirror_beauty_v2_mobile.jpg,,TRUE,A
docs/qa_evidence/** (png/webp/js/html/json/css assets beyond 340 textual),docs/qa_evidence/storefront_design_engine/phase5/w4b_template_curation/implementation/browser_qa_responsive/mirror_beauty_v2_tablet.jpg,file,ARCHIVE_CANDIDATE,docs/archive/qa_evidence/storefront_design_engine/phase5/w4b_template_curation/implementation/browser_qa_responsive/mirror_beauty_v2_tablet.jpg,,TRUE,A
docs/qa_evidence/** (png/webp/js/html/json/css assets beyond 340 textual),docs/qa_evidence/storefront_design_engine/phase5/w4b_template_curation/implementation/browser_qa_responsive/niloufar_glass_v2_desktop.jpg,file,ARCHIVE_CANDIDATE,docs/archive/qa_evidence/storefront_design_engine/phase5/w4b_template_curation/implementation/browser_qa_responsive/niloufar_glass_v2_desktop.jpg,,TRUE,A
docs/qa_evidence/** (png/webp/js/html/json/css assets beyond 340 textual),docs/qa_evidence/storefront_design_engine/phase5/w4b_template_curation/implementation/browser_qa_responsive/niloufar_glass_v2_mobile.jpg,file,ARCHIVE_CANDIDATE,docs/archive/qa_evidence/storefront_design_engine/phase5/w4b_template_curation/implementation/browser_qa_responsive/niloufar_glass_v2_mobile.jpg,,TRUE,A
docs/qa_evidence/** (png/webp/js/html/json/css assets beyond 340 textual),docs/qa_evidence/storefront_design_engine/phase5/w4b_template_curation/implementation/browser_qa_responsive/niloufar_glass_v2_tablet.jpg,file,ARCHIVE_CANDIDATE,docs/archive/qa_evidence/storefront_design_engine/phase5/w4b_template_curation/implementation/browser_qa_responsive/niloufar_glass_v2_tablet.jpg,,TRUE,A
docs/qa_evidence/** (png/webp/js/html/json/css assets beyond 340 textual),docs/qa_evidence/storefront_design_engine/phase5/w4b_template_curation/implementation/browser_qa_responsive/parnian_editorial_v2_desktop.jpg,file,ARCHIVE_CANDIDATE,docs/archive/qa_evidence/storefront_design_engine/phase5/w4b_template_curation/implementation/browser_qa_responsive/parnian_editorial_v2_desktop.jpg,,TRUE,A
docs/qa_evidence/** (png/webp/js/html/json/css assets beyond 340 textual),docs/qa_evidence/storefront_design_engine/phase5/w4b_template_curation/implementation/browser_qa_responsive/parnian_editorial_v2_mobile.jpg,file,ARCHIVE_CANDIDATE,docs/archive/qa_evidence/storefront_design_engine/phase5/w4b_template_curation/implementation/browser_qa_responsive/parnian_editorial_v2_mobile.jpg,,TRUE,A
docs/qa_evidence/** (png/webp/js/html/json/css assets beyond 340 textual),docs/qa_evidence/storefront_design_engine/phase5/w4b_template_curation/implementation/browser_qa_responsive/parnian_editorial_v2_tablet.jpg,file,ARCHIVE_CANDIDATE,docs/archive/qa_evidence/storefront_design_engine/phase5/w4b_template_curation/implementation/browser_qa_responsive/parnian_editorial_v2_tablet.jpg,,TRUE,A
docs/qa_evidence/** (png/webp/js/html/json/css assets beyond 340 textual),docs/qa_evidence/storefront_design_engine/phase5/w4b_template_curation/implementation/browser_qa_responsive/pine_eco_v2_desktop.jpg,file,ARCHIVE_CANDIDATE,docs/archive/qa_evidence/storefront_design_engine/phase5/w4b_template_curation/implementation/browser_qa_responsive/pine_eco_v2_desktop.jpg,,TRUE,A
docs/qa_evidence/** (png/webp/js/html/json/css assets beyond 340 textual),docs/qa_evidence/storefront_design_engine/phase5/w4b_template_curation/implementation/browser_qa_responsive/pine_eco_v2_mobile.jpg,file,ARCHIVE_CANDIDATE,docs/archive/qa_evidence/storefront_design_engine/phase5/w4b_template_curation/implementation/browser_qa_responsive/pine_eco_v2_mobile.jpg,,TRUE,A
docs/qa_evidence/** (png/webp/js/html/json/css assets beyond 340 textual),docs/qa_evidence/storefront_design_engine/phase5/w4b_template_curation/implementation/browser_qa_responsive/pine_eco_v2_tablet.jpg,file,ARCHIVE_CANDIDATE,docs/archive/qa_evidence/storefront_design_engine/phase5/w4b_template_curation/implementation/browser_qa_responsive/pine_eco_v2_tablet.jpg,,TRUE,A
docs/qa_evidence/** (png/webp/js/html/json/css assets beyond 340 textual),docs/qa_evidence/storefront_design_engine/phase5/w4b_template_curation/implementation/browser_qa_responsive/premium_leather_noir_v2_desktop.jpg,file,ARCHIVE_CANDIDATE,docs/archive/qa_evidence/storefront_design_engine/phase5/w4b_template_curation/implementation/browser_qa_responsive/premium_leather_noir_v2_desktop.jpg,,TRUE,A
docs/qa_evidence/** (png/webp/js/html/json/css assets beyond 340 textual),docs/qa_evidence/storefront_design_engine/phase5/w4b_template_curation/implementation/browser_qa_responsive/premium_leather_noir_v2_mobile.jpg,file,ARCHIVE_CANDIDATE,docs/archive/qa_evidence/storefront_design_engine/phase5/w4b_template_curation/implementation/browser_qa_responsive/premium_leather_noir_v2_mobile.jpg,,TRUE,A
docs/qa_evidence/** (png/webp/js/html/json/css assets beyond 340 textual),docs/qa_evidence/storefront_design_engine/phase5/w4b_template_curation/implementation/browser_qa_responsive/premium_leather_noir_v2_tablet.jpg,file,ARCHIVE_CANDIDATE,docs/archive/qa_evidence/storefront_design_engine/phase5/w4b_template_curation/implementation/browser_qa_responsive/premium_leather_noir_v2_tablet.jpg,,TRUE,A
docs/qa_evidence/** (png/webp/js/html/json/css assets beyond 340 textual),docs/qa_evidence/storefront_design_engine/phase5/w4b_template_curation/implementation/browser_qa_responsive/rayan_tech_v2_desktop.jpg,file,ARCHIVE_CANDIDATE,docs/archive/qa_evidence/storefront_design_engine/phase5/w4b_template_curation/implementation/browser_qa_responsive/rayan_tech_v2_desktop.jpg,,TRUE,A
docs/qa_evidence/** (png/webp/js/html/json/css assets beyond 340 textual),docs/qa_evidence/storefront_design_engine/phase5/w4b_template_curation/implementation/browser_qa_responsive/rayan_tech_v2_mobile.jpg,file,ARCHIVE_CANDIDATE,docs/archive/qa_evidence/storefront_design_engine/phase5/w4b_template_curation/implementation/browser_qa_responsive/rayan_tech_v2_mobile.jpg,,TRUE,A
docs/qa_evidence/** (png/webp/js/html/json/css assets beyond 340 textual),docs/qa_evidence/storefront_design_engine/phase5/w4b_template_curation/implementation/browser_qa_responsive/rayan_tech_v2_tablet.jpg,file,ARCHIVE_CANDIDATE,docs/archive/qa_evidence/storefront_design_engine/phase5/w4b_template_curation/implementation/browser_qa_responsive/rayan_tech_v2_tablet.jpg,,TRUE,A
docs/qa_evidence/** (png/webp/js/html/json/css assets beyond 340 textual),docs/qa_evidence/storefront_design_engine/phase5/w4b_template_curation/implementation/browser_qa_responsive/silk_editorial_v2_desktop.jpg,file,ARCHIVE_CANDIDATE,docs/archive/qa_evidence/storefront_design_engine/phase5/w4b_template_curation/implementation/browser_qa_responsive/silk_editorial_v2_desktop.jpg,,TRUE,A
docs/qa_evidence/** (png/webp/js/html/json/css assets beyond 340 textual),docs/qa_evidence/storefront_design_engine/phase5/w4b_template_curation/implementation/browser_qa_responsive/silk_editorial_v2_mobile.jpg,file,ARCHIVE_CANDIDATE,docs/archive/qa_evidence/storefront_design_engine/phase5/w4b_template_curation/implementation/browser_qa_responsive/silk_editorial_v2_mobile.jpg,,TRUE,A
docs/qa_evidence/** (png/webp/js/html/json/css assets beyond 340 textual),docs/qa_evidence/storefront_design_engine/phase5/w4b_template_curation/implementation/browser_qa_responsive/silk_editorial_v2_tablet.jpg,file,ARCHIVE_CANDIDATE,docs/archive/qa_evidence/storefront_design_engine/phase5/w4b_template_curation/implementation/browser_qa_responsive/silk_editorial_v2_tablet.jpg,,TRUE,A
docs/qa_evidence/** (png/webp/js/html/json/css assets beyond 340 textual),docs/qa_evidence/storefront_design_engine/phase5/w4b_template_curation/implementation/browser_qa_responsive/simorgh_market_v2_desktop.jpg,file,ARCHIVE_CANDIDATE,docs/archive/qa_evidence/storefront_design_engine/phase5/w4b_template_curation/implementation/browser_qa_responsive/simorgh_market_v2_desktop.jpg,,TRUE,A
docs/qa_evidence/** (png/webp/js/html/json/css assets beyond 340 textual),docs/qa_evidence/storefront_design_engine/phase5/w4b_template_curation/implementation/browser_qa_responsive/simorgh_market_v2_mobile.jpg,file,ARCHIVE_CANDIDATE,docs/archive/qa_evidence/storefront_design_engine/phase5/w4b_template_curation/implementation/browser_qa_responsive/simorgh_market_v2_mobile.jpg,,TRUE,A
docs/qa_evidence/** (png/webp/js/html/json/css assets beyond 340 textual),docs/qa_evidence/storefront_design_engine/phase5/w4b_template_curation/implementation/browser_qa_responsive/simorgh_market_v2_tablet.jpg,file,ARCHIVE_CANDIDATE,docs/archive/qa_evidence/storefront_design_engine/phase5/w4b_template_curation/implementation/browser_qa_responsive/simorgh_market_v2_tablet.jpg,,TRUE,A
docs/qa_evidence/** (png/webp/js/html/json/css assets beyond 340 textual),docs/qa_evidence/storefront_design_engine/phase5/w4b_template_curation/implementation/browser_qa_responsive/summary.json,file,ARCHIVE_CANDIDATE,docs/archive/qa_evidence/storefront_design_engine/phase5/w4b_template_curation/implementation/browser_qa_responsive/summary.json,,TRUE,A
docs/qa_evidence/** (png/webp/js/html/json/css assets beyond 340 textual),docs/qa_evidence/storefront_design_engine/phase5/w4b_template_curation/implementation/browser_qa_responsive/summary_part1.json,file,ARCHIVE_CANDIDATE,docs/archive/qa_evidence/storefront_design_engine/phase5/w4b_template_curation/implementation/browser_qa_responsive/summary_part1.json,,TRUE,A
docs/qa_evidence/** (png/webp/js/html/json/css assets beyond 340 textual),docs/qa_evidence/storefront_design_engine/phase5/w4b_template_curation/implementation/browser_qa_responsive/summary_part2.json,file,ARCHIVE_CANDIDATE,docs/archive/qa_evidence/storefront_design_engine/phase5/w4b_template_curation/implementation/browser_qa_responsive/summary_part2.json,,TRUE,A
docs/qa_evidence/** (png/webp/js/html/json/css assets beyond 340 textual),docs/qa_evidence/storefront_design_engine/phase5/w4b_template_curation/implementation/browser_qa_responsive/watchmaker_round_v2_desktop.jpg,file,ARCHIVE_CANDIDATE,docs/archive/qa_evidence/storefront_design_engine/phase5/w4b_template_curation/implementation/browser_qa_responsive/watchmaker_round_v2_desktop.jpg,,TRUE,A
docs/qa_evidence/** (png/webp/js/html/json/css assets beyond 340 textual),docs/qa_evidence/storefront_design_engine/phase5/w4b_template_curation/implementation/browser_qa_responsive/watchmaker_round_v2_mobile.jpg,file,ARCHIVE_CANDIDATE,docs/archive/qa_evidence/storefront_design_engine/phase5/w4b_template_curation/implementation/browser_qa_responsive/watchmaker_round_v2_mobile.jpg,,TRUE,A
docs/qa_evidence/** (png/webp/js/html/json/css assets beyond 340 textual),docs/qa_evidence/storefront_design_engine/phase5/w4b_template_curation/implementation/browser_qa_responsive/watchmaker_round_v2_tablet.jpg,file,ARCHIVE_CANDIDATE,docs/archive/qa_evidence/storefront_design_engine/phase5/w4b_template_curation/implementation/browser_qa_responsive/watchmaker_round_v2_tablet.jpg,,TRUE,A
docs/qa_evidence/** (png/webp/js/html/json/css assets beyond 340 textual),docs/qa_evidence/storefront_design_engine/phase5/w4b_template_curation/implementation/browser_qa_responsive_repair/almas_luxury_v2_desktop.jpg,file,ARCHIVE_CANDIDATE,docs/archive/qa_evidence/storefront_design_engine/phase5/w4b_template_curation/implementation/browser_qa_responsive_repair/almas_luxury_v2_desktop.jpg,,TRUE,A
docs/qa_evidence/** (png/webp/js/html/json/css assets beyond 340 textual),docs/qa_evidence/storefront_design_engine/phase5/w4b_template_curation/implementation/browser_qa_responsive_repair/almas_luxury_v2_mobile.jpg,file,ARCHIVE_CANDIDATE,docs/archive/qa_evidence/storefront_design_engine/phase5/w4b_template_curation/implementation/browser_qa_responsive_repair/almas_luxury_v2_mobile.jpg,,TRUE,A
docs/qa_evidence/** (png/webp/js/html/json/css assets beyond 340 textual),docs/qa_evidence/storefront_design_engine/phase5/w4b_template_curation/implementation/browser_qa_responsive_repair/almas_luxury_v2_tablet.jpg,file,ARCHIVE_CANDIDATE,docs/archive/qa_evidence/storefront_design_engine/phase5/w4b_template_curation/implementation/browser_qa_responsive_repair/almas_luxury_v2_tablet.jpg,,TRUE,A
docs/qa_evidence/** (png/webp/js/html/json/css assets beyond 340 textual),docs/qa_evidence/storefront_design_engine/phase5/w4b_template_curation/implementation/browser_qa_responsive_repair/artisan_grain_v2_desktop.jpg,file,ARCHIVE_CANDIDATE,docs/archive/qa_evidence/storefront_design_engine/phase5/w4b_template_curation/implementation/browser_qa_responsive_repair/artisan_grain_v2_desktop.jpg,,TRUE,A
docs/qa_evidence/** (png/webp/js/html/json/css assets beyond 340 textual),docs/qa_evidence/storefront_design_engine/phase5/w4b_template_curation/implementation/browser_qa_responsive_repair/artisan_grain_v2_mobile.jpg,file,ARCHIVE_CANDIDATE,docs/archive/qa_evidence/storefront_design_engine/phase5/w4b_template_curation/implementation/browser_qa_responsive_repair/artisan_grain_v2_mobile.jpg,,TRUE,A
docs/qa_evidence/** (png/webp/js/html/json/css assets beyond 340 textual),docs/qa_evidence/storefront_design_engine/phase5/w4b_template_curation/implementation/browser_qa_responsive_repair/artisan_grain_v2_tablet.jpg,file,ARCHIVE_CANDIDATE,docs/archive/qa_evidence/storefront_design_engine/phase5/w4b_template_curation/implementation/browser_qa_responsive_repair/artisan_grain_v2_tablet.jpg,,TRUE,A
docs/qa_evidence/** (png/webp/js/html/json/css assets beyond 340 textual),docs/qa_evidence/storefront_design_engine/phase5/w4b_template_curation/implementation/browser_qa_responsive_repair/beauty_dew_v2_desktop.jpg,file,ARCHIVE_CANDIDATE,docs/archive/qa_evidence/storefront_design_engine/phase5/w4b_template_curation/implementation/browser_qa_responsive_repair/beauty_dew_v2_desktop.jpg,,TRUE,A
docs/qa_evidence/** (png/webp/js/html/json/css assets beyond 340 textual),docs/qa_evidence/storefront_design_engine/phase5/w4b_template_curation/implementation/browser_qa_responsive_repair/beauty_dew_v2_mobile.jpg,file,ARCHIVE_CANDIDATE,docs/archive/qa_evidence/storefront_design_engine/phase5/w4b_template_curation/implementation/browser_qa_responsive_repair/beauty_dew_v2_mobile.jpg,,TRUE,A
docs/qa_evidence/** (png/webp/js/html/json/css assets beyond 340 textual),docs/qa_evidence/storefront_design_engine/phase5/w4b_template_curation/implementation/browser_qa_responsive_repair/beauty_dew_v2_tablet.jpg,file,ARCHIVE_CANDIDATE,docs/archive/qa_evidence/storefront_design_engine/phase5/w4b_template_curation/implementation/browser_qa_responsive_repair/beauty_dew_v2_tablet.jpg,,TRUE,A
docs/qa_evidence/** (png/webp/js/html/json/css assets beyond 340 textual),docs/qa_evidence/storefront_design_engine/phase5/w4b_template_curation/implementation/browser_qa_responsive_repair/cedar_home_v2_desktop.jpg,file,ARCHIVE_CANDIDATE,docs/archive/qa_evidence/storefront_design_engine/phase5/w4b_template_curation/implementation/browser_qa_responsive_repair/cedar_home_v2_desktop.jpg,,TRUE,A
docs/qa_evidence/** (png/webp/js/html/json/css assets beyond 340 textual),docs/qa_evidence/storefront_design_engine/phase5/w4b_template_curation/implementation/browser_qa_responsive_repair/cedar_home_v2_mobile.jpg,file,ARCHIVE_CANDIDATE,docs/archive/qa_evidence/storefront_design_engine/phase5/w4b_template_curation/implementation/browser_qa_responsive_repair/cedar_home_v2_mobile.jpg,,TRUE,A
docs/qa_evidence/** (png/webp/js/html/json/css assets beyond 340 textual),docs/qa_evidence/storefront_design_engine/phase5/w4b_template_curation/implementation/browser_qa_responsive_repair/cedar_home_v2_tablet.jpg,file,ARCHIVE_CANDIDATE,docs/archive/qa_evidence/storefront_design_engine/phase5/w4b_template_curation/implementation/browser_qa_responsive_repair/cedar_home_v2_tablet.jpg,,TRUE,A
docs/qa_evidence/** (png/webp/js/html/json/css assets beyond 340 textual),docs/qa_evidence/storefront_design_engine/phase5/w4b_template_curation/implementation/browser_qa_responsive_repair/city_classic_v2_desktop.jpg,file,ARCHIVE_CANDIDATE,docs/archive/qa_evidence/storefront_design_engine/phase5/w4b_template_curation/implementation/browser_qa_responsive_repair/city_classic_v2_desktop.jpg,,TRUE,A
docs/qa_evidence/** (png/webp/js/html/json/css assets beyond 340 textual),docs/qa_evidence/storefront_design_engine/phase5/w4b_template_curation/implementation/browser_qa_responsive_repair/city_classic_v2_mobile.jpg,file,ARCHIVE_CANDIDATE,docs/archive/qa_evidence/storefront_design_engine/phase5/w4b_template_curation/implementation/browser_qa_responsive_repair/city_classic_v2_mobile.jpg,,TRUE,A
docs/qa_evidence/** (png/webp/js/html/json/css assets beyond 340 textual),docs/qa_evidence/storefront_design_engine/phase5/w4b_template_curation/implementation/browser_qa_responsive_repair/city_classic_v2_tablet.jpg,file,ARCHIVE_CANDIDATE,docs/archive/qa_evidence/storefront_design_engine/phase5/w4b_template_curation/implementation/browser_qa_responsive_repair/city_classic_v2_tablet.jpg,,TRUE,A
docs/qa_evidence/** (png/webp/js/html/json/css assets beyond 340 textual),docs/qa_evidence/storefront_design_engine/phase5/w4b_template_curation/implementation/browser_qa_responsive_repair/coastal_product_v2_desktop.jpg,file,ARCHIVE_CANDIDATE,docs/archive/qa_evidence/storefront_design_engine/phase5/w4b_template_curation/implementation/browser_qa_responsive_repair/coastal_product_v2_desktop.jpg,,TRUE,A
docs/qa_evidence/** (png/webp/js/html/json/css assets beyond 340 textual),docs/qa_evidence/storefront_design_engine/phase5/w4b_template_curation/implementation/browser_qa_responsive_repair/coastal_product_v2_mobile.jpg,file,ARCHIVE_CANDIDATE,docs/archive/qa_evidence/storefront_design_engine/phase5/w4b_template_curation/implementation/browser_qa_responsive_repair/coastal_product_v2_mobile.jpg,,TRUE,A
docs/qa_evidence/** (png/webp/js/html/json/css assets beyond 340 textual),docs/qa_evidence/storefront_design_engine/phase5/w4b_template_curation/implementation/browser_qa_responsive_repair/coastal_product_v2_tablet.jpg,file,ARCHIVE_CANDIDATE,docs/archive/qa_evidence/storefront_design_engine/phase5/w4b_template_curation/implementation/browser_qa_responsive_repair/coastal_product_v2_tablet.jpg,,TRUE,A
docs/qa_evidence/** (png/webp/js/html/json/css assets beyond 340 textual),docs/qa_evidence/storefront_design_engine/phase5/w4b_template_curation/implementation/browser_qa_responsive_repair/green_workshop_v2_desktop.jpg,file,ARCHIVE_CANDIDATE,docs/archive/qa_evidence/storefront_design_engine/phase5/w4b_template_curation/implementation/browser_qa_responsive_repair/green_workshop_v2_desktop.jpg,,TRUE,A
docs/qa_evidence/** (png/webp/js/html/json/css assets beyond 340 textual),docs/qa_evidence/storefront_design_engine/phase5/w4b_template_curation/implementation/browser_qa_responsive_repair/green_workshop_v2_mobile.jpg,file,ARCHIVE_CANDIDATE,docs/archive/qa_evidence/storefront_design_engine/phase5/w4b_template_curation/implementation/browser_qa_responsive_repair/green_workshop_v2_mobile.jpg,,TRUE,A
docs/qa_evidence/** (png/webp/js/html/json/css assets beyond 340 textual),docs/qa_evidence/storefront_design_engine/phase5/w4b_template_curation/implementation/browser_qa_responsive_repair/green_workshop_v2_tablet.jpg,file,ARCHIVE_CANDIDATE,docs/archive/qa_evidence/storefront_design_engine/phase5/w4b_template_curation/implementation/browser_qa_responsive_repair/green_workshop_v2_tablet.jpg,,TRUE,A
docs/qa_evidence/** (png/webp/js/html/json/css assets beyond 340 textual),docs/qa_evidence/storefront_design_engine/phase5/w4b_template_curation/implementation/browser_qa_responsive_repair/handmade_luxe_v2_desktop.jpg,file,ARCHIVE_CANDIDATE,docs/archive/qa_evidence/storefront_design_engine/phase5/w4b_template_curation/implementation/browser_qa_responsive_repair/handmade_luxe_v2_desktop.jpg,,TRUE,A
docs/qa_evidence/** (png/webp/js/html/json/css assets beyond 340 textual),docs/qa_evidence/storefront_design_engine/phase5/w4b_template_curation/implementation/browser_qa_responsive_repair/handmade_luxe_v2_mobile.jpg,file,ARCHIVE_CANDIDATE,docs/archive/qa_evidence/storefront_design_engine/phase5/w4b_template_curation/implementation/browser_qa_responsive_repair/handmade_luxe_v2_mobile.jpg,,TRUE,A
docs/qa_evidence/** (png/webp/js/html/json/css assets beyond 340 textual),docs/qa_evidence/storefront_design_engine/phase5/w4b_template_curation/implementation/browser_qa_responsive_repair/handmade_luxe_v2_tablet.jpg,file,ARCHIVE_CANDIDATE,docs/archive/qa_evidence/storefront_design_engine/phase5/w4b_template_curation/implementation/browser_qa_responsive_repair/handmade_luxe_v2_tablet.jpg,,TRUE,A
docs/qa_evidence/** (png/webp/js/html/json/css assets beyond 340 textual),docs/qa_evidence/storefront_design_engine/phase5/w4b_template_curation/implementation/browser_qa_responsive_repair/harbor_imports_v2_desktop.jpg,file,ARCHIVE_CANDIDATE,docs/archive/qa_evidence/storefront_design_engine/phase5/w4b_template_curation/implementation/browser_qa_responsive_repair/harbor_imports_v2_desktop.jpg,,TRUE,A
docs/qa_evidence/** (png/webp/js/html/json/css assets beyond 340 textual),docs/qa_evidence/storefront_design_engine/phase5/w4b_template_curation/implementation/browser_qa_responsive_repair/harbor_imports_v2_mobile.jpg,file,ARCHIVE_CANDIDATE,docs/archive/qa_evidence/storefront_design_engine/phase5/w4b_template_curation/implementation/browser_qa_responsive_repair/harbor_imports_v2_mobile.jpg,,TRUE,A
docs/qa_evidence/** (png/webp/js/html/json/css assets beyond 340 textual),docs/qa_evidence/storefront_design_engine/phase5/w4b_template_curation/implementation/browser_qa_responsive_repair/harbor_imports_v2_tablet.jpg,file,ARCHIVE_CANDIDATE,docs/archive/qa_evidence/storefront_design_engine/phase5/w4b_template_curation/implementation/browser_qa_responsive_repair/harbor_imports_v2_tablet.jpg,,TRUE,A
docs/qa_evidence/** (png/webp/js/html/json/css assets beyond 340 textual),docs/qa_evidence/storefront_design_engine/phase5/w4b_template_curation/implementation/browser_qa_responsive_repair/horizon_story_v2_desktop.jpg,file,ARCHIVE_CANDIDATE,docs/archive/qa_evidence/storefront_design_engine/phase5/w4b_template_curation/implementation/browser_qa_responsive_repair/horizon_story_v2_desktop.jpg,,TRUE,A
docs/qa_evidence/** (png/webp/js/html/json/css assets beyond 340 textual),docs/qa_evidence/storefront_design_engine/phase5/w4b_template_curation/implementation/browser_qa_responsive_repair/horizon_story_v2_mobile.jpg,file,ARCHIVE_CANDIDATE,docs/archive/qa_evidence/storefront_design_engine/phase5/w4b_template_curation/implementation/browser_qa_responsive_repair/horizon_story_v2_mobile.jpg,,TRUE,A
docs/qa_evidence/** (png/webp/js/html/json/css assets beyond 340 textual),docs/qa_evidence/storefront_design_engine/phase5/w4b_template_curation/implementation/browser_qa_responsive_repair/horizon_story_v2_tablet.jpg,file,ARCHIVE_CANDIDATE,docs/archive/qa_evidence/storefront_design_engine/phase5/w4b_template_curation/implementation/browser_qa_responsive_repair/horizon_story_v2_tablet.jpg,,TRUE,A
docs/qa_evidence/** (png/webp/js/html/json/css assets beyond 340 textual),docs/qa_evidence/storefront_design_engine/phase5/w4b_template_curation/implementation/browser_qa_responsive_repair/kamand_artisan_v2_desktop.jpg,file,ARCHIVE_CANDIDATE,docs/archive/qa_evidence/storefront_design_engine/phase5/w4b_template_curation/implementation/browser_qa_responsive_repair/kamand_artisan_v2_desktop.jpg,,TRUE,A
docs/qa_evidence/** (png/webp/js/html/json/css assets beyond 340 textual),docs/qa_evidence/storefront_design_engine/phase5/w4b_template_curation/implementation/browser_qa_responsive_repair/kamand_artisan_v2_mobile.jpg,file,ARCHIVE_CANDIDATE,docs/archive/qa_evidence/storefront_design_engine/phase5/w4b_template_curation/implementation/browser_qa_responsive_repair/kamand_artisan_v2_mobile.jpg,,TRUE,A
docs/qa_evidence/** (png/webp/js/html/json/css assets beyond 340 textual),docs/qa_evidence/storefront_design_engine/phase5/w4b_template_curation/implementation/browser_qa_responsive_repair/kamand_artisan_v2_tablet.jpg,file,ARCHIVE_CANDIDATE,docs/archive/qa_evidence/storefront_design_engine/phase5/w4b_template_curation/implementation/browser_qa_responsive_repair/kamand_artisan_v2_tablet.jpg,,TRUE,A
docs/qa_evidence/** (png/webp/js/html/json/css assets beyond 340 textual),docs/qa_evidence/storefront_design_engine/phase5/w4b_template_curation/implementation/browser_qa_responsive_repair/laleh_play_v2_desktop.jpg,file,ARCHIVE_CANDIDATE,docs/archive/qa_evidence/storefront_design_engine/phase5/w4b_template_curation/implementation/browser_qa_responsive_repair/laleh_play_v2_desktop.jpg,,TRUE,A
docs/qa_evidence/** (png/webp/js/html/json/css assets beyond 340 textual),docs/qa_evidence/storefront_design_engine/phase5/w4b_template_curation/implementation/browser_qa_responsive_repair/laleh_play_v2_mobile.jpg,file,ARCHIVE_CANDIDATE,docs/archive/qa_evidence/storefront_design_engine/phase5/w4b_template_curation/implementation/browser_qa_responsive_repair/laleh_play_v2_mobile.jpg,,TRUE,A
docs/qa_evidence/** (png/webp/js/html/json/css assets beyond 340 textual),docs/qa_evidence/storefront_design_engine/phase5/w4b_template_curation/implementation/browser_qa_responsive_repair/laleh_play_v2_tablet.jpg,file,ARCHIVE_CANDIDATE,docs/archive/qa_evidence/storefront_design_engine/phase5/w4b_template_curation/implementation/browser_qa_responsive_repair/laleh_play_v2_tablet.jpg,,TRUE,A
docs/qa_evidence/** (png/webp/js/html/json/css assets beyond 340 textual),docs/qa_evidence/storefront_design_engine/phase5/w4b_template_curation/implementation/browser_qa_responsive_repair/mirror_beauty_v2_desktop.jpg,file,ARCHIVE_CANDIDATE,docs/archive/qa_evidence/storefront_design_engine/phase5/w4b_template_curation/implementation/browser_qa_responsive_repair/mirror_beauty_v2_desktop.jpg,,TRUE,A
docs/qa_evidence/** (png/webp/js/html/json/css assets beyond 340 textual),docs/qa_evidence/storefront_design_engine/phase5/w4b_template_curation/implementation/browser_qa_responsive_repair/mirror_beauty_v2_mobile.jpg,file,ARCHIVE_CANDIDATE,docs/archive/qa_evidence/storefront_design_engine/phase5/w4b_template_curation/implementation/browser_qa_responsive_repair/mirror_beauty_v2_mobile.jpg,,TRUE,A
docs/qa_evidence/** (png/webp/js/html/json/css assets beyond 340 textual),docs/qa_evidence/storefront_design_engine/phase5/w4b_template_curation/implementation/browser_qa_responsive_repair/mirror_beauty_v2_tablet.jpg,file,ARCHIVE_CANDIDATE,docs/archive/qa_evidence/storefront_design_engine/phase5/w4b_template_curation/implementation/browser_qa_responsive_repair/mirror_beauty_v2_tablet.jpg,,TRUE,A
docs/qa_evidence/** (png/webp/js/html/json/css assets beyond 340 textual),docs/qa_evidence/storefront_design_engine/phase5/w4b_template_curation/implementation/browser_qa_responsive_repair/niloufar_glass_v2_desktop.jpg,file,ARCHIVE_CANDIDATE,docs/archive/qa_evidence/storefront_design_engine/phase5/w4b_template_curation/implementation/browser_qa_responsive_repair/niloufar_glass_v2_desktop.jpg,,TRUE,A
docs/qa_evidence/** (png/webp/js/html/json/css assets beyond 340 textual),docs/qa_evidence/storefront_design_engine/phase5/w4b_template_curation/implementation/browser_qa_responsive_repair/niloufar_glass_v2_mobile.jpg,file,ARCHIVE_CANDIDATE,docs/archive/qa_evidence/storefront_design_engine/phase5/w4b_template_curation/implementation/browser_qa_responsive_repair/niloufar_glass_v2_mobile.jpg,,TRUE,A
docs/qa_evidence/** (png/webp/js/html/json/css assets beyond 340 textual),docs/qa_evidence/storefront_design_engine/phase5/w4b_template_curation/implementation/browser_qa_responsive_repair/niloufar_glass_v2_tablet.jpg,file,ARCHIVE_CANDIDATE,docs/archive/qa_evidence/storefront_design_engine/phase5/w4b_template_curation/implementation/browser_qa_responsive_repair/niloufar_glass_v2_tablet.jpg,,TRUE,A
docs/qa_evidence/** (png/webp/js/html/json/css assets beyond 340 textual),docs/qa_evidence/storefront_design_engine/phase5/w4b_template_curation/implementation/browser_qa_responsive_repair/parnian_editorial_v2_desktop.jpg,file,ARCHIVE_CANDIDATE,docs/archive/qa_evidence/storefront_design_engine/phase5/w4b_template_curation/implementation/browser_qa_responsive_repair/parnian_editorial_v2_desktop.jpg,,TRUE,A
docs/qa_evidence/** (png/webp/js/html/json/css assets beyond 340 textual),docs/qa_evidence/storefront_design_engine/phase5/w4b_template_curation/implementation/browser_qa_responsive_repair/parnian_editorial_v2_mobile.jpg,file,ARCHIVE_CANDIDATE,docs/archive/qa_evidence/storefront_design_engine/phase5/w4b_template_curation/implementation/browser_qa_responsive_repair/parnian_editorial_v2_mobile.jpg,,TRUE,A
docs/qa_evidence/** (png/webp/js/html/json/css assets beyond 340 textual),docs/qa_evidence/storefront_design_engine/phase5/w4b_template_curation/implementation/browser_qa_responsive_repair/parnian_editorial_v2_tablet.jpg,file,ARCHIVE_CANDIDATE,docs/archive/qa_evidence/storefront_design_engine/phase5/w4b_template_curation/implementation/browser_qa_responsive_repair/parnian_editorial_v2_tablet.jpg,,TRUE,A
docs/qa_evidence/** (png/webp/js/html/json/css assets beyond 340 textual),docs/qa_evidence/storefront_design_engine/phase5/w4b_template_curation/implementation/browser_qa_responsive_repair/pine_eco_v2_desktop.jpg,file,ARCHIVE_CANDIDATE,docs/archive/qa_evidence/storefront_design_engine/phase5/w4b_template_curation/implementation/browser_qa_responsive_repair/pine_eco_v2_desktop.jpg,,TRUE,A
docs/qa_evidence/** (png/webp/js/html/json/css assets beyond 340 textual),docs/qa_evidence/storefront_design_engine/phase5/w4b_template_curation/implementation/browser_qa_responsive_repair/pine_eco_v2_mobile.jpg,file,ARCHIVE_CANDIDATE,docs/archive/qa_evidence/storefront_design_engine/phase5/w4b_template_curation/implementation/browser_qa_responsive_repair/pine_eco_v2_mobile.jpg,,TRUE,A
docs/qa_evidence/** (png/webp/js/html/json/css assets beyond 340 textual),docs/qa_evidence/storefront_design_engine/phase5/w4b_template_curation/implementation/browser_qa_responsive_repair/pine_eco_v2_tablet.jpg,file,ARCHIVE_CANDIDATE,docs/archive/qa_evidence/storefront_design_engine/phase5/w4b_template_curation/implementation/browser_qa_responsive_repair/pine_eco_v2_tablet.jpg,,TRUE,A
docs/qa_evidence/** (png/webp/js/html/json/css assets beyond 340 textual),docs/qa_evidence/storefront_design_engine/phase5/w4b_template_curation/implementation/browser_qa_responsive_repair/premium_leather_noir_v2_desktop.jpg,file,ARCHIVE_CANDIDATE,docs/archive/qa_evidence/storefront_design_engine/phase5/w4b_template_curation/implementation/browser_qa_responsive_repair/premium_leather_noir_v2_desktop.jpg,,TRUE,A
docs/qa_evidence/** (png/webp/js/html/json/css assets beyond 340 textual),docs/qa_evidence/storefront_design_engine/phase5/w4b_template_curation/implementation/browser_qa_responsive_repair/premium_leather_noir_v2_mobile.jpg,file,ARCHIVE_CANDIDATE,docs/archive/qa_evidence/storefront_design_engine/phase5/w4b_template_curation/implementation/browser_qa_responsive_repair/premium_leather_noir_v2_mobile.jpg,,TRUE,A
docs/qa_evidence/** (png/webp/js/html/json/css assets beyond 340 textual),docs/qa_evidence/storefront_design_engine/phase5/w4b_template_curation/implementation/browser_qa_responsive_repair/premium_leather_noir_v2_tablet.jpg,file,ARCHIVE_CANDIDATE,docs/archive/qa_evidence/storefront_design_engine/phase5/w4b_template_curation/implementation/browser_qa_responsive_repair/premium_leather_noir_v2_tablet.jpg,,TRUE,A
docs/qa_evidence/** (png/webp/js/html/json/css assets beyond 340 textual),docs/qa_evidence/storefront_design_engine/phase5/w4b_template_curation/implementation/browser_qa_responsive_repair/rayan_tech_v2_desktop.jpg,file,ARCHIVE_CANDIDATE,docs/archive/qa_evidence/storefront_design_engine/phase5/w4b_template_curation/implementation/browser_qa_responsive_repair/rayan_tech_v2_desktop.jpg,,TRUE,A
docs/qa_evidence/** (png/webp/js/html/json/css assets beyond 340 textual),docs/qa_evidence/storefront_design_engine/phase5/w4b_template_curation/implementation/browser_qa_responsive_repair/rayan_tech_v2_mobile.jpg,file,ARCHIVE_CANDIDATE,docs/archive/qa_evidence/storefront_design_engine/phase5/w4b_template_curation/implementation/browser_qa_responsive_repair/rayan_tech_v2_mobile.jpg,,TRUE,A
docs/qa_evidence/** (png/webp/js/html/json/css assets beyond 340 textual),docs/qa_evidence/storefront_design_engine/phase5/w4b_template_curation/implementation/browser_qa_responsive_repair/rayan_tech_v2_tablet.jpg,file,ARCHIVE_CANDIDATE,docs/archive/qa_evidence/storefront_design_engine/phase5/w4b_template_curation/implementation/browser_qa_responsive_repair/rayan_tech_v2_tablet.jpg,,TRUE,A
docs/qa_evidence/** (png/webp/js/html/json/css assets beyond 340 textual),docs/qa_evidence/storefront_design_engine/phase5/w4b_template_curation/implementation/browser_qa_responsive_repair/silk_editorial_v2_desktop.jpg,file,ARCHIVE_CANDIDATE,docs/archive/qa_evidence/storefront_design_engine/phase5/w4b_template_curation/implementation/browser_qa_responsive_repair/silk_editorial_v2_desktop.jpg,,TRUE,A
docs/qa_evidence/** (png/webp/js/html/json/css assets beyond 340 textual),docs/qa_evidence/storefront_design_engine/phase5/w4b_template_curation/implementation/browser_qa_responsive_repair/silk_editorial_v2_mobile.jpg,file,ARCHIVE_CANDIDATE,docs/archive/qa_evidence/storefront_design_engine/phase5/w4b_template_curation/implementation/browser_qa_responsive_repair/silk_editorial_v2_mobile.jpg,,TRUE,A
docs/qa_evidence/** (png/webp/js/html/json/css assets beyond 340 textual),docs/qa_evidence/storefront_design_engine/phase5/w4b_template_curation/implementation/browser_qa_responsive_repair/silk_editorial_v2_tablet.jpg,file,ARCHIVE_CANDIDATE,docs/archive/qa_evidence/storefront_design_engine/phase5/w4b_template_curation/implementation/browser_qa_responsive_repair/silk_editorial_v2_tablet.jpg,,TRUE,A
docs/qa_evidence/** (png/webp/js/html/json/css assets beyond 340 textual),docs/qa_evidence/storefront_design_engine/phase5/w4b_template_curation/implementation/browser_qa_responsive_repair/simorgh_market_v2_desktop.jpg,file,ARCHIVE_CANDIDATE,docs/archive/qa_evidence/storefront_design_engine/phase5/w4b_template_curation/implementation/browser_qa_responsive_repair/simorgh_market_v2_desktop.jpg,,TRUE,A
docs/qa_evidence/** (png/webp/js/html/json/css assets beyond 340 textual),docs/qa_evidence/storefront_design_engine/phase5/w4b_template_curation/implementation/browser_qa_responsive_repair/simorgh_market_v2_mobile.jpg,file,ARCHIVE_CANDIDATE,docs/archive/qa_evidence/storefront_design_engine/phase5/w4b_template_curation/implementation/browser_qa_responsive_repair/simorgh_market_v2_mobile.jpg,,TRUE,A
docs/qa_evidence/** (png/webp/js/html/json/css assets beyond 340 textual),docs/qa_evidence/storefront_design_engine/phase5/w4b_template_curation/implementation/browser_qa_responsive_repair/simorgh_market_v2_tablet.jpg,file,ARCHIVE_CANDIDATE,docs/archive/qa_evidence/storefront_design_engine/phase5/w4b_template_curation/implementation/browser_qa_responsive_repair/simorgh_market_v2_tablet.jpg,,TRUE,A
docs/qa_evidence/** (png/webp/js/html/json/css assets beyond 340 textual),docs/qa_evidence/storefront_design_engine/phase5/w4b_template_curation/implementation/browser_qa_responsive_repair/summary.json,file,ARCHIVE_CANDIDATE,docs/archive/qa_evidence/storefront_design_engine/phase5/w4b_template_curation/implementation/browser_qa_responsive_repair/summary.json,,TRUE,A
docs/qa_evidence/** (png/webp/js/html/json/css assets beyond 340 textual),docs/qa_evidence/storefront_design_engine/phase5/w4b_template_curation/implementation/browser_qa_responsive_repair/watchmaker_round_v2_desktop.jpg,file,ARCHIVE_CANDIDATE,docs/archive/qa_evidence/storefront_design_engine/phase5/w4b_template_curation/implementation/browser_qa_responsive_repair/watchmaker_round_v2_desktop.jpg,,TRUE,A
docs/qa_evidence/** (png/webp/js/html/json/css assets beyond 340 textual),docs/qa_evidence/storefront_design_engine/phase5/w4b_template_curation/implementation/browser_qa_responsive_repair/watchmaker_round_v2_mobile.jpg,file,ARCHIVE_CANDIDATE,docs/archive/qa_evidence/storefront_design_engine/phase5/w4b_template_curation/implementation/browser_qa_responsive_repair/watchmaker_round_v2_mobile.jpg,,TRUE,A
docs/qa_evidence/** (png/webp/js/html/json/css assets beyond 340 textual),docs/qa_evidence/storefront_design_engine/phase5/w4b_template_curation/implementation/browser_qa_responsive_repair/watchmaker_round_v2_tablet.jpg,file,ARCHIVE_CANDIDATE,docs/archive/qa_evidence/storefront_design_engine/phase5/w4b_template_curation/implementation/browser_qa_responsive_repair/watchmaker_round_v2_tablet.jpg,,TRUE,A
docs/qa_evidence/** (png/webp/js/html/json/css assets beyond 340 textual),docs/qa_evidence/storefront_design_engine/phase5/w4b_template_curation/w4b_curation_inventory.md,file,KEEP_HISTORICAL_REFERENCE,,RETAINED_KEEP,FALSE,
docs/qa_evidence/** (png/webp/js/html/json/css assets beyond 340 textual),docs/qa_evidence/storefront_design_engine/phase5/w5_discovery/authority_map.md,file,ARCHIVE_CANDIDATE,docs/archive/qa_evidence/storefront_design_engine/phase5/w5_discovery/authority_map.md,,TRUE,A
docs/qa_evidence/** (png/webp/js/html/json/css assets beyond 340 textual),docs/qa_evidence/storefront_design_engine/phase5/w5_discovery/current_state_inventory.md,file,ARCHIVE_CANDIDATE,docs/archive/qa_evidence/storefront_design_engine/phase5/w5_discovery/current_state_inventory.md,,TRUE,A
docs/qa_evidence/** (png/webp/js/html/json/css assets beyond 340 textual),docs/qa_evidence/storefront_design_engine/phase5/w5_discovery/gap_matrix.md,file,ARCHIVE_CANDIDATE,docs/archive/qa_evidence/storefront_design_engine/phase5/w5_discovery/gap_matrix.md,,TRUE,A
docs/qa_evidence/** (png/webp/js/html/json/css assets beyond 340 textual),docs/qa_evidence/storefront_design_engine/phase5/w5_discovery/merchant_journeys.md,file,ARCHIVE_CANDIDATE,docs/archive/qa_evidence/storefront_design_engine/phase5/w5_discovery/merchant_journeys.md,,TRUE,A
docs/qa_evidence/** (png/webp/js/html/json/css assets beyond 340 textual),docs/qa_evidence/storefront_design_engine/phase5/w5a_canonical_editor_safety/browser_qa.md,file,ARCHIVE_CANDIDATE,docs/archive/qa_evidence/storefront_design_engine/phase5/w5a_canonical_editor_safety/browser_qa.md,,TRUE,A
docs/qa_evidence/** (png/webp/js/html/json/css assets beyond 340 textual),docs/qa_evidence/storefront_design_engine/phase5/w5a_canonical_editor_safety/browser_qa_raw_output.txt,file,ARCHIVE_CANDIDATE,docs/archive/qa_evidence/storefront_design_engine/phase5/w5a_canonical_editor_safety/browser_qa_raw_output.txt,,TRUE,A
docs/qa_evidence/** (png/webp/js/html/json/css assets beyond 340 textual),docs/qa_evidence/storefront_design_engine/phase5/w5a_canonical_editor_safety/code_review.md,file,ARCHIVE_CANDIDATE,docs/archive/qa_evidence/storefront_design_engine/phase5/w5a_canonical_editor_safety/code_review.md,,TRUE,A
docs/qa_evidence/** (png/webp/js/html/json/css assets beyond 340 textual),docs/qa_evidence/storefront_design_engine/phase5/w5a_canonical_editor_safety/concurrency_contract.md,file,ARCHIVE_CANDIDATE,docs/archive/qa_evidence/storefront_design_engine/phase5/w5a_canonical_editor_safety/concurrency_contract.md,,TRUE,A
docs/qa_evidence/** (png/webp/js/html/json/css assets beyond 340 textual),docs/qa_evidence/storefront_design_engine/phase5/w5a_canonical_editor_safety/final_report.md,file,ARCHIVE_CANDIDATE,docs/archive/qa_evidence/storefront_design_engine/phase5/w5a_canonical_editor_safety/final_report.md,,TRUE,A
docs/qa_evidence/** (png/webp/js/html/json/css assets beyond 340 textual),docs/qa_evidence/storefront_design_engine/phase5/w5a_canonical_editor_safety/focused_tests.txt,file,ARCHIVE_CANDIDATE,docs/archive/qa_evidence/storefront_design_engine/phase5/w5a_canonical_editor_safety/focused_tests.txt,,TRUE,A
docs/qa_evidence/** (png/webp/js/html/json/css assets beyond 340 textual),docs/qa_evidence/storefront_design_engine/phase5/w5a_canonical_editor_safety/full_suite_identity_comparison.md,file,ARCHIVE_CANDIDATE,docs/archive/qa_evidence/storefront_design_engine/phase5/w5a_canonical_editor_safety/full_suite_identity_comparison.md,,TRUE,A
docs/qa_evidence/** (png/webp/js/html/json/css assets beyond 340 textual),docs/qa_evidence/storefront_design_engine/phase5/w5a_canonical_editor_safety/round2_tdd_green.txt,file,ARCHIVE_CANDIDATE,docs/archive/qa_evidence/storefront_design_engine/phase5/w5a_canonical_editor_safety/round2_tdd_green.txt,,TRUE,A
docs/qa_evidence/** (png/webp/js/html/json/css assets beyond 340 textual),docs/qa_evidence/storefront_design_engine/phase5/w5a_canonical_editor_safety/round2_tdd_red.txt,file,ARCHIVE_CANDIDATE,docs/archive/qa_evidence/storefront_design_engine/phase5/w5a_canonical_editor_safety/round2_tdd_red.txt,,TRUE,A
docs/qa_evidence/** (png/webp/js/html/json/css assets beyond 340 textual),docs/qa_evidence/storefront_design_engine/phase5/w5a_canonical_editor_safety/route_classification.md,file,ARCHIVE_CANDIDATE,docs/archive/qa_evidence/storefront_design_engine/phase5/w5a_canonical_editor_safety/route_classification.md,,TRUE,A
docs/qa_evidence/** (png/webp/js/html/json/css assets beyond 340 textual),docs/qa_evidence/storefront_design_engine/phase5/w5a_canonical_editor_safety/source_diff.md,file,ARCHIVE_CANDIDATE,docs/archive/qa_evidence/storefront_design_engine/phase5/w5a_canonical_editor_safety/source_diff.md,,TRUE,A
docs/qa_evidence/** (png/webp/js/html/json/css assets beyond 340 textual),docs/qa_evidence/storefront_design_engine/phase5/w5a_canonical_editor_safety/starting_state.md,file,ARCHIVE_CANDIDATE,docs/archive/qa_evidence/storefront_design_engine/phase5/w5a_canonical_editor_safety/starting_state.md,,TRUE,A
docs/qa_evidence/** (png/webp/js/html/json/css assets beyond 340 textual),docs/qa_evidence/storefront_design_engine/phase5/w5a_canonical_editor_safety/tdd_green.txt,file,ARCHIVE_CANDIDATE,docs/archive/qa_evidence/storefront_design_engine/phase5/w5a_canonical_editor_safety/tdd_green.txt,,TRUE,A
docs/qa_evidence/** (png/webp/js/html/json/css assets beyond 340 textual),docs/qa_evidence/storefront_design_engine/phase5/w5a_canonical_editor_safety/tdd_red.txt,file,ARCHIVE_CANDIDATE,docs/archive/qa_evidence/storefront_design_engine/phase5/w5a_canonical_editor_safety/tdd_red.txt,,TRUE,A
docs/qa_evidence/** (png/webp/js/html/json/css assets beyond 340 textual),docs/qa_evidence/storefront_design_engine/phase5/w5a_canonical_editor_safety/w5a_merge_checkpoint.md,file,ARCHIVE_CANDIDATE,docs/archive/qa_evidence/storefront_design_engine/phase5/w5a_canonical_editor_safety/w5a_merge_checkpoint.md,,TRUE,A
docs/qa_evidence/** (png/webp/js/html/json/css assets beyond 340 textual),docs/qa_evidence/storefront_design_engine/phase5/w5b_mobile_bottom_nav_r4_parity/authority_chain.md,file,ARCHIVE_CANDIDATE,docs/archive/qa_evidence/storefront_design_engine/phase5/w5b_mobile_bottom_nav_r4_parity/authority_chain.md,,TRUE,A
docs/qa_evidence/** (png/webp/js/html/json/css assets beyond 340 textual),docs/qa_evidence/storefront_design_engine/phase5/w5b_mobile_bottom_nav_r4_parity/browser_qa.md,file,ARCHIVE_CANDIDATE,docs/archive/qa_evidence/storefront_design_engine/phase5/w5b_mobile_bottom_nav_r4_parity/browser_qa.md,,TRUE,A
docs/qa_evidence/** (png/webp/js/html/json/css assets beyond 340 textual),docs/qa_evidence/storefront_design_engine/phase5/w5b_mobile_bottom_nav_r4_parity/browser_qa_console.txt,file,ARCHIVE_CANDIDATE,docs/archive/qa_evidence/storefront_design_engine/phase5/w5b_mobile_bottom_nav_r4_parity/browser_qa_console.txt,,TRUE,A
docs/qa_evidence/** (png/webp/js/html/json/css assets beyond 340 textual),docs/qa_evidence/storefront_design_engine/phase5/w5b_mobile_bottom_nav_r4_parity/browser_qa_console_repair.txt,file,ARCHIVE_CANDIDATE,docs/archive/qa_evidence/storefront_design_engine/phase5/w5b_mobile_bottom_nav_r4_parity/browser_qa_console_repair.txt,,TRUE,A
docs/qa_evidence/** (png/webp/js/html/json/css assets beyond 340 textual),docs/qa_evidence/storefront_design_engine/phase5/w5b_mobile_bottom_nav_r4_parity/browser_qa_results.json,file,ARCHIVE_CANDIDATE,docs/archive/qa_evidence/storefront_design_engine/phase5/w5b_mobile_bottom_nav_r4_parity/browser_qa_results.json,,TRUE,A
docs/qa_evidence/** (png/webp/js/html/json/css assets beyond 340 textual),docs/qa_evidence/storefront_design_engine/phase5/w5b_mobile_bottom_nav_r4_parity/browser_qa_results_repair.json,file,ARCHIVE_CANDIDATE,docs/archive/qa_evidence/storefront_design_engine/phase5/w5b_mobile_bottom_nav_r4_parity/browser_qa_results_repair.json,,TRUE,A
docs/qa_evidence/** (png/webp/js/html/json/css assets beyond 340 textual),docs/qa_evidence/storefront_design_engine/phase5/w5b_mobile_bottom_nav_r4_parity/code_review.md,file,ARCHIVE_CANDIDATE,docs/archive/qa_evidence/storefront_design_engine/phase5/w5b_mobile_bottom_nav_r4_parity/code_review.md,,TRUE,A
docs/qa_evidence/** (png/webp/js/html/json/css assets beyond 340 textual),docs/qa_evidence/storefront_design_engine/phase5/w5b_mobile_bottom_nav_r4_parity/final_report.md,file,ARCHIVE_CANDIDATE,docs/archive/qa_evidence/storefront_design_engine/phase5/w5b_mobile_bottom_nav_r4_parity/final_report.md,,TRUE,A
docs/qa_evidence/** (png/webp/js/html/json/css assets beyond 340 textual),docs/qa_evidence/storefront_design_engine/phase5/w5b_mobile_bottom_nav_r4_parity/focused_tests.txt,file,ARCHIVE_CANDIDATE,docs/archive/qa_evidence/storefront_design_engine/phase5/w5b_mobile_bottom_nav_r4_parity/focused_tests.txt,,TRUE,A
docs/qa_evidence/** (png/webp/js/html/json/css assets beyond 340 textual),docs/qa_evidence/storefront_design_engine/phase5/w5b_mobile_bottom_nav_r4_parity/full_suite_identity_comparison.md,file,ARCHIVE_CANDIDATE,docs/archive/qa_evidence/storefront_design_engine/phase5/w5b_mobile_bottom_nav_r4_parity/full_suite_identity_comparison.md,,TRUE,A
docs/qa_evidence/** (png/webp/js/html/json/css assets beyond 340 textual),docs/qa_evidence/storefront_design_engine/phase5/w5b_mobile_bottom_nav_r4_parity/implementation_plan_summary.md,file,ARCHIVE_CANDIDATE,docs/archive/qa_evidence/storefront_design_engine/phase5/w5b_mobile_bottom_nav_r4_parity/implementation_plan_summary.md,,TRUE,A
docs/qa_evidence/** (png/webp/js/html/json/css assets beyond 340 textual),docs/qa_evidence/storefront_design_engine/phase5/w5b_mobile_bottom_nav_r4_parity/screenshots/01-draft-preview-mobile-four_item.png,file,ARCHIVE_CANDIDATE,docs/archive/qa_evidence/storefront_design_engine/phase5/w5b_mobile_bottom_nav_r4_parity/screenshots/01-draft-preview-mobile-four_item.png,,TRUE,A
docs/qa_evidence/** (png/webp/js/html/json/css assets beyond 340 textual),docs/qa_evidence/storefront_design_engine/phase5/w5b_mobile_bottom_nav_r4_parity/screenshots/02-public-mobile-four_item.png,file,ARCHIVE_CANDIDATE,docs/archive/qa_evidence/storefront_design_engine/phase5/w5b_mobile_bottom_nav_r4_parity/screenshots/02-public-mobile-four_item.png,,TRUE,A
docs/qa_evidence/** (png/webp/js/html/json/css assets beyond 340 textual),docs/qa_evidence/storefront_design_engine/phase5/w5b_mobile_bottom_nav_r4_parity/screenshots/03-fresh-draft-hidden-mobile.png,file,ARCHIVE_CANDIDATE,docs/archive/qa_evidence/storefront_design_engine/phase5/w5b_mobile_bottom_nav_r4_parity/screenshots/03-fresh-draft-hidden-mobile.png,,TRUE,A
docs/qa_evidence/** (png/webp/js/html/json/css assets beyond 340 textual),docs/qa_evidence/storefront_design_engine/phase5/w5b_mobile_bottom_nav_r4_parity/sibling_isolation.md,file,ARCHIVE_CANDIDATE,docs/archive/qa_evidence/storefront_design_engine/phase5/w5b_mobile_bottom_nav_r4_parity/sibling_isolation.md,,TRUE,A
docs/qa_evidence/** (png/webp/js/html/json/css assets beyond 340 textual),docs/qa_evidence/storefront_design_engine/phase5/w5b_mobile_bottom_nav_r4_parity/source_diff.md,file,ARCHIVE_CANDIDATE,docs/archive/qa_evidence/storefront_design_engine/phase5/w5b_mobile_bottom_nav_r4_parity/source_diff.md,,TRUE,A
docs/qa_evidence/** (png/webp/js/html/json/css assets beyond 340 textual),docs/qa_evidence/storefront_design_engine/phase5/w5b_mobile_bottom_nav_r4_parity/starting_state.md,file,ARCHIVE_CANDIDATE,docs/archive/qa_evidence/storefront_design_engine/phase5/w5b_mobile_bottom_nav_r4_parity/starting_state.md,,TRUE,A
docs/qa_evidence/** (png/webp/js/html/json/css assets beyond 340 textual),docs/qa_evidence/storefront_design_engine/phase5/w5b_mobile_bottom_nav_r4_parity/tdd_green.txt,file,ARCHIVE_CANDIDATE,docs/archive/qa_evidence/storefront_design_engine/phase5/w5b_mobile_bottom_nav_r4_parity/tdd_green.txt,,TRUE,A
docs/qa_evidence/** (png/webp/js/html/json/css assets beyond 340 textual),docs/qa_evidence/storefront_design_engine/phase5/w5b_mobile_bottom_nav_r4_parity/tdd_red.txt,file,ARCHIVE_CANDIDATE,docs/archive/qa_evidence/storefront_design_engine/phase5/w5b_mobile_bottom_nav_r4_parity/tdd_red.txt,,TRUE,A
docs/qa_evidence/** (png/webp/js/html/json/css assets beyond 340 textual),docs/qa_evidence/storefront_design_engine/phase5/w5b_mobile_bottom_nav_r4_parity/w5b_merge_checkpoint.md,file,ARCHIVE_CANDIDATE,docs/archive/qa_evidence/storefront_design_engine/phase5/w5b_mobile_bottom_nav_r4_parity/w5b_merge_checkpoint.md,,TRUE,A
docs/qa_evidence/** (png/webp/js/html/json/css assets beyond 340 textual),docs/qa_evidence/storefront_design_engine/phase5/w5c_ready_template_preview_ux/accessibility_review.md,file,ARCHIVE_CANDIDATE,docs/archive/qa_evidence/storefront_design_engine/phase5/w5c_ready_template_preview_ux/accessibility_review.md,,TRUE,A
docs/qa_evidence/** (png/webp/js/html/json/css assets beyond 340 textual),docs/qa_evidence/storefront_design_engine/phase5/w5c_ready_template_preview_ux/browser_qa.md,file,ARCHIVE_CANDIDATE,docs/archive/qa_evidence/storefront_design_engine/phase5/w5c_ready_template_preview_ux/browser_qa.md,,TRUE,A
docs/qa_evidence/** (png/webp/js/html/json/css assets beyond 340 textual),docs/qa_evidence/storefront_design_engine/phase5/w5c_ready_template_preview_ux/browser_qa_console.txt,file,ARCHIVE_CANDIDATE,docs/archive/qa_evidence/storefront_design_engine/phase5/w5c_ready_template_preview_ux/browser_qa_console.txt,,TRUE,A
docs/qa_evidence/** (png/webp/js/html/json/css assets beyond 340 textual),docs/qa_evidence/storefront_design_engine/phase5/w5c_ready_template_preview_ux/browser_qa_console_repair.txt,file,ARCHIVE_CANDIDATE,docs/archive/qa_evidence/storefront_design_engine/phase5/w5c_ready_template_preview_ux/browser_qa_console_repair.txt,,TRUE,A
docs/qa_evidence/** (png/webp/js/html/json/css assets beyond 340 textual),docs/qa_evidence/storefront_design_engine/phase5/w5c_ready_template_preview_ux/browser_qa_results.json,file,ARCHIVE_CANDIDATE,docs/archive/qa_evidence/storefront_design_engine/phase5/w5c_ready_template_preview_ux/browser_qa_results.json,,TRUE,A
docs/qa_evidence/** (png/webp/js/html/json/css assets beyond 340 textual),docs/qa_evidence/storefront_design_engine/phase5/w5c_ready_template_preview_ux/browser_qa_results_repair.json,file,ARCHIVE_CANDIDATE,docs/archive/qa_evidence/storefront_design_engine/phase5/w5c_ready_template_preview_ux/browser_qa_results_repair.json,,TRUE,A
docs/qa_evidence/** (png/webp/js/html/json/css assets beyond 340 textual),docs/qa_evidence/storefront_design_engine/phase5/w5c_ready_template_preview_ux/code_review.md,file,ARCHIVE_CANDIDATE,docs/archive/qa_evidence/storefront_design_engine/phase5/w5c_ready_template_preview_ux/code_review.md,,TRUE,A
docs/qa_evidence/** (png/webp/js/html/json/css assets beyond 340 textual),docs/qa_evidence/storefront_design_engine/phase5/w5c_ready_template_preview_ux/final_report.md,file,ARCHIVE_CANDIDATE,docs/archive/qa_evidence/storefront_design_engine/phase5/w5c_ready_template_preview_ux/final_report.md,,TRUE,A
docs/qa_evidence/** (png/webp/js/html/json/css assets beyond 340 textual),docs/qa_evidence/storefront_design_engine/phase5/w5c_ready_template_preview_ux/focused_tests.txt,file,ARCHIVE_CANDIDATE,docs/archive/qa_evidence/storefront_design_engine/phase5/w5c_ready_template_preview_ux/focused_tests.txt,,TRUE,A
docs/qa_evidence/** (png/webp/js/html/json/css assets beyond 340 textual),docs/qa_evidence/storefront_design_engine/phase5/w5c_ready_template_preview_ux/focused_tests_repair.txt,file,ARCHIVE_CANDIDATE,docs/archive/qa_evidence/storefront_design_engine/phase5/w5c_ready_template_preview_ux/focused_tests_repair.txt,,TRUE,A
docs/qa_evidence/** (png/webp/js/html/json/css assets beyond 340 textual),docs/qa_evidence/storefront_design_engine/phase5/w5c_ready_template_preview_ux/full_suite_identity_comparison.md,file,ARCHIVE_CANDIDATE,docs/archive/qa_evidence/storefront_design_engine/phase5/w5c_ready_template_preview_ux/full_suite_identity_comparison.md,,TRUE,A
docs/qa_evidence/** (png/webp/js/html/json/css assets beyond 340 textual),docs/qa_evidence/storefront_design_engine/phase5/w5c_ready_template_preview_ux/implementation_plan_summary.md,file,ARCHIVE_CANDIDATE,docs/archive/qa_evidence/storefront_design_engine/phase5/w5c_ready_template_preview_ux/implementation_plan_summary.md,,TRUE,A
docs/qa_evidence/** (png/webp/js/html/json/css assets beyond 340 textual),docs/qa_evidence/storefront_design_engine/phase5/w5c_ready_template_preview_ux/non_mutation_proof.md,file,ARCHIVE_CANDIDATE,docs/archive/qa_evidence/storefront_design_engine/phase5/w5c_ready_template_preview_ux/non_mutation_proof.md,,TRUE,A
docs/qa_evidence/** (png/webp/js/html/json/css assets beyond 340 textual),docs/qa_evidence/storefront_design_engine/phase5/w5c_ready_template_preview_ux/preview_authority_chain.md,file,ARCHIVE_CANDIDATE,docs/archive/qa_evidence/storefront_design_engine/phase5/w5c_ready_template_preview_ux/preview_authority_chain.md,,TRUE,A
docs/qa_evidence/** (png/webp/js/html/json/css assets beyond 340 textual),docs/qa_evidence/storefront_design_engine/phase5/w5c_ready_template_preview_ux/screenshots/01-gallery.png,file,ARCHIVE_CANDIDATE,docs/archive/qa_evidence/storefront_design_engine/phase5/w5c_ready_template_preview_ux/screenshots/01-gallery.png,,TRUE,A
docs/qa_evidence/** (png/webp/js/html/json/css assets beyond 340 textual),docs/qa_evidence/storefront_design_engine/phase5/w5c_ready_template_preview_ux/screenshots/02-preview-desktop.png,file,ARCHIVE_CANDIDATE,docs/archive/qa_evidence/storefront_design_engine/phase5/w5c_ready_template_preview_ux/screenshots/02-preview-desktop.png,,TRUE,A
docs/qa_evidence/** (png/webp/js/html/json/css assets beyond 340 textual),docs/qa_evidence/storefront_design_engine/phase5/w5c_ready_template_preview_ux/screenshots/03-preview-tablet.png,file,ARCHIVE_CANDIDATE,docs/archive/qa_evidence/storefront_design_engine/phase5/w5c_ready_template_preview_ux/screenshots/03-preview-tablet.png,,TRUE,A
docs/qa_evidence/** (png/webp/js/html/json/css assets beyond 340 textual),docs/qa_evidence/storefront_design_engine/phase5/w5c_ready_template_preview_ux/screenshots/04-preview-mobile.png,file,ARCHIVE_CANDIDATE,docs/archive/qa_evidence/storefront_design_engine/phase5/w5c_ready_template_preview_ux/screenshots/04-preview-mobile.png,,TRUE,A
docs/qa_evidence/** (png/webp/js/html/json/css assets beyond 340 textual),docs/qa_evidence/storefront_design_engine/phase5/w5c_ready_template_preview_ux/screenshots/05-preview-demo-mode.png,file,ARCHIVE_CANDIDATE,docs/archive/qa_evidence/storefront_design_engine/phase5/w5c_ready_template_preview_ux/screenshots/05-preview-demo-mode.png,,TRUE,A
docs/qa_evidence/** (png/webp/js/html/json/css assets beyond 340 textual),docs/qa_evidence/storefront_design_engine/phase5/w5c_ready_template_preview_ux/source_diff.md,file,ARCHIVE_CANDIDATE,docs/archive/qa_evidence/storefront_design_engine/phase5/w5c_ready_template_preview_ux/source_diff.md,,TRUE,A
docs/qa_evidence/** (png/webp/js/html/json/css assets beyond 340 textual),docs/qa_evidence/storefront_design_engine/phase5/w5c_ready_template_preview_ux/starting_state.md,file,ARCHIVE_CANDIDATE,docs/archive/qa_evidence/storefront_design_engine/phase5/w5c_ready_template_preview_ux/starting_state.md,,TRUE,A
docs/qa_evidence/** (png/webp/js/html/json/css assets beyond 340 textual),docs/qa_evidence/storefront_design_engine/phase5/w5c_ready_template_preview_ux/tdd_green.txt,file,ARCHIVE_CANDIDATE,docs/archive/qa_evidence/storefront_design_engine/phase5/w5c_ready_template_preview_ux/tdd_green.txt,,TRUE,A
docs/qa_evidence/** (png/webp/js/html/json/css assets beyond 340 textual),docs/qa_evidence/storefront_design_engine/phase5/w5c_ready_template_preview_ux/tdd_red.txt,file,ARCHIVE_CANDIDATE,docs/archive/qa_evidence/storefront_design_engine/phase5/w5c_ready_template_preview_ux/tdd_red.txt,,TRUE,A
docs/qa_evidence/** (png/webp/js/html/json/css assets beyond 340 textual),docs/qa_evidence/storefront_design_engine/phase5/w5c_ready_template_preview_ux/w5c_demo_draft_after.json,file,ARCHIVE_CANDIDATE,docs/archive/qa_evidence/storefront_design_engine/phase5/w5c_ready_template_preview_ux/w5c_demo_draft_after.json,,TRUE,A
docs/qa_evidence/** (png/webp/js/html/json/css assets beyond 340 textual),docs/qa_evidence/storefront_design_engine/phase5/w5c_ready_template_preview_ux/w5c_demo_draft_before.json,file,ARCHIVE_CANDIDATE,docs/archive/qa_evidence/storefront_design_engine/phase5/w5c_ready_template_preview_ux/w5c_demo_draft_before.json,,TRUE,A
docs/qa_evidence/** (png/webp/js/html/json/css assets beyond 340 textual),docs/qa_evidence/storefront_design_engine/phase5/w5c_ready_template_preview_ux/w5c_draft_after.json,file,ARCHIVE_CANDIDATE,docs/archive/qa_evidence/storefront_design_engine/phase5/w5c_ready_template_preview_ux/w5c_draft_after.json,,TRUE,A
docs/qa_evidence/** (png/webp/js/html/json/css assets beyond 340 textual),docs/qa_evidence/storefront_design_engine/phase5/w5c_ready_template_preview_ux/w5c_draft_after_repair.json,file,ARCHIVE_CANDIDATE,docs/archive/qa_evidence/storefront_design_engine/phase5/w5c_ready_template_preview_ux/w5c_draft_after_repair.json,,TRUE,A
docs/qa_evidence/** (png/webp/js/html/json/css assets beyond 340 textual),docs/qa_evidence/storefront_design_engine/phase5/w5c_ready_template_preview_ux/w5c_draft_before.json,file,ARCHIVE_CANDIDATE,docs/archive/qa_evidence/storefront_design_engine/phase5/w5c_ready_template_preview_ux/w5c_draft_before.json,,TRUE,A
docs/qa_evidence/** (png/webp/js/html/json/css assets beyond 340 textual),docs/qa_evidence/storefront_design_engine/phase5/w5c_ready_template_preview_ux/w5c_draft_before_repair.json,file,ARCHIVE_CANDIDATE,docs/archive/qa_evidence/storefront_design_engine/phase5/w5c_ready_template_preview_ux/w5c_draft_before_repair.json,,TRUE,A
docs/qa_evidence/** (png/webp/js/html/json/css assets beyond 340 textual),docs/qa_evidence/storefront_design_engine/phase5/w5c_ready_template_preview_ux/w5c_merge_checkpoint.md,file,ARCHIVE_CANDIDATE,docs/archive/qa_evidence/storefront_design_engine/phase5/w5c_ready_template_preview_ux/w5c_merge_checkpoint.md,,TRUE,A
docs/reference-kits/** assets,docs/reference-kits/rastisi-11-families-v3/ACCEPTANCE_GATES_FA.md,file,ARCHIVE_CANDIDATE,docs/archive/reference-kits/rastisi-11-families-v3/ACCEPTANCE_GATES_FA.md,,TRUE,D
docs/reference-kits/** assets,docs/reference-kits/rastisi-11-families-v3/KIRO_MASTER_PROMPT_FA.md,file,ARCHIVE_CANDIDATE,docs/archive/reference-kits/rastisi-11-families-v3/KIRO_MASTER_PROMPT_FA.md,,TRUE,D
docs/reference-kits/** assets,docs/reference-kits/rastisi-11-families-v3/README_FA.md,file,ARCHIVE_CANDIDATE,docs/archive/reference-kits/rastisi-11-families-v3/README_FA.md,,TRUE,D
docs/reference-kits/** assets,docs/reference-kits/rastisi-11-families-v3/RESPONSIVE_CONTRACT_FA.md,file,ARCHIVE_CANDIDATE,docs/archive/reference-kits/rastisi-11-families-v3/RESPONSIVE_CONTRACT_FA.md,,TRUE,D
docs/reference-kits/** assets,docs/reference-kits/rastisi-11-families-v3/SOURCE_AUDIT_FA.md,file,ARCHIVE_CANDIDATE,docs/archive/reference-kits/rastisi-11-families-v3/SOURCE_AUDIT_FA.md,,TRUE,D
docs/reference-kits/** assets,docs/reference-kits/rastisi-11-families-v3/VALIDATION_REPORT_FA.md,file,ARCHIVE_CANDIDATE,docs/archive/reference-kits/rastisi-11-families-v3/VALIDATION_REPORT_FA.md,,TRUE,D
docs/reference-kits/** assets,docs/reference-kits/rastisi-11-families-v3/checksums.sha256,file,ARCHIVE_CANDIDATE,docs/archive/reference-kits/rastisi-11-families-v3/checksums.sha256,,TRUE,D
docs/reference-kits/** assets,docs/reference-kits/rastisi-11-families-v3/contracts/badge-matrix.yaml,file,ARCHIVE_CANDIDATE,docs/archive/reference-kits/rastisi-11-families-v3/contracts/badge-matrix.yaml,,TRUE,D
docs/reference-kits/** assets,docs/reference-kits/rastisi-11-families-v3/contracts/dynamic-data-mapping.yaml,file,ARCHIVE_CANDIDATE,docs/archive/reference-kits/rastisi-11-families-v3/contracts/dynamic-data-mapping.yaml,,TRUE,D
docs/reference-kits/** assets,docs/reference-kits/rastisi-11-families-v3/contracts/icon-manifest.yaml,file,ARCHIVE_CANDIDATE,docs/archive/reference-kits/rastisi-11-families-v3/contracts/icon-manifest.yaml,,TRUE,D
docs/reference-kits/** assets,docs/reference-kits/rastisi-11-families-v3/contracts/interactions.yaml,file,ARCHIVE_CANDIDATE,docs/archive/reference-kits/rastisi-11-families-v3/contracts/interactions.yaml,,TRUE,D
docs/reference-kits/** assets,docs/reference-kits/rastisi-11-families-v3/contracts/section-blueprints.yaml,file,ARCHIVE_CANDIDATE,docs/archive/reference-kits/rastisi-11-families-v3/contracts/section-blueprints.yaml,,TRUE,D
docs/reference-kits/** assets,docs/reference-kits/rastisi-11-families-v3/decision-lock.yaml,file,ARCHIVE_CANDIDATE,docs/archive/reference-kits/rastisi-11-families-v3/decision-lock.yaml,,TRUE,D
docs/reference-kits/** assets,docs/reference-kits/rastisi-11-families-v3/machine/reference-dna.json,file,ARCHIVE_CANDIDATE,docs/archive/reference-kits/rastisi-11-families-v3/machine/reference-dna.json,,TRUE,D
docs/reference-kits/** assets,docs/reference-kits/rastisi-11-families-v3/machine/source-manifest.json,file,ARCHIVE_CANDIDATE,docs/archive/reference-kits/rastisi-11-families-v3/machine/source-manifest.json,,TRUE,D
docs/reference-kits/** assets,docs/reference-kits/rastisi-11-families-v3/screenshots/README_FA.md,file,ARCHIVE_CANDIDATE,docs/archive/reference-kits/rastisi-11-families-v3/screenshots/README_FA.md,,TRUE,D
docs/reference-kits/** assets,docs/reference-kits/rastisi-11-families-v3/screenshots/atlas-home-desktop.jpg,file,ARCHIVE_CANDIDATE,docs/archive/reference-kits/rastisi-11-families-v3/screenshots/atlas-home-desktop.jpg,,TRUE,D
docs/reference-kits/** assets,docs/reference-kits/rastisi-11-families-v3/screenshots/atlas-product-desktop.jpg,file,ARCHIVE_CANDIDATE,docs/archive/reference-kits/rastisi-11-families-v3/screenshots/atlas-product-desktop.jpg,,TRUE,D
docs/reference-kits/** assets,docs/reference-kits/rastisi-11-families-v3/screenshots/ava-home-desktop.jpg,file,ARCHIVE_CANDIDATE,docs/archive/reference-kits/rastisi-11-families-v3/screenshots/ava-home-desktop.jpg,,TRUE,D
docs/reference-kits/** assets,docs/reference-kits/rastisi-11-families-v3/screenshots/ava-product-desktop.jpg,file,ARCHIVE_CANDIDATE,docs/archive/reference-kits/rastisi-11-families-v3/screenshots/ava-product-desktop.jpg,,TRUE,D
docs/reference-kits/** assets,docs/reference-kits/rastisi-11-families-v3/screenshots/sarv-home-desktop.jpg,file,ARCHIVE_CANDIDATE,docs/archive/reference-kits/rastisi-11-families-v3/screenshots/sarv-home-desktop.jpg,,TRUE,D
docs/reference-kits/** assets,docs/reference-kits/rastisi-11-families-v3/screenshots/sarv-product-desktop.jpg,file,ARCHIVE_CANDIDATE,docs/archive/reference-kits/rastisi-11-families-v3/screenshots/sarv-product-desktop.jpg,,TRUE,D
docs/reference-kits/** assets,docs/reference-kits/rastisi-11-families-v3/screenshots/sepidar-home-desktop.jpg,file,ARCHIVE_CANDIDATE,docs/archive/reference-kits/rastisi-11-families-v3/screenshots/sepidar-home-desktop.jpg,,TRUE,D
docs/reference-kits/** assets,docs/reference-kits/rastisi-11-families-v3/screenshots/sepidar-home-snapshot-desktop.jpg,file,ARCHIVE_CANDIDATE,docs/archive/reference-kits/rastisi-11-families-v3/screenshots/sepidar-home-snapshot-desktop.jpg,,TRUE,D
docs/reference-kits/** assets,docs/reference-kits/rastisi-11-families-v3/screenshots/sepidar-live-loader-home.jpg,file,ARCHIVE_CANDIDATE,docs/archive/reference-kits/rastisi-11-families-v3/screenshots/sepidar-live-loader-home.jpg,,TRUE,D
docs/reference-kits/** assets,docs/reference-kits/rastisi-11-families-v3/screenshots/sepidar-live-loader-product.jpg,file,ARCHIVE_CANDIDATE,docs/archive/reference-kits/rastisi-11-families-v3/screenshots/sepidar-live-loader-product.jpg,,TRUE,D
docs/reference-kits/** assets,docs/reference-kits/rastisi-11-families-v3/screenshots/six-family-home-contact-sheet.jpg,file,ARCHIVE_CANDIDATE,docs/archive/reference-kits/rastisi-11-families-v3/screenshots/six-family-home-contact-sheet.jpg,,TRUE,D
docs/reference-kits/** assets,docs/reference-kits/rastisi-11-families-v3/screenshots/toranj-home-desktop.jpg,file,ARCHIVE_CANDIDATE,docs/archive/reference-kits/rastisi-11-families-v3/screenshots/toranj-home-desktop.jpg,,TRUE,D
docs/reference-kits/** assets,docs/reference-kits/rastisi-11-families-v3/screenshots/toranj-product-desktop.jpg,file,ARCHIVE_CANDIDATE,docs/archive/reference-kits/rastisi-11-families-v3/screenshots/toranj-product-desktop.jpg,,TRUE,D
docs/reference-kits/** assets,docs/reference-kits/rastisi-11-families-v3/screenshots/zarrin-home-desktop.jpg,file,ARCHIVE_CANDIDATE,docs/archive/reference-kits/rastisi-11-families-v3/screenshots/zarrin-home-desktop.jpg,,TRUE,D
docs/reference-kits/** assets,docs/reference-kits/rastisi-11-families-v3/screenshots/zarrin-product-desktop.jpg,file,ARCHIVE_CANDIDATE,docs/archive/reference-kits/rastisi-11-families-v3/screenshots/zarrin-product-desktop.jpg,,TRUE,D
docs/reference-kits/** assets,docs/reference-kits/site-targets-5/Beraito/DESIGN_CONTRACT.md,file,ARCHIVE_CANDIDATE,docs/archive/reference-kits/site-targets-5/Beraito/DESIGN_CONTRACT.md,,TRUE,D
docs/reference-kits/** assets,docs/reference-kits/site-targets-5/Beraito/atlas-home-desktop.jpg,file,ARCHIVE_CANDIDATE,docs/archive/reference-kits/site-targets-5/Beraito/atlas-home-desktop.jpg,,TRUE,D
docs/reference-kits/** assets,docs/reference-kits/site-targets-5/Beraito/atlas-product-desktop.jpg,file,ARCHIVE_CANDIDATE,docs/archive/reference-kits/site-targets-5/Beraito/atlas-product-desktop.jpg,,TRUE,D
docs/reference-kits/** assets,docs/reference-kits/site-targets-5/README_FA.md,file,ARCHIVE_CANDIDATE,docs/archive/reference-kits/site-targets-5/README_FA.md,,TRUE,D
docs/reference-kits/** assets,docs/reference-kits/site-targets-5/ibolak/Screenshot 2026-08-26 at 08-27-41 لباس زنانه ❤️ خرید جدیدترین لباس های زنانه و دخترانه ۱۴۰۵.png,file,ARCHIVE_CANDIDATE,docs/archive/reference-kits/site-targets-5/ibolak/Screenshot 2026-08-26 at 08-27-41 لباس زنانه ❤️ خرید جدیدترین لباس های زنانه و دخترانه ۱۴۰۵.png,,TRUE,D
docs/reference-kits/** assets,docs/reference-kits/site-targets-5/ibolak/Screenshot 2026-08-26 at 08-28-57 شلوار زنانه راحتی کمرکش آی بولک آی‌بولک.png,file,ARCHIVE_CANDIDATE,docs/archive/reference-kits/site-targets-5/ibolak/Screenshot 2026-08-26 at 08-28-57 شلوار زنانه راحتی کمرکش آی بولک آی‌بولک.png,,TRUE,D
docs/reference-kits/** assets,docs/reference-kits/site-targets-5/ibolak/ava-home-desktop.jpg,file,ARCHIVE_CANDIDATE,docs/archive/reference-kits/site-targets-5/ibolak/ava-home-desktop.jpg,,TRUE,D
docs/reference-kits/** assets,docs/reference-kits/site-targets-5/laleRokh/DESIGN_CONTRACT.md,file,ARCHIVE_CANDIDATE,docs/archive/reference-kits/site-targets-5/laleRokh/DESIGN_CONTRACT.md,,TRUE,D
docs/reference-kits/** assets,docs/reference-kits/site-targets-5/laleRokh/Screenshot 2026-08-26 at 08-44-30 عطر و ادکلن - فروشگاه لوازم آرایشی و عطر و ادکلن لاله رخ.png,file,ARCHIVE_CANDIDATE,docs/archive/reference-kits/site-targets-5/laleRokh/Screenshot 2026-08-26 at 08-44-30 عطر و ادکلن - فروشگاه لوازم آرایشی و عطر و ادکلن لاله رخ.png,,TRUE,D
docs/reference-kits/** assets,docs/reference-kits/site-targets-5/laleRokh/Screenshot 2026-08-26 at 08-45-31 لاله رخ فروشگاه لوازم آرایشی و عطر و ادکلن.png,file,ARCHIVE_CANDIDATE,docs/archive/reference-kits/site-targets-5/laleRokh/Screenshot 2026-08-26 at 08-45-31 لاله رخ فروشگاه لوازم آرایشی و عطر و ادکلن.png,,TRUE,D
docs/reference-kits/** assets,docs/reference-kits/site-targets-5/laleRokh/Screenshot 2026-08-26 at 08-45-59 کرم بدن گینگهام ویبرانت بث اند بادی 226میل Bath and Body Gingham vibrant body cream 226ml.png,file,ARCHIVE_CANDIDATE,docs/archive/reference-kits/site-targets-5/laleRokh/Screenshot 2026-08-26 at 08-45-59 کرم بدن گینگهام ویبرانت بث اند بادی 226میل Bath and Body Gingham vibrant body cream 226ml.png,,TRUE,D
docs/reference-kits/** assets,docs/reference-kits/site-targets-5/laleRokh/Screenshot 2026-08-26 at 08-46-10 کرم پا - فروشگاه لوازم آرایشی و عطر و ادکلن لاله رخ.png,file,ARCHIVE_CANDIDATE,docs/archive/reference-kits/site-targets-5/laleRokh/Screenshot 2026-08-26 at 08-46-10 کرم پا - فروشگاه لوازم آرایشی و عطر و ادکلن لاله رخ.png,,TRUE,D
docs/reference-kits/** assets,docs/reference-kits/site-targets-5/saremi/DESIGN_CONTRACT.md,file,ARCHIVE_CANDIDATE,docs/archive/reference-kits/site-targets-5/saremi/DESIGN_CONTRACT.md,,TRUE,D
docs/reference-kits/** assets,docs/reference-kits/site-targets-5/saremi/zarrin-home-desktop.jpg,file,ARCHIVE_CANDIDATE,docs/archive/reference-kits/site-targets-5/saremi/zarrin-home-desktop.jpg,,TRUE,D
docs/reference-kits/** assets,docs/reference-kits/site-targets-5/shokolati/DESIGN_CONTRACT.md,file,ARCHIVE_CANDIDATE,docs/archive/reference-kits/site-targets-5/shokolati/DESIGN_CONTRACT.md,,TRUE,D
docs/reference-kits/** assets,docs/reference-kits/site-targets-5/shokolati/Screenshot 2026-08-26 at 08-37-46 فروشگاه اینترنتی خانه شکلاتی.png,file,ARCHIVE_CANDIDATE,docs/archive/reference-kits/site-targets-5/shokolati/Screenshot 2026-08-26 at 08-37-46 فروشگاه اینترنتی خانه شکلاتی.png,,TRUE,D
docs/reference-kits/** assets,docs/reference-kits/site-targets-5/shokolati/Screenshot 2026-08-26 at 08-37-58 خرید ماگ تپلی مینیمال DANNY HOME کد003913 - خانه شکلاتی.png,file,ARCHIVE_CANDIDATE,docs/archive/reference-kits/site-targets-5/shokolati/Screenshot 2026-08-26 at 08-37-58 خرید ماگ تپلی مینیمال DANNY HOME کد003913 - خانه شکلاتی.png,,TRUE,D
docs/reference-kits/** assets,docs/reference-kits/site-targets-5/shokolati/Screenshot 2026-08-26 at 08-38-04 شما برای نی دار جستجو کردید - خانه شکلاتی.png,file,ARCHIVE_CANDIDATE,docs/archive/reference-kits/site-targets-5/shokolati/Screenshot 2026-08-26 at 08-38-04 شما برای نی دار جستجو کردید - خانه شکلاتی.png,,TRUE,D
docs/references/beraito-exact-frontend-v5/** assets,docs/references/beraito-exact-frontend-v5/README.md,file,KEEP_HISTORICAL_REFERENCE,,RETAINED_KEEP,FALSE,
docs/references/beraito-exact-frontend-v5/** assets,docs/references/beraito-exact-frontend-v5/README.txt,file,ARCHIVE_CANDIDATE,docs/archive/references/beraito-exact-frontend-v5/README.txt,,TRUE,D
docs/references/beraito-exact-frontend-v5/** assets,docs/references/beraito-exact-frontend-v5/SOURCE_MAP.md,file,ARCHIVE_CANDIDATE,docs/archive/references/beraito-exact-frontend-v5/SOURCE_MAP.md,,TRUE,D
docs/references/beraito-exact-frontend-v5/** assets,docs/references/beraito-exact-frontend-v5/assets/css/0528f5cdfca33b0d8a94.css,file,ARCHIVE_CANDIDATE,docs/archive/references/beraito-exact-frontend-v5/assets/css/0528f5cdfca33b0d8a94.css,,TRUE,D
docs/references/beraito-exact-frontend-v5/** assets,docs/references/beraito-exact-frontend-v5/assets/css/106197ff7626140ec495.css,file,ARCHIVE_CANDIDATE,docs/archive/references/beraito-exact-frontend-v5/assets/css/106197ff7626140ec495.css,,TRUE,D
docs/references/beraito-exact-frontend-v5/** assets,docs/references/beraito-exact-frontend-v5/assets/css/15273de92d3182047701.css,file,ARCHIVE_CANDIDATE,docs/archive/references/beraito-exact-frontend-v5/assets/css/15273de92d3182047701.css,,TRUE,D
docs/references/beraito-exact-frontend-v5/** assets,docs/references/beraito-exact-frontend-v5/assets/css/17b410d0fee165827676.css,file,ARCHIVE_CANDIDATE,docs/archive/references/beraito-exact-frontend-v5/assets/css/17b410d0fee165827676.css,,TRUE,D
docs/references/beraito-exact-frontend-v5/** assets,docs/references/beraito-exact-frontend-v5/assets/css/1c2f36fc6586c4ca0b4d.css,file,ARCHIVE_CANDIDATE,docs/archive/references/beraito-exact-frontend-v5/assets/css/1c2f36fc6586c4ca0b4d.css,,TRUE,D
docs/references/beraito-exact-frontend-v5/** assets,docs/references/beraito-exact-frontend-v5/assets/css/1ca71fd9b3c04a6ccb7b.css,file,ARCHIVE_CANDIDATE,docs/archive/references/beraito-exact-frontend-v5/assets/css/1ca71fd9b3c04a6ccb7b.css,,TRUE,D
docs/references/beraito-exact-frontend-v5/** assets,docs/references/beraito-exact-frontend-v5/assets/css/1f4ebf73e8c8a07b5047.css,file,ARCHIVE_CANDIDATE,docs/archive/references/beraito-exact-frontend-v5/assets/css/1f4ebf73e8c8a07b5047.css,,TRUE,D
docs/references/beraito-exact-frontend-v5/** assets,docs/references/beraito-exact-frontend-v5/assets/css/31de4fbe36aa54ede3f7.css,file,ARCHIVE_CANDIDATE,docs/archive/references/beraito-exact-frontend-v5/assets/css/31de4fbe36aa54ede3f7.css,,TRUE,D
docs/references/beraito-exact-frontend-v5/** assets,docs/references/beraito-exact-frontend-v5/assets/css/4d6cf6527cf70d5159bf.css,file,ARCHIVE_CANDIDATE,docs/archive/references/beraito-exact-frontend-v5/assets/css/4d6cf6527cf70d5159bf.css,,TRUE,D
docs/references/beraito-exact-frontend-v5/** assets,docs/references/beraito-exact-frontend-v5/assets/css/55a619f0568d4a910295.css,file,ARCHIVE_CANDIDATE,docs/archive/references/beraito-exact-frontend-v5/assets/css/55a619f0568d4a910295.css,,TRUE,D
docs/references/beraito-exact-frontend-v5/** assets,docs/references/beraito-exact-frontend-v5/assets/css/5949208c003a7c0d1812.css,file,ARCHIVE_CANDIDATE,docs/archive/references/beraito-exact-frontend-v5/assets/css/5949208c003a7c0d1812.css,,TRUE,D
docs/references/beraito-exact-frontend-v5/** assets,docs/references/beraito-exact-frontend-v5/assets/css/5a6322450e7c451e12ad.css,file,ARCHIVE_CANDIDATE,docs/archive/references/beraito-exact-frontend-v5/assets/css/5a6322450e7c451e12ad.css,,TRUE,D
docs/references/beraito-exact-frontend-v5/** assets,docs/references/beraito-exact-frontend-v5/assets/css/5c3a903d1cf39b19f288.css,file,ARCHIVE_CANDIDATE,docs/archive/references/beraito-exact-frontend-v5/assets/css/5c3a903d1cf39b19f288.css,,TRUE,D
docs/references/beraito-exact-frontend-v5/** assets,docs/references/beraito-exact-frontend-v5/assets/css/68c37c04714c7d4f84b8.css,file,ARCHIVE_CANDIDATE,docs/archive/references/beraito-exact-frontend-v5/assets/css/68c37c04714c7d4f84b8.css,,TRUE,D
docs/references/beraito-exact-frontend-v5/** assets,docs/references/beraito-exact-frontend-v5/assets/css/6f9c25e9a412db2e19e1.css,file,ARCHIVE_CANDIDATE,docs/archive/references/beraito-exact-frontend-v5/assets/css/6f9c25e9a412db2e19e1.css,,TRUE,D
docs/references/beraito-exact-frontend-v5/** assets,docs/references/beraito-exact-frontend-v5/assets/css/759c2e8dd8893d2235a6.css,file,ARCHIVE_CANDIDATE,docs/archive/references/beraito-exact-frontend-v5/assets/css/759c2e8dd8893d2235a6.css,,TRUE,D
docs/references/beraito-exact-frontend-v5/** assets,docs/references/beraito-exact-frontend-v5/assets/css/781e26665daaadd8f2a5.css,file,ARCHIVE_CANDIDATE,docs/archive/references/beraito-exact-frontend-v5/assets/css/781e26665daaadd8f2a5.css,,TRUE,D
docs/references/beraito-exact-frontend-v5/** assets,docs/references/beraito-exact-frontend-v5/assets/css/79c2051ae1c4346dd56c.css,file,ARCHIVE_CANDIDATE,docs/archive/references/beraito-exact-frontend-v5/assets/css/79c2051ae1c4346dd56c.css,,TRUE,D
docs/references/beraito-exact-frontend-v5/** assets,docs/references/beraito-exact-frontend-v5/assets/css/7c17efbbb33c2b23b4c7.css,file,ARCHIVE_CANDIDATE,docs/archive/references/beraito-exact-frontend-v5/assets/css/7c17efbbb33c2b23b4c7.css,,TRUE,D
docs/references/beraito-exact-frontend-v5/** assets,docs/references/beraito-exact-frontend-v5/assets/css/80372e90a835d58e6b22.css,file,ARCHIVE_CANDIDATE,docs/archive/references/beraito-exact-frontend-v5/assets/css/80372e90a835d58e6b22.css,,TRUE,D
docs/references/beraito-exact-frontend-v5/** assets,docs/references/beraito-exact-frontend-v5/assets/css/8fb0629fbd8dcd9cafdf.css,file,ARCHIVE_CANDIDATE,docs/archive/references/beraito-exact-frontend-v5/assets/css/8fb0629fbd8dcd9cafdf.css,,TRUE,D
docs/references/beraito-exact-frontend-v5/** assets,docs/references/beraito-exact-frontend-v5/assets/css/98c05fd027ec575b7878.css,file,ARCHIVE_CANDIDATE,docs/archive/references/beraito-exact-frontend-v5/assets/css/98c05fd027ec575b7878.css,,TRUE,D
docs/references/beraito-exact-frontend-v5/** assets,docs/references/beraito-exact-frontend-v5/assets/css/992803ef3ea5c94b6e87.css,file,ARCHIVE_CANDIDATE,docs/archive/references/beraito-exact-frontend-v5/assets/css/992803ef3ea5c94b6e87.css,,TRUE,D
docs/references/beraito-exact-frontend-v5/** assets,docs/references/beraito-exact-frontend-v5/assets/css/9a51b58843c6afcc9b97.css,file,ARCHIVE_CANDIDATE,docs/archive/references/beraito-exact-frontend-v5/assets/css/9a51b58843c6afcc9b97.css,,TRUE,D
docs/references/beraito-exact-frontend-v5/** assets,docs/references/beraito-exact-frontend-v5/assets/css/9fb8428e0a0cc347db32.css,file,ARCHIVE_CANDIDATE,docs/archive/references/beraito-exact-frontend-v5/assets/css/9fb8428e0a0cc347db32.css,,TRUE,D
docs/references/beraito-exact-frontend-v5/** assets,docs/references/beraito-exact-frontend-v5/assets/css/DanaVF.woff2,file,ARCHIVE_CANDIDATE,docs/archive/references/beraito-exact-frontend-v5/assets/css/DanaVF.woff2,,TRUE,D
docs/references/beraito-exact-frontend-v5/** assets,docs/references/beraito-exact-frontend-v5/assets/css/a92be205cdcb3bab7327.css,file,ARCHIVE_CANDIDATE,docs/archive/references/beraito-exact-frontend-v5/assets/css/a92be205cdcb3bab7327.css,,TRUE,D
docs/references/beraito-exact-frontend-v5/** assets,docs/references/beraito-exact-frontend-v5/assets/css/a930557eb6f5d79a561d.css,file,ARCHIVE_CANDIDATE,docs/archive/references/beraito-exact-frontend-v5/assets/css/a930557eb6f5d79a561d.css,,TRUE,D
docs/references/beraito-exact-frontend-v5/** assets,docs/references/beraito-exact-frontend-v5/assets/css/a9f0239935a450f85dcd.css,file,ARCHIVE_CANDIDATE,docs/archive/references/beraito-exact-frontend-v5/assets/css/a9f0239935a450f85dcd.css,,TRUE,D
docs/references/beraito-exact-frontend-v5/** assets,docs/references/beraito-exact-frontend-v5/assets/css/ad1e1e26cd256721ddae.css,file,ARCHIVE_CANDIDATE,docs/archive/references/beraito-exact-frontend-v5/assets/css/ad1e1e26cd256721ddae.css,,TRUE,D
docs/references/beraito-exact-frontend-v5/** assets,docs/references/beraito-exact-frontend-v5/assets/css/b36d4b1fba40ca7163f6.css,file,ARCHIVE_CANDIDATE,docs/archive/references/beraito-exact-frontend-v5/assets/css/b36d4b1fba40ca7163f6.css,,TRUE,D
docs/references/beraito-exact-frontend-v5/** assets,docs/references/beraito-exact-frontend-v5/assets/css/c0d0b02f79d4a9418254.css,file,ARCHIVE_CANDIDATE,docs/archive/references/beraito-exact-frontend-v5/assets/css/c0d0b02f79d4a9418254.css,,TRUE,D
docs/references/beraito-exact-frontend-v5/** assets,docs/references/beraito-exact-frontend-v5/assets/css/c4ef2533c5fe2ff32dfa.css,file,ARCHIVE_CANDIDATE,docs/archive/references/beraito-exact-frontend-v5/assets/css/c4ef2533c5fe2ff32dfa.css,,TRUE,D
docs/references/beraito-exact-frontend-v5/** assets,docs/references/beraito-exact-frontend-v5/assets/css/c81a26bb5cc5bac0300d.css,file,ARCHIVE_CANDIDATE,docs/archive/references/beraito-exact-frontend-v5/assets/css/c81a26bb5cc5bac0300d.css,,TRUE,D
docs/references/beraito-exact-frontend-v5/** assets,docs/references/beraito-exact-frontend-v5/assets/css/cb95d8809f4516ea747c.css,file,ARCHIVE_CANDIDATE,docs/archive/references/beraito-exact-frontend-v5/assets/css/cb95d8809f4516ea747c.css,,TRUE,D
docs/references/beraito-exact-frontend-v5/** assets,docs/references/beraito-exact-frontend-v5/assets/css/cc11f7b7b26bb5ffe15f.css,file,ARCHIVE_CANDIDATE,docs/archive/references/beraito-exact-frontend-v5/assets/css/cc11f7b7b26bb5ffe15f.css,,TRUE,D
docs/references/beraito-exact-frontend-v5/** assets,docs/references/beraito-exact-frontend-v5/assets/css/d79a2b5f8fddb6730536.css,file,ARCHIVE_CANDIDATE,docs/archive/references/beraito-exact-frontend-v5/assets/css/d79a2b5f8fddb6730536.css,,TRUE,D
docs/references/beraito-exact-frontend-v5/** assets,docs/references/beraito-exact-frontend-v5/assets/css/daa30eba13c1696d8a69.css,file,ARCHIVE_CANDIDATE,docs/archive/references/beraito-exact-frontend-v5/assets/css/daa30eba13c1696d8a69.css,,TRUE,D
docs/references/beraito-exact-frontend-v5/** assets,docs/references/beraito-exact-frontend-v5/assets/css/fa-brands-400-1.woff2,file,ARCHIVE_CANDIDATE,docs/archive/references/beraito-exact-frontend-v5/assets/css/fa-brands-400-1.woff2,,TRUE,D
docs/references/beraito-exact-frontend-v5/** assets,docs/references/beraito-exact-frontend-v5/assets/css/fa-brands-400.ttf,file,ARCHIVE_CANDIDATE,docs/archive/references/beraito-exact-frontend-v5/assets/css/fa-brands-400.ttf,,TRUE,D
docs/references/beraito-exact-frontend-v5/** assets,docs/references/beraito-exact-frontend-v5/assets/css/fa-brands-400.woff,file,ARCHIVE_CANDIDATE,docs/archive/references/beraito-exact-frontend-v5/assets/css/fa-brands-400.woff,,TRUE,D
docs/references/beraito-exact-frontend-v5/** assets,docs/references/beraito-exact-frontend-v5/assets/css/fa-brands-400.woff2,file,ARCHIVE_CANDIDATE,docs/archive/references/beraito-exact-frontend-v5/assets/css/fa-brands-400.woff2,,TRUE,D
docs/references/beraito-exact-frontend-v5/** assets,docs/references/beraito-exact-frontend-v5/assets/css/fa-light-300.woff2,file,ARCHIVE_CANDIDATE,docs/archive/references/beraito-exact-frontend-v5/assets/css/fa-light-300.woff2,,TRUE,D
docs/references/beraito-exact-frontend-v5/** assets,docs/references/beraito-exact-frontend-v5/assets/css/fbbcf4fee8b740c09331.css,file,ARCHIVE_CANDIDATE,docs/archive/references/beraito-exact-frontend-v5/assets/css/fbbcf4fee8b740c09331.css,,TRUE,D
docs/references/beraito-exact-frontend-v5/** assets,docs/references/beraito-exact-frontend-v5/assets/css/icomoon.woff,file,ARCHIVE_CANDIDATE,docs/archive/references/beraito-exact-frontend-v5/assets/css/icomoon.woff,,TRUE,D
docs/references/beraito-exact-frontend-v5/** assets,docs/references/beraito-exact-frontend-v5/assets/css/پترن-1-5-ادیت.webp,file,ARCHIVE_CANDIDATE,docs/archive/references/beraito-exact-frontend-v5/assets/css/پترن-1-5-ادیت.webp,,TRUE,D
docs/references/beraito-exact-frontend-v5/** assets,docs/references/beraito-exact-frontend-v5/assets/css/پترن2-کابل-و-چراغ.webp,file,ARCHIVE_CANDIDATE,docs/archive/references/beraito-exact-frontend-v5/assets/css/پترن2-کابل-و-چراغ.webp,,TRUE,D
docs/references/beraito-exact-frontend-v5/** assets,docs/references/beraito-exact-frontend-v5/assets/css/پرتن-1-لوازم-اداری.webp,file,ARCHIVE_CANDIDATE,docs/archive/references/beraito-exact-frontend-v5/assets/css/پرتن-1-لوازم-اداری.webp,,TRUE,D
docs/references/beraito-exact-frontend-v5/** assets,docs/references/beraito-exact-frontend-v5/assets/css/پرتن-3-بازی.webp,file,ARCHIVE_CANDIDATE,docs/archive/references/beraito-exact-frontend-v5/assets/css/پرتن-3-بازی.webp,,TRUE,D
docs/references/beraito-exact-frontend-v5/** assets,docs/references/beraito-exact-frontend-v5/assets/exact-v3/20220825_132304-300x300.jpg,file,ARCHIVE_CANDIDATE,docs/archive/references/beraito-exact-frontend-v5/assets/exact-v3/20220825_132304-300x300.jpg,,TRUE,D
docs/references/beraito-exact-frontend-v5/** assets,docs/references/beraito-exact-frontend-v5/assets/exact-v3/NGRou610dk-300x300.jpg,file,ARCHIVE_CANDIDATE,docs/archive/references/beraito-exact-frontend-v5/assets/exact-v3/NGRou610dk-300x300.jpg,,TRUE,D
docs/references/beraito-exact-frontend-v5/** assets,docs/references/beraito-exact-frontend-v5/assets/exact-v3/c3fce41f2081df479e3c755659e9d64d.jpg_720x720q80-300x300.webp,file,ARCHIVE_CANDIDATE,docs/archive/references/beraito-exact-frontend-v5/assets/exact-v3/c3fce41f2081df479e3c755659e9d64d.jpg_720x720q80-300x300.webp,,TRUE,D
docs/references/beraito-exact-frontend-v5/** assets,docs/references/beraito-exact-frontend-v5/assets/exact-v3/دستگاه-منگنه.webp,file,ARCHIVE_CANDIDATE,docs/archive/references/beraito-exact-frontend-v5/assets/exact-v3/دستگاه-منگنه.webp,,TRUE,D
docs/references/beraito-exact-frontend-v5/** assets,docs/references/beraito-exact-frontend-v5/assets/exact-v3/زونکن.webp,file,ARCHIVE_CANDIDATE,docs/archive/references/beraito-exact-frontend-v5/assets/exact-v3/زونکن.webp,,TRUE,D
docs/references/beraito-exact-frontend-v5/** assets,docs/references/beraito-exact-frontend-v5/assets/exact-v3/چسب.webp,file,ARCHIVE_CANDIDATE,docs/archive/references/beraito-exact-frontend-v5/assets/exact-v3/چسب.webp,,TRUE,D
docs/references/beraito-exact-frontend-v5/** assets,docs/references/beraito-exact-frontend-v5/assets/exact-v3/کاغذ.webp,file,ARCHIVE_CANDIDATE,docs/archive/references/beraito-exact-frontend-v5/assets/exact-v3/کاغذ.webp,,TRUE,D
docs/references/beraito-exact-frontend-v5/** assets,docs/references/beraito-exact-frontend-v5/assets/exact-v3/کره-جغرافیایی-سایز-30-چراغ-دار-دکوراتیو-پایه-فلزی-مدل-ایده-129-300x300.webp,file,ARCHIVE_CANDIDATE,docs/archive/references/beraito-exact-frontend-v5/assets/exact-v3/کره-جغرافیایی-سایز-30-چراغ-دار-دکوراتیو-پایه-فلزی-مدل-ایده-129-300x300.webp,,TRUE,D
docs/references/beraito-exact-frontend-v5/** assets,docs/references/beraito-exact-frontend-v5/assets/exact-v3/کوله-پشتی-مدرسه-ای-مدل-دخترانه-و-پسرانه-300x300.webp,file,ARCHIVE_CANDIDATE,docs/archive/references/beraito-exact-frontend-v5/assets/exact-v3/کوله-پشتی-مدرسه-ای-مدل-دخترانه-و-پسرانه-300x300.webp,,TRUE,D
docs/references/beraito-exact-frontend-v5/** assets,docs/references/beraito-exact-frontend-v5/assets/exact-v5-stationery.webp,file,ARCHIVE_CANDIDATE,docs/archive/references/beraito-exact-frontend-v5/assets/exact-v5-stationery.webp,,TRUE,D
docs/references/beraito-exact-frontend-v5/** assets,docs/references/beraito-exact-frontend-v5/assets/exact/الفا.webp,file,ARCHIVE_CANDIDATE,docs/archive/references/beraito-exact-frontend-v5/assets/exact/الفا.webp,,TRUE,D
docs/references/beraito-exact-frontend-v5/** assets,docs/references/beraito-exact-frontend-v5/assets/exact/برایتو-آیکن-1-1-1.webp,file,ARCHIVE_CANDIDATE,docs/archive/references/beraito-exact-frontend-v5/assets/exact/برایتو-آیکن-1-1-1.webp,,TRUE,D
docs/references/beraito-exact-frontend-v5/** assets,docs/references/beraito-exact-frontend-v5/assets/exact/برایتو-آیکن-2-2-1.webp,file,ARCHIVE_CANDIDATE,docs/archive/references/beraito-exact-frontend-v5/assets/exact/برایتو-آیکن-2-2-1.webp,,TRUE,D
docs/references/beraito-exact-frontend-v5/** assets,docs/references/beraito-exact-frontend-v5/assets/exact/برایتو-آیکن-3-3-1.webp,file,ARCHIVE_CANDIDATE,docs/archive/references/beraito-exact-frontend-v5/assets/exact/برایتو-آیکن-3-3-1.webp,,TRUE,D
docs/references/beraito-exact-frontend-v5/** assets,docs/references/beraito-exact-frontend-v5/assets/exact/برایتو-آیکن-4-4-1.webp,file,ARCHIVE_CANDIDATE,docs/archive/references/beraito-exact-frontend-v5/assets/exact/برایتو-آیکن-4-4-1.webp,,TRUE,D
docs/references/beraito-exact-frontend-v5/** assets,docs/references/beraito-exact-frontend-v5/assets/exact/برایتو-آیکن-5-5-1.webp,file,ARCHIVE_CANDIDATE,docs/archive/references/beraito-exact-frontend-v5/assets/exact/برایتو-آیکن-5-5-1.webp,,TRUE,D
docs/references/beraito-exact-frontend-v5/** assets,docs/references/beraito-exact-frontend-v5/assets/exact/تخته-وایت-برد.webp,file,ARCHIVE_CANDIDATE,docs/archive/references/beraito-exact-frontend-v5/assets/exact/تخته-وایت-برد.webp,,TRUE,D
docs/references/beraito-exact-frontend-v5/** assets,docs/references/beraito-exact-frontend-v5/assets/exact/تقویم-2.webp,file,ARCHIVE_CANDIDATE,docs/archive/references/beraito-exact-frontend-v5/assets/exact/تقویم-2.webp,,TRUE,D
docs/references/beraito-exact-frontend-v5/** assets,docs/references/beraito-exact-frontend-v5/assets/exact/خودکار-2.webp,file,ARCHIVE_CANDIDATE,docs/archive/references/beraito-exact-frontend-v5/assets/exact/خودکار-2.webp,,TRUE,D
docs/references/beraito-exact-frontend-v5/** assets,docs/references/beraito-exact-frontend-v5/assets/exact/دفتر.webp,file,ARCHIVE_CANDIDATE,docs/archive/references/beraito-exact-frontend-v5/assets/exact/دفتر.webp,,TRUE,D
docs/references/beraito-exact-frontend-v5/** assets,docs/references/beraito-exact-frontend-v5/assets/exact/سوزن-منگنه-PNG.webp,file,ARCHIVE_CANDIDATE,docs/archive/references/beraito-exact-frontend-v5/assets/exact/سوزن-منگنه-PNG.webp,,TRUE,D
docs/references/beraito-exact-frontend-v5/** assets,docs/references/beraito-exact-frontend-v5/assets/exact/غلط-گیر-PNG.webp,file,ARCHIVE_CANDIDATE,docs/archive/references/beraito-exact-frontend-v5/assets/exact/غلط-گیر-PNG.webp,,TRUE,D
docs/references/beraito-exact-frontend-v5/** assets,docs/references/beraito-exact-frontend-v5/assets/exact/ماژیک-وایت-برد-png.webp,file,ARCHIVE_CANDIDATE,docs/archive/references/beraito-exact-frontend-v5/assets/exact/ماژیک-وایت-برد-png.webp,,TRUE,D
docs/references/beraito-exact-frontend-v5/** assets,docs/references/beraito-exact-frontend-v5/assets/exact/پایه-بوم.webp,file,ARCHIVE_CANDIDATE,docs/archive/references/beraito-exact-frontend-v5/assets/exact/پایه-بوم.webp,,TRUE,D
docs/references/beraito-exact-frontend-v5/** assets,docs/references/beraito-exact-frontend-v5/assets/exact/چراغ-مطالعه.webp,file,ARCHIVE_CANDIDATE,docs/archive/references/beraito-exact-frontend-v5/assets/exact/چراغ-مطالعه.webp,,TRUE,D
docs/references/beraito-exact-frontend-v5/** assets,docs/references/beraito-exact-frontend-v5/assets/fonts/4e133b51e4e1908e1aad.ttf,file,ARCHIVE_CANDIDATE,docs/archive/references/beraito-exact-frontend-v5/assets/fonts/4e133b51e4e1908e1aad.ttf,,TRUE,D
docs/references/beraito-exact-frontend-v5/** assets,docs/references/beraito-exact-frontend-v5/assets/fonts/6370786ed6f0c7297f55.woff2,file,ARCHIVE_CANDIDATE,docs/archive/references/beraito-exact-frontend-v5/assets/fonts/6370786ed6f0c7297f55.woff2,,TRUE,D
docs/references/beraito-exact-frontend-v5/** assets,docs/references/beraito-exact-frontend-v5/assets/fonts/96063af8b9e5f4777324.woff,file,ARCHIVE_CANDIDATE,docs/archive/references/beraito-exact-frontend-v5/assets/fonts/96063af8b9e5f4777324.woff,,TRUE,D
docs/references/beraito-exact-frontend-v5/** assets,docs/references/beraito-exact-frontend-v5/assets/fonts/a9ede8352b0651edec23.woff2,file,ARCHIVE_CANDIDATE,docs/archive/references/beraito-exact-frontend-v5/assets/fonts/a9ede8352b0651edec23.woff2,,TRUE,D
docs/references/beraito-exact-frontend-v5/** assets,docs/references/beraito-exact-frontend-v5/assets/fonts/dff441136474e4a069cb.woff2,file,ARCHIVE_CANDIDATE,docs/archive/references/beraito-exact-frontend-v5/assets/fonts/dff441136474e4a069cb.woff2,,TRUE,D
docs/references/beraito-exact-frontend-v5/** assets,docs/references/beraito-exact-frontend-v5/assets/fonts/e8f5593353194004435a.woff2,file,ARCHIVE_CANDIDATE,docs/archive/references/beraito-exact-frontend-v5/assets/fonts/e8f5593353194004435a.woff2,,TRUE,D
docs/references/beraito-exact-frontend-v5/** assets,docs/references/beraito-exact-frontend-v5/assets/images/001d0b9747ac6f556b42.webp,file,ARCHIVE_CANDIDATE,docs/archive/references/beraito-exact-frontend-v5/assets/images/001d0b9747ac6f556b42.webp,,TRUE,D
docs/references/beraito-exact-frontend-v5/** assets,docs/references/beraito-exact-frontend-v5/assets/images/01a34fe5432800ab73ff.webp,file,ARCHIVE_CANDIDATE,docs/archive/references/beraito-exact-frontend-v5/assets/images/01a34fe5432800ab73ff.webp,,TRUE,D
docs/references/beraito-exact-frontend-v5/** assets,docs/references/beraito-exact-frontend-v5/assets/images/023ede6a247c1b368c40.webp,file,ARCHIVE_CANDIDATE,docs/archive/references/beraito-exact-frontend-v5/assets/images/023ede6a247c1b368c40.webp,,TRUE,D
docs/references/beraito-exact-frontend-v5/** assets,docs/references/beraito-exact-frontend-v5/assets/images/02474c806f3cd7c03ac2.webp,file,ARCHIVE_CANDIDATE,docs/archive/references/beraito-exact-frontend-v5/assets/images/02474c806f3cd7c03ac2.webp,,TRUE,D
docs/references/beraito-exact-frontend-v5/** assets,docs/references/beraito-exact-frontend-v5/assets/images/0316e5781d85e8ce16c5.webp,file,ARCHIVE_CANDIDATE,docs/archive/references/beraito-exact-frontend-v5/assets/images/0316e5781d85e8ce16c5.webp,,TRUE,D
docs/references/beraito-exact-frontend-v5/** assets,docs/references/beraito-exact-frontend-v5/assets/images/057e388441ed27dfd749.webp,file,ARCHIVE_CANDIDATE,docs/archive/references/beraito-exact-frontend-v5/assets/images/057e388441ed27dfd749.webp,,TRUE,D
docs/references/beraito-exact-frontend-v5/** assets,docs/references/beraito-exact-frontend-v5/assets/images/0621908b1c8414b49b32.webp,file,ARCHIVE_CANDIDATE,docs/archive/references/beraito-exact-frontend-v5/assets/images/0621908b1c8414b49b32.webp,,TRUE,D
docs/references/beraito-exact-frontend-v5/** assets,docs/references/beraito-exact-frontend-v5/assets/images/066834e3c1ab7fac28f0.jpg,file,ARCHIVE_CANDIDATE,docs/archive/references/beraito-exact-frontend-v5/assets/images/066834e3c1ab7fac28f0.jpg,,TRUE,D
docs/references/beraito-exact-frontend-v5/** assets,docs/references/beraito-exact-frontend-v5/assets/images/070aac96bf3e0b2a8bb7.webp,file,ARCHIVE_CANDIDATE,docs/archive/references/beraito-exact-frontend-v5/assets/images/070aac96bf3e0b2a8bb7.webp,,TRUE,D
docs/references/beraito-exact-frontend-v5/** assets,docs/references/beraito-exact-frontend-v5/assets/images/08a5b83a4c8c75cb4ba2.webp,file,ARCHIVE_CANDIDATE,docs/archive/references/beraito-exact-frontend-v5/assets/images/08a5b83a4c8c75cb4ba2.webp,,TRUE,D
docs/references/beraito-exact-frontend-v5/** assets,docs/references/beraito-exact-frontend-v5/assets/images/08dcb54a5242e7356dbe.jpg,file,ARCHIVE_CANDIDATE,docs/archive/references/beraito-exact-frontend-v5/assets/images/08dcb54a5242e7356dbe.jpg,,TRUE,D
docs/references/beraito-exact-frontend-v5/** assets,docs/references/beraito-exact-frontend-v5/assets/images/0a77deacebf0ca2863e5.jpg,file,ARCHIVE_CANDIDATE,docs/archive/references/beraito-exact-frontend-v5/assets/images/0a77deacebf0ca2863e5.jpg,,TRUE,D
docs/references/beraito-exact-frontend-v5/** assets,docs/references/beraito-exact-frontend-v5/assets/images/0ade36d3e6d95c1b0e64.jpg,file,ARCHIVE_CANDIDATE,docs/archive/references/beraito-exact-frontend-v5/assets/images/0ade36d3e6d95c1b0e64.jpg,,TRUE,D
docs/references/beraito-exact-frontend-v5/** assets,docs/references/beraito-exact-frontend-v5/assets/images/0ccc3d351f8ef82bc0c1.jpg,file,ARCHIVE_CANDIDATE,docs/archive/references/beraito-exact-frontend-v5/assets/images/0ccc3d351f8ef82bc0c1.jpg,,TRUE,D
docs/references/beraito-exact-frontend-v5/** assets,docs/references/beraito-exact-frontend-v5/assets/images/0d31724aa4d520018318.svg,file,ARCHIVE_CANDIDATE,docs/archive/references/beraito-exact-frontend-v5/assets/images/0d31724aa4d520018318.svg,,TRUE,D
docs/references/beraito-exact-frontend-v5/** assets,docs/references/beraito-exact-frontend-v5/assets/images/0d6bd8a89afb9af3fb75.webp,file,ARCHIVE_CANDIDATE,docs/archive/references/beraito-exact-frontend-v5/assets/images/0d6bd8a89afb9af3fb75.webp,,TRUE,D
docs/references/beraito-exact-frontend-v5/** assets,docs/references/beraito-exact-frontend-v5/assets/images/0ec768f638a2a0f5ef14.jpg,file,ARCHIVE_CANDIDATE,docs/archive/references/beraito-exact-frontend-v5/assets/images/0ec768f638a2a0f5ef14.jpg,,TRUE,D
docs/references/beraito-exact-frontend-v5/** assets,docs/references/beraito-exact-frontend-v5/assets/images/13827e8427f1304f7f4e.jpg,file,ARCHIVE_CANDIDATE,docs/archive/references/beraito-exact-frontend-v5/assets/images/13827e8427f1304f7f4e.jpg,,TRUE,D
docs/references/beraito-exact-frontend-v5/** assets,docs/references/beraito-exact-frontend-v5/assets/images/153c28c3e481a67ce3ab.jpg,file,ARCHIVE_CANDIDATE,docs/archive/references/beraito-exact-frontend-v5/assets/images/153c28c3e481a67ce3ab.jpg,,TRUE,D
docs/references/beraito-exact-frontend-v5/** assets,docs/references/beraito-exact-frontend-v5/assets/images/156e541592f9ee9f7d27.webp,file,ARCHIVE_CANDIDATE,docs/archive/references/beraito-exact-frontend-v5/assets/images/156e541592f9ee9f7d27.webp,,TRUE,D
docs/references/beraito-exact-frontend-v5/** assets,docs/references/beraito-exact-frontend-v5/assets/images/1589d6d6cce8e8671cc8.jpg,file,ARCHIVE_CANDIDATE,docs/archive/references/beraito-exact-frontend-v5/assets/images/1589d6d6cce8e8671cc8.jpg,,TRUE,D
docs/references/beraito-exact-frontend-v5/** assets,docs/references/beraito-exact-frontend-v5/assets/images/16ba943f5a9ab02c12e8.webp,file,ARCHIVE_CANDIDATE,docs/archive/references/beraito-exact-frontend-v5/assets/images/16ba943f5a9ab02c12e8.webp,,TRUE,D
docs/references/beraito-exact-frontend-v5/** assets,docs/references/beraito-exact-frontend-v5/assets/images/1ae2263d6dd601fa2601.webp,file,ARCHIVE_CANDIDATE,docs/archive/references/beraito-exact-frontend-v5/assets/images/1ae2263d6dd601fa2601.webp,,TRUE,D
docs/references/beraito-exact-frontend-v5/** assets,docs/references/beraito-exact-frontend-v5/assets/images/1d8a130e37a8ab36b502.webp,file,ARCHIVE_CANDIDATE,docs/archive/references/beraito-exact-frontend-v5/assets/images/1d8a130e37a8ab36b502.webp,,TRUE,D
docs/references/beraito-exact-frontend-v5/** assets,docs/references/beraito-exact-frontend-v5/assets/images/1ea28ec0397715c7cd89.webp,file,ARCHIVE_CANDIDATE,docs/archive/references/beraito-exact-frontend-v5/assets/images/1ea28ec0397715c7cd89.webp,,TRUE,D
docs/references/beraito-exact-frontend-v5/** assets,docs/references/beraito-exact-frontend-v5/assets/images/1ef5379dae0c743e1a92.webp,file,ARCHIVE_CANDIDATE,docs/archive/references/beraito-exact-frontend-v5/assets/images/1ef5379dae0c743e1a92.webp,,TRUE,D
docs/references/beraito-exact-frontend-v5/** assets,docs/references/beraito-exact-frontend-v5/assets/images/202b0657a1c178f604a9.jpg,file,ARCHIVE_CANDIDATE,docs/archive/references/beraito-exact-frontend-v5/assets/images/202b0657a1c178f604a9.jpg,,TRUE,D
docs/references/beraito-exact-frontend-v5/** assets,docs/references/beraito-exact-frontend-v5/assets/images/21d88804ebd2fbdc8677.webp,file,ARCHIVE_CANDIDATE,docs/archive/references/beraito-exact-frontend-v5/assets/images/21d88804ebd2fbdc8677.webp,,TRUE,D
docs/references/beraito-exact-frontend-v5/** assets,docs/references/beraito-exact-frontend-v5/assets/images/228bbdd8c339de2ac04f.webp,file,ARCHIVE_CANDIDATE,docs/archive/references/beraito-exact-frontend-v5/assets/images/228bbdd8c339de2ac04f.webp,,TRUE,D
docs/references/beraito-exact-frontend-v5/** assets,docs/references/beraito-exact-frontend-v5/assets/images/22c7031d4bc5d10b7361.webp,file,ARCHIVE_CANDIDATE,docs/archive/references/beraito-exact-frontend-v5/assets/images/22c7031d4bc5d10b7361.webp,,TRUE,D
docs/references/beraito-exact-frontend-v5/** assets,docs/references/beraito-exact-frontend-v5/assets/images/26271f08b4386a30207a.webp,file,ARCHIVE_CANDIDATE,docs/archive/references/beraito-exact-frontend-v5/assets/images/26271f08b4386a30207a.webp,,TRUE,D
docs/references/beraito-exact-frontend-v5/** assets,docs/references/beraito-exact-frontend-v5/assets/images/2663e6e00b2090e2006d.jpg,file,ARCHIVE_CANDIDATE,docs/archive/references/beraito-exact-frontend-v5/assets/images/2663e6e00b2090e2006d.jpg,,TRUE,D
docs/references/beraito-exact-frontend-v5/** assets,docs/references/beraito-exact-frontend-v5/assets/images/26871185bab19891d3a8.webp,file,ARCHIVE_CANDIDATE,docs/archive/references/beraito-exact-frontend-v5/assets/images/26871185bab19891d3a8.webp,,TRUE,D
docs/references/beraito-exact-frontend-v5/** assets,docs/references/beraito-exact-frontend-v5/assets/images/26de80a1a2b606a2b541.webp,file,ARCHIVE_CANDIDATE,docs/archive/references/beraito-exact-frontend-v5/assets/images/26de80a1a2b606a2b541.webp,,TRUE,D
docs/references/beraito-exact-frontend-v5/** assets,docs/references/beraito-exact-frontend-v5/assets/images/28c2f2c8e6409740a5fc.jpg,file,ARCHIVE_CANDIDATE,docs/archive/references/beraito-exact-frontend-v5/assets/images/28c2f2c8e6409740a5fc.jpg,,TRUE,D
docs/references/beraito-exact-frontend-v5/** assets,docs/references/beraito-exact-frontend-v5/assets/images/2a1150c1a2a0de542afe.webp,file,ARCHIVE_CANDIDATE,docs/archive/references/beraito-exact-frontend-v5/assets/images/2a1150c1a2a0de542afe.webp,,TRUE,D
docs/references/beraito-exact-frontend-v5/** assets,docs/references/beraito-exact-frontend-v5/assets/images/2ba845df338185535a7f.webp,file,ARCHIVE_CANDIDATE,docs/archive/references/beraito-exact-frontend-v5/assets/images/2ba845df338185535a7f.webp,,TRUE,D
docs/references/beraito-exact-frontend-v5/** assets,docs/references/beraito-exact-frontend-v5/assets/images/2be136da42f611fcfdf0.jpg,file,ARCHIVE_CANDIDATE,docs/archive/references/beraito-exact-frontend-v5/assets/images/2be136da42f611fcfdf0.jpg,,TRUE,D
docs/references/beraito-exact-frontend-v5/** assets,docs/references/beraito-exact-frontend-v5/assets/images/2cb0364a6c09e9de736d.webp,file,ARCHIVE_CANDIDATE,docs/archive/references/beraito-exact-frontend-v5/assets/images/2cb0364a6c09e9de736d.webp,,TRUE,D
docs/references/beraito-exact-frontend-v5/** assets,docs/references/beraito-exact-frontend-v5/assets/images/2d3a6ce8a33235cc8b5f.webp,file,ARCHIVE_CANDIDATE,docs/archive/references/beraito-exact-frontend-v5/assets/images/2d3a6ce8a33235cc8b5f.webp,,TRUE,D
docs/references/beraito-exact-frontend-v5/** assets,docs/references/beraito-exact-frontend-v5/assets/images/2dcf5deffa4ebc841acb.jpg,file,ARCHIVE_CANDIDATE,docs/archive/references/beraito-exact-frontend-v5/assets/images/2dcf5deffa4ebc841acb.jpg,,TRUE,D
docs/references/beraito-exact-frontend-v5/** assets,docs/references/beraito-exact-frontend-v5/assets/images/32adebf25275fd655d11.svg,file,ARCHIVE_CANDIDATE,docs/archive/references/beraito-exact-frontend-v5/assets/images/32adebf25275fd655d11.svg,,TRUE,D
docs/references/beraito-exact-frontend-v5/** assets,docs/references/beraito-exact-frontend-v5/assets/images/3308e6e402391c234153.webp,file,ARCHIVE_CANDIDATE,docs/archive/references/beraito-exact-frontend-v5/assets/images/3308e6e402391c234153.webp,,TRUE,D
docs/references/beraito-exact-frontend-v5/** assets,docs/references/beraito-exact-frontend-v5/assets/images/334a67715f71477e62b9.webp,file,ARCHIVE_CANDIDATE,docs/archive/references/beraito-exact-frontend-v5/assets/images/334a67715f71477e62b9.webp,,TRUE,D
docs/references/beraito-exact-frontend-v5/** assets,docs/references/beraito-exact-frontend-v5/assets/images/3438a2ea3e2c2790ce36.webp,file,ARCHIVE_CANDIDATE,docs/archive/references/beraito-exact-frontend-v5/assets/images/3438a2ea3e2c2790ce36.webp,,TRUE,D
docs/references/beraito-exact-frontend-v5/** assets,docs/references/beraito-exact-frontend-v5/assets/images/36549ba8bd2f4f008d60.jpg,file,ARCHIVE_CANDIDATE,docs/archive/references/beraito-exact-frontend-v5/assets/images/36549ba8bd2f4f008d60.jpg,,TRUE,D
docs/references/beraito-exact-frontend-v5/** assets,docs/references/beraito-exact-frontend-v5/assets/images/36760800ef278569b655.webp,file,ARCHIVE_CANDIDATE,docs/archive/references/beraito-exact-frontend-v5/assets/images/36760800ef278569b655.webp,,TRUE,D
docs/references/beraito-exact-frontend-v5/** assets,docs/references/beraito-exact-frontend-v5/assets/images/36868a7cbed9862131fb.jpg,file,ARCHIVE_CANDIDATE,docs/archive/references/beraito-exact-frontend-v5/assets/images/36868a7cbed9862131fb.jpg,,TRUE,D
docs/references/beraito-exact-frontend-v5/** assets,docs/references/beraito-exact-frontend-v5/assets/images/36bb21b2b7f357bbbcf8.webp,file,ARCHIVE_CANDIDATE,docs/archive/references/beraito-exact-frontend-v5/assets/images/36bb21b2b7f357bbbcf8.webp,,TRUE,D
docs/references/beraito-exact-frontend-v5/** assets,docs/references/beraito-exact-frontend-v5/assets/images/36f48f09a80a236e6214.webp,file,ARCHIVE_CANDIDATE,docs/archive/references/beraito-exact-frontend-v5/assets/images/36f48f09a80a236e6214.webp,,TRUE,D
docs/references/beraito-exact-frontend-v5/** assets,docs/references/beraito-exact-frontend-v5/assets/images/378f7101d88c011fd476.webp,file,ARCHIVE_CANDIDATE,docs/archive/references/beraito-exact-frontend-v5/assets/images/378f7101d88c011fd476.webp,,TRUE,D
docs/references/beraito-exact-frontend-v5/** assets,docs/references/beraito-exact-frontend-v5/assets/images/39744ff7eae92d32ec26.jpg,file,ARCHIVE_CANDIDATE,docs/archive/references/beraito-exact-frontend-v5/assets/images/39744ff7eae92d32ec26.jpg,,TRUE,D
docs/references/beraito-exact-frontend-v5/** assets,docs/references/beraito-exact-frontend-v5/assets/images/3a86547b3952149ef562.webp,file,ARCHIVE_CANDIDATE,docs/archive/references/beraito-exact-frontend-v5/assets/images/3a86547b3952149ef562.webp,,TRUE,D
docs/references/beraito-exact-frontend-v5/** assets,docs/references/beraito-exact-frontend-v5/assets/images/3a950ffe1fd02fa46a65.svg,file,ARCHIVE_CANDIDATE,docs/archive/references/beraito-exact-frontend-v5/assets/images/3a950ffe1fd02fa46a65.svg,,TRUE,D
docs/references/beraito-exact-frontend-v5/** assets,docs/references/beraito-exact-frontend-v5/assets/images/3b224a0887025543b21b.webp,file,ARCHIVE_CANDIDATE,docs/archive/references/beraito-exact-frontend-v5/assets/images/3b224a0887025543b21b.webp,,TRUE,D
docs/references/beraito-exact-frontend-v5/** assets,docs/references/beraito-exact-frontend-v5/assets/images/3c0e9e99d3c869af4e7e.webp,file,ARCHIVE_CANDIDATE,docs/archive/references/beraito-exact-frontend-v5/assets/images/3c0e9e99d3c869af4e7e.webp,,TRUE,D
docs/references/beraito-exact-frontend-v5/** assets,docs/references/beraito-exact-frontend-v5/assets/images/3c784969733d57bae549.webp,file,ARCHIVE_CANDIDATE,docs/archive/references/beraito-exact-frontend-v5/assets/images/3c784969733d57bae549.webp,,TRUE,D
docs/references/beraito-exact-frontend-v5/** assets,docs/references/beraito-exact-frontend-v5/assets/images/3d61764be365da231c25.webp,file,ARCHIVE_CANDIDATE,docs/archive/references/beraito-exact-frontend-v5/assets/images/3d61764be365da231c25.webp,,TRUE,D
docs/references/beraito-exact-frontend-v5/** assets,docs/references/beraito-exact-frontend-v5/assets/images/3d694282d25c107aeec7.webp,file,ARCHIVE_CANDIDATE,docs/archive/references/beraito-exact-frontend-v5/assets/images/3d694282d25c107aeec7.webp,,TRUE,D
docs/references/beraito-exact-frontend-v5/** assets,docs/references/beraito-exact-frontend-v5/assets/images/4021d70f6f0d8afe2dc1.webp,file,ARCHIVE_CANDIDATE,docs/archive/references/beraito-exact-frontend-v5/assets/images/4021d70f6f0d8afe2dc1.webp,,TRUE,D
docs/references/beraito-exact-frontend-v5/** assets,docs/references/beraito-exact-frontend-v5/assets/images/40556dbfc89d778713ef.svg,file,ARCHIVE_CANDIDATE,docs/archive/references/beraito-exact-frontend-v5/assets/images/40556dbfc89d778713ef.svg,,TRUE,D
docs/references/beraito-exact-frontend-v5/** assets,docs/references/beraito-exact-frontend-v5/assets/images/40ebf98b93d4418167ef.jpg,file,ARCHIVE_CANDIDATE,docs/archive/references/beraito-exact-frontend-v5/assets/images/40ebf98b93d4418167ef.jpg,,TRUE,D
docs/references/beraito-exact-frontend-v5/** assets,docs/references/beraito-exact-frontend-v5/assets/images/42014cb7f58ef61c4c1b.jpg,file,ARCHIVE_CANDIDATE,docs/archive/references/beraito-exact-frontend-v5/assets/images/42014cb7f58ef61c4c1b.jpg,,TRUE,D
docs/references/beraito-exact-frontend-v5/** assets,docs/references/beraito-exact-frontend-v5/assets/images/42225a3ffafd07a04908.jpg,file,ARCHIVE_CANDIDATE,docs/archive/references/beraito-exact-frontend-v5/assets/images/42225a3ffafd07a04908.jpg,,TRUE,D
docs/references/beraito-exact-frontend-v5/** assets,docs/references/beraito-exact-frontend-v5/assets/images/42c6d3e59a13bb679c41.webp,file,ARCHIVE_CANDIDATE,docs/archive/references/beraito-exact-frontend-v5/assets/images/42c6d3e59a13bb679c41.webp,,TRUE,D
docs/references/beraito-exact-frontend-v5/** assets,docs/references/beraito-exact-frontend-v5/assets/images/43c9a96b296be8d042f6.webp,file,ARCHIVE_CANDIDATE,docs/archive/references/beraito-exact-frontend-v5/assets/images/43c9a96b296be8d042f6.webp,,TRUE,D
docs/references/beraito-exact-frontend-v5/** assets,docs/references/beraito-exact-frontend-v5/assets/images/46ea512ae7caec0bd702.webp,file,ARCHIVE_CANDIDATE,docs/archive/references/beraito-exact-frontend-v5/assets/images/46ea512ae7caec0bd702.webp,,TRUE,D
docs/references/beraito-exact-frontend-v5/** assets,docs/references/beraito-exact-frontend-v5/assets/images/47ca1db2d727b04f0150.jpg,file,ARCHIVE_CANDIDATE,docs/archive/references/beraito-exact-frontend-v5/assets/images/47ca1db2d727b04f0150.jpg,,TRUE,D
docs/references/beraito-exact-frontend-v5/** assets,docs/references/beraito-exact-frontend-v5/assets/images/48d2aaf8200e9396bf66.webp,file,ARCHIVE_CANDIDATE,docs/archive/references/beraito-exact-frontend-v5/assets/images/48d2aaf8200e9396bf66.webp,,TRUE,D
docs/references/beraito-exact-frontend-v5/** assets,docs/references/beraito-exact-frontend-v5/assets/images/491b02ede397de6c5c86.png,file,ARCHIVE_CANDIDATE,docs/archive/references/beraito-exact-frontend-v5/assets/images/491b02ede397de6c5c86.png,,TRUE,D
docs/references/beraito-exact-frontend-v5/** assets,docs/references/beraito-exact-frontend-v5/assets/images/49c82df3ed625b93503e.webp,file,ARCHIVE_CANDIDATE,docs/archive/references/beraito-exact-frontend-v5/assets/images/49c82df3ed625b93503e.webp,,TRUE,D
docs/references/beraito-exact-frontend-v5/** assets,docs/references/beraito-exact-frontend-v5/assets/images/4c57ef2c9f0b6b040deb.webp,file,ARCHIVE_CANDIDATE,docs/archive/references/beraito-exact-frontend-v5/assets/images/4c57ef2c9f0b6b040deb.webp,,TRUE,D
docs/references/beraito-exact-frontend-v5/** assets,docs/references/beraito-exact-frontend-v5/assets/images/4cdf6cc3989991d88de9.webp,file,ARCHIVE_CANDIDATE,docs/archive/references/beraito-exact-frontend-v5/assets/images/4cdf6cc3989991d88de9.webp,,TRUE,D
docs/references/beraito-exact-frontend-v5/** assets,docs/references/beraito-exact-frontend-v5/assets/images/4e887e8af91f21226b1d.jpg,file,ARCHIVE_CANDIDATE,docs/archive/references/beraito-exact-frontend-v5/assets/images/4e887e8af91f21226b1d.jpg,,TRUE,D
docs/references/beraito-exact-frontend-v5/** assets,docs/references/beraito-exact-frontend-v5/assets/images/4eaac78301d7d37da4c3.webp,file,ARCHIVE_CANDIDATE,docs/archive/references/beraito-exact-frontend-v5/assets/images/4eaac78301d7d37da4c3.webp,,TRUE,D
docs/references/beraito-exact-frontend-v5/** assets,docs/references/beraito-exact-frontend-v5/assets/images/512fd5fdaa209d1adf6c.webp,file,ARCHIVE_CANDIDATE,docs/archive/references/beraito-exact-frontend-v5/assets/images/512fd5fdaa209d1adf6c.webp,,TRUE,D
docs/references/beraito-exact-frontend-v5/** assets,docs/references/beraito-exact-frontend-v5/assets/images/5197256f84cc39f55d1b.webp,file,ARCHIVE_CANDIDATE,docs/archive/references/beraito-exact-frontend-v5/assets/images/5197256f84cc39f55d1b.webp,,TRUE,D
docs/references/beraito-exact-frontend-v5/** assets,docs/references/beraito-exact-frontend-v5/assets/images/52b17ffd4784f8c4ae21.jpg,file,ARCHIVE_CANDIDATE,docs/archive/references/beraito-exact-frontend-v5/assets/images/52b17ffd4784f8c4ae21.jpg,,TRUE,D
docs/references/beraito-exact-frontend-v5/** assets,docs/references/beraito-exact-frontend-v5/assets/images/52b4fccf695d0ab72cb1.webp,file,ARCHIVE_CANDIDATE,docs/archive/references/beraito-exact-frontend-v5/assets/images/52b4fccf695d0ab72cb1.webp,,TRUE,D
docs/references/beraito-exact-frontend-v5/** assets,docs/references/beraito-exact-frontend-v5/assets/images/54063b1b363ba43e1a3f.jpg,file,ARCHIVE_CANDIDATE,docs/archive/references/beraito-exact-frontend-v5/assets/images/54063b1b363ba43e1a3f.jpg,,TRUE,D
docs/references/beraito-exact-frontend-v5/** assets,docs/references/beraito-exact-frontend-v5/assets/images/560a597cdab23e540bd0.webp,file,ARCHIVE_CANDIDATE,docs/archive/references/beraito-exact-frontend-v5/assets/images/560a597cdab23e540bd0.webp,,TRUE,D
docs/references/beraito-exact-frontend-v5/** assets,docs/references/beraito-exact-frontend-v5/assets/images/565a1830ce4759841452.webp,file,ARCHIVE_CANDIDATE,docs/archive/references/beraito-exact-frontend-v5/assets/images/565a1830ce4759841452.webp,,TRUE,D
docs/references/beraito-exact-frontend-v5/** assets,docs/references/beraito-exact-frontend-v5/assets/images/5729559f2d6e09c26fc3.webp,file,ARCHIVE_CANDIDATE,docs/archive/references/beraito-exact-frontend-v5/assets/images/5729559f2d6e09c26fc3.webp,,TRUE,D
docs/references/beraito-exact-frontend-v5/** assets,docs/references/beraito-exact-frontend-v5/assets/images/5774b5d72c389b29c573.webp,file,ARCHIVE_CANDIDATE,docs/archive/references/beraito-exact-frontend-v5/assets/images/5774b5d72c389b29c573.webp,,TRUE,D
docs/references/beraito-exact-frontend-v5/** assets,docs/references/beraito-exact-frontend-v5/assets/images/58b1fa49b9b2b09b64b6.webp,file,ARCHIVE_CANDIDATE,docs/archive/references/beraito-exact-frontend-v5/assets/images/58b1fa49b9b2b09b64b6.webp,,TRUE,D
docs/references/beraito-exact-frontend-v5/** assets,docs/references/beraito-exact-frontend-v5/assets/images/5d42433a16a86e3e77a8.webp,file,ARCHIVE_CANDIDATE,docs/archive/references/beraito-exact-frontend-v5/assets/images/5d42433a16a86e3e77a8.webp,,TRUE,D
docs/references/beraito-exact-frontend-v5/** assets,docs/references/beraito-exact-frontend-v5/assets/images/5e681cc0bd8f1f3bbb3d.webp,file,ARCHIVE_CANDIDATE,docs/archive/references/beraito-exact-frontend-v5/assets/images/5e681cc0bd8f1f3bbb3d.webp,,TRUE,D
docs/references/beraito-exact-frontend-v5/** assets,docs/references/beraito-exact-frontend-v5/assets/images/5f682499513c8616acf3.webp,file,ARCHIVE_CANDIDATE,docs/archive/references/beraito-exact-frontend-v5/assets/images/5f682499513c8616acf3.webp,,TRUE,D
docs/references/beraito-exact-frontend-v5/** assets,docs/references/beraito-exact-frontend-v5/assets/images/61c1c74c034f94d53843.jpg,file,ARCHIVE_CANDIDATE,docs/archive/references/beraito-exact-frontend-v5/assets/images/61c1c74c034f94d53843.jpg,,TRUE,D
docs/references/beraito-exact-frontend-v5/** assets,docs/references/beraito-exact-frontend-v5/assets/images/620a0f1078503bc7414d.jpg,file,ARCHIVE_CANDIDATE,docs/archive/references/beraito-exact-frontend-v5/assets/images/620a0f1078503bc7414d.jpg,,TRUE,D
docs/references/beraito-exact-frontend-v5/** assets,docs/references/beraito-exact-frontend-v5/assets/images/625b1eb4f72ba095196b.webp,file,ARCHIVE_CANDIDATE,docs/archive/references/beraito-exact-frontend-v5/assets/images/625b1eb4f72ba095196b.webp,,TRUE,D
docs/references/beraito-exact-frontend-v5/** assets,docs/references/beraito-exact-frontend-v5/assets/images/62cd57d54a274926b782.webp,file,ARCHIVE_CANDIDATE,docs/archive/references/beraito-exact-frontend-v5/assets/images/62cd57d54a274926b782.webp,,TRUE,D
docs/references/beraito-exact-frontend-v5/** assets,docs/references/beraito-exact-frontend-v5/assets/images/630c9c2c3ab41e088013.webp,file,ARCHIVE_CANDIDATE,docs/archive/references/beraito-exact-frontend-v5/assets/images/630c9c2c3ab41e088013.webp,,TRUE,D
docs/references/beraito-exact-frontend-v5/** assets,docs/references/beraito-exact-frontend-v5/assets/images/655a6c54923d153d32c0.jpg,file,ARCHIVE_CANDIDATE,docs/archive/references/beraito-exact-frontend-v5/assets/images/655a6c54923d153d32c0.jpg,,TRUE,D
docs/references/beraito-exact-frontend-v5/** assets,docs/references/beraito-exact-frontend-v5/assets/images/6622c2cb3a8c23eeefe2.webp,file,ARCHIVE_CANDIDATE,docs/archive/references/beraito-exact-frontend-v5/assets/images/6622c2cb3a8c23eeefe2.webp,,TRUE,D
docs/references/beraito-exact-frontend-v5/** assets,docs/references/beraito-exact-frontend-v5/assets/images/66375536dfddc4d2cf2b.webp,file,ARCHIVE_CANDIDATE,docs/archive/references/beraito-exact-frontend-v5/assets/images/66375536dfddc4d2cf2b.webp,,TRUE,D
docs/references/beraito-exact-frontend-v5/** assets,docs/references/beraito-exact-frontend-v5/assets/images/6782ffccb5649b6c812d.webp,file,ARCHIVE_CANDIDATE,docs/archive/references/beraito-exact-frontend-v5/assets/images/6782ffccb5649b6c812d.webp,,TRUE,D
docs/references/beraito-exact-frontend-v5/** assets,docs/references/beraito-exact-frontend-v5/assets/images/680954cdf9bf30b3ee22.jpg,file,ARCHIVE_CANDIDATE,docs/archive/references/beraito-exact-frontend-v5/assets/images/680954cdf9bf30b3ee22.jpg,,TRUE,D
docs/references/beraito-exact-frontend-v5/** assets,docs/references/beraito-exact-frontend-v5/assets/images/697df9d7b5b26ba26498.jpg,file,ARCHIVE_CANDIDATE,docs/archive/references/beraito-exact-frontend-v5/assets/images/697df9d7b5b26ba26498.jpg,,TRUE,D
docs/references/beraito-exact-frontend-v5/** assets,docs/references/beraito-exact-frontend-v5/assets/images/6b923cbb8b875517ecd7.webp,file,ARCHIVE_CANDIDATE,docs/archive/references/beraito-exact-frontend-v5/assets/images/6b923cbb8b875517ecd7.webp,,TRUE,D
docs/references/beraito-exact-frontend-v5/** assets,docs/references/beraito-exact-frontend-v5/assets/images/6c15e0b2e4a4c284e7c1.webp,file,ARCHIVE_CANDIDATE,docs/archive/references/beraito-exact-frontend-v5/assets/images/6c15e0b2e4a4c284e7c1.webp,,TRUE,D
docs/references/beraito-exact-frontend-v5/** assets,docs/references/beraito-exact-frontend-v5/assets/images/6cc1e8ed59d471ac8901.webp,file,ARCHIVE_CANDIDATE,docs/archive/references/beraito-exact-frontend-v5/assets/images/6cc1e8ed59d471ac8901.webp,,TRUE,D
docs/references/beraito-exact-frontend-v5/** assets,docs/references/beraito-exact-frontend-v5/assets/images/6cda4fc3f95cb0495f9f.webp,file,ARCHIVE_CANDIDATE,docs/archive/references/beraito-exact-frontend-v5/assets/images/6cda4fc3f95cb0495f9f.webp,,TRUE,D
docs/references/beraito-exact-frontend-v5/** assets,docs/references/beraito-exact-frontend-v5/assets/images/72f80d133d15bb63a6c1.jpg,file,ARCHIVE_CANDIDATE,docs/archive/references/beraito-exact-frontend-v5/assets/images/72f80d133d15bb63a6c1.jpg,,TRUE,D
docs/references/beraito-exact-frontend-v5/** assets,docs/references/beraito-exact-frontend-v5/assets/images/75c2cc434b172b185e73.webp,file,ARCHIVE_CANDIDATE,docs/archive/references/beraito-exact-frontend-v5/assets/images/75c2cc434b172b185e73.webp,,TRUE,D
docs/references/beraito-exact-frontend-v5/** assets,docs/references/beraito-exact-frontend-v5/assets/images/7651ec25a8d54dfd79bd.webp,file,ARCHIVE_CANDIDATE,docs/archive/references/beraito-exact-frontend-v5/assets/images/7651ec25a8d54dfd79bd.webp,,TRUE,D
docs/references/beraito-exact-frontend-v5/** assets,docs/references/beraito-exact-frontend-v5/assets/images/76649b6cf5b84305ff6b.webp,file,ARCHIVE_CANDIDATE,docs/archive/references/beraito-exact-frontend-v5/assets/images/76649b6cf5b84305ff6b.webp,,TRUE,D
docs/references/beraito-exact-frontend-v5/** assets,docs/references/beraito-exact-frontend-v5/assets/images/7851039908afadda7976.webp,file,ARCHIVE_CANDIDATE,docs/archive/references/beraito-exact-frontend-v5/assets/images/7851039908afadda7976.webp,,TRUE,D
docs/references/beraito-exact-frontend-v5/** assets,docs/references/beraito-exact-frontend-v5/assets/images/785f1602ddd42dff53fa.jpg,file,ARCHIVE_CANDIDATE,docs/archive/references/beraito-exact-frontend-v5/assets/images/785f1602ddd42dff53fa.jpg,,TRUE,D
docs/references/beraito-exact-frontend-v5/** assets,docs/references/beraito-exact-frontend-v5/assets/images/78df74008e035d6d30d0.webp,file,ARCHIVE_CANDIDATE,docs/archive/references/beraito-exact-frontend-v5/assets/images/78df74008e035d6d30d0.webp,,TRUE,D
docs/references/beraito-exact-frontend-v5/** assets,docs/references/beraito-exact-frontend-v5/assets/images/79748b50f7304bdd6198.webp,file,ARCHIVE_CANDIDATE,docs/archive/references/beraito-exact-frontend-v5/assets/images/79748b50f7304bdd6198.webp,,TRUE,D
docs/references/beraito-exact-frontend-v5/** assets,docs/references/beraito-exact-frontend-v5/assets/images/7a3b43d2f7aeec25a4ab.jpg,file,ARCHIVE_CANDIDATE,docs/archive/references/beraito-exact-frontend-v5/assets/images/7a3b43d2f7aeec25a4ab.jpg,,TRUE,D
docs/references/beraito-exact-frontend-v5/** assets,docs/references/beraito-exact-frontend-v5/assets/images/7af0379b880751bf9125.webp,file,ARCHIVE_CANDIDATE,docs/archive/references/beraito-exact-frontend-v5/assets/images/7af0379b880751bf9125.webp,,TRUE,D
docs/references/beraito-exact-frontend-v5/** assets,docs/references/beraito-exact-frontend-v5/assets/images/7af4ea586541698b7566.jpg,file,ARCHIVE_CANDIDATE,docs/archive/references/beraito-exact-frontend-v5/assets/images/7af4ea586541698b7566.jpg,,TRUE,D
docs/references/beraito-exact-frontend-v5/** assets,docs/references/beraito-exact-frontend-v5/assets/images/7b54f0c2e1c0d928dc39.webp,file,ARCHIVE_CANDIDATE,docs/archive/references/beraito-exact-frontend-v5/assets/images/7b54f0c2e1c0d928dc39.webp,,TRUE,D
docs/references/beraito-exact-frontend-v5/** assets,docs/references/beraito-exact-frontend-v5/assets/images/7c6b783b1c8619c544ae.webp,file,ARCHIVE_CANDIDATE,docs/archive/references/beraito-exact-frontend-v5/assets/images/7c6b783b1c8619c544ae.webp,,TRUE,D
docs/references/beraito-exact-frontend-v5/** assets,docs/references/beraito-exact-frontend-v5/assets/images/7f311fcb9509e6a61cf8.webp,file,ARCHIVE_CANDIDATE,docs/archive/references/beraito-exact-frontend-v5/assets/images/7f311fcb9509e6a61cf8.webp,,TRUE,D
docs/references/beraito-exact-frontend-v5/** assets,docs/references/beraito-exact-frontend-v5/assets/images/7f496ac863f74ec9dc48.jpg,file,ARCHIVE_CANDIDATE,docs/archive/references/beraito-exact-frontend-v5/assets/images/7f496ac863f74ec9dc48.jpg,,TRUE,D
docs/references/beraito-exact-frontend-v5/** assets,docs/references/beraito-exact-frontend-v5/assets/images/7f9e08cb7ef6cc64430e.jpg,file,ARCHIVE_CANDIDATE,docs/archive/references/beraito-exact-frontend-v5/assets/images/7f9e08cb7ef6cc64430e.jpg,,TRUE,D
docs/references/beraito-exact-frontend-v5/** assets,docs/references/beraito-exact-frontend-v5/assets/images/7fa881101b7f3fb1e8a1.webp,file,ARCHIVE_CANDIDATE,docs/archive/references/beraito-exact-frontend-v5/assets/images/7fa881101b7f3fb1e8a1.webp,,TRUE,D
docs/references/beraito-exact-frontend-v5/** assets,docs/references/beraito-exact-frontend-v5/assets/images/80fecc9802a93e693ed1.webp,file,ARCHIVE_CANDIDATE,docs/archive/references/beraito-exact-frontend-v5/assets/images/80fecc9802a93e693ed1.webp,,TRUE,D
docs/references/beraito-exact-frontend-v5/** assets,docs/references/beraito-exact-frontend-v5/assets/images/81c1ae6025e6a100041e.webp,file,ARCHIVE_CANDIDATE,docs/archive/references/beraito-exact-frontend-v5/assets/images/81c1ae6025e6a100041e.webp,,TRUE,D
docs/references/beraito-exact-frontend-v5/** assets,docs/references/beraito-exact-frontend-v5/assets/images/8405cbf36f7c38b625f6.webp,file,ARCHIVE_CANDIDATE,docs/archive/references/beraito-exact-frontend-v5/assets/images/8405cbf36f7c38b625f6.webp,,TRUE,D
docs/references/beraito-exact-frontend-v5/** assets,docs/references/beraito-exact-frontend-v5/assets/images/84fa7aa5f65c610d460d.webp,file,ARCHIVE_CANDIDATE,docs/archive/references/beraito-exact-frontend-v5/assets/images/84fa7aa5f65c610d460d.webp,,TRUE,D
docs/references/beraito-exact-frontend-v5/** assets,docs/references/beraito-exact-frontend-v5/assets/images/8573b2cafeaa63221eb4.webp,file,ARCHIVE_CANDIDATE,docs/archive/references/beraito-exact-frontend-v5/assets/images/8573b2cafeaa63221eb4.webp,,TRUE,D
docs/references/beraito-exact-frontend-v5/** assets,docs/references/beraito-exact-frontend-v5/assets/images/8979a3bec7d7ed057b66.webp,file,ARCHIVE_CANDIDATE,docs/archive/references/beraito-exact-frontend-v5/assets/images/8979a3bec7d7ed057b66.webp,,TRUE,D
docs/references/beraito-exact-frontend-v5/** assets,docs/references/beraito-exact-frontend-v5/assets/images/8c2d4b7cf0411410e24e.webp,file,ARCHIVE_CANDIDATE,docs/archive/references/beraito-exact-frontend-v5/assets/images/8c2d4b7cf0411410e24e.webp,,TRUE,D
docs/references/beraito-exact-frontend-v5/** assets,docs/references/beraito-exact-frontend-v5/assets/images/8ce576185e1db286a49d.webp,file,ARCHIVE_CANDIDATE,docs/archive/references/beraito-exact-frontend-v5/assets/images/8ce576185e1db286a49d.webp,,TRUE,D
docs/references/beraito-exact-frontend-v5/** assets,docs/references/beraito-exact-frontend-v5/assets/images/8d23a6b7b1e46d83c508.jpg,file,ARCHIVE_CANDIDATE,docs/archive/references/beraito-exact-frontend-v5/assets/images/8d23a6b7b1e46d83c508.jpg,,TRUE,D
docs/references/beraito-exact-frontend-v5/** assets,docs/references/beraito-exact-frontend-v5/assets/images/8da6214e8a6d9b046b8f.jpg,file,ARCHIVE_CANDIDATE,docs/archive/references/beraito-exact-frontend-v5/assets/images/8da6214e8a6d9b046b8f.jpg,,TRUE,D
docs/references/beraito-exact-frontend-v5/** assets,docs/references/beraito-exact-frontend-v5/assets/images/8e254ca017d738ef90d9.webp,file,ARCHIVE_CANDIDATE,docs/archive/references/beraito-exact-frontend-v5/assets/images/8e254ca017d738ef90d9.webp,,TRUE,D
docs/references/beraito-exact-frontend-v5/** assets,docs/references/beraito-exact-frontend-v5/assets/images/8e404035fb39315f34ef.webp,file,ARCHIVE_CANDIDATE,docs/archive/references/beraito-exact-frontend-v5/assets/images/8e404035fb39315f34ef.webp,,TRUE,D
docs/references/beraito-exact-frontend-v5/** assets,docs/references/beraito-exact-frontend-v5/assets/images/8e5cfd69a818f2d7b15c.webp,file,ARCHIVE_CANDIDATE,docs/archive/references/beraito-exact-frontend-v5/assets/images/8e5cfd69a818f2d7b15c.webp,,TRUE,D
docs/references/beraito-exact-frontend-v5/** assets,docs/references/beraito-exact-frontend-v5/assets/images/8fac74236d0fad982067.webp,file,ARCHIVE_CANDIDATE,docs/archive/references/beraito-exact-frontend-v5/assets/images/8fac74236d0fad982067.webp,,TRUE,D
docs/references/beraito-exact-frontend-v5/** assets,docs/references/beraito-exact-frontend-v5/assets/images/8fb9cd575e4766134ac6.jpg,file,ARCHIVE_CANDIDATE,docs/archive/references/beraito-exact-frontend-v5/assets/images/8fb9cd575e4766134ac6.jpg,,TRUE,D
docs/references/beraito-exact-frontend-v5/** assets,docs/references/beraito-exact-frontend-v5/assets/images/90af4bd94c97fd820f4c.jpg,file,ARCHIVE_CANDIDATE,docs/archive/references/beraito-exact-frontend-v5/assets/images/90af4bd94c97fd820f4c.jpg,,TRUE,D
docs/references/beraito-exact-frontend-v5/** assets,docs/references/beraito-exact-frontend-v5/assets/images/9133656e2dce5425ab41.webp,file,ARCHIVE_CANDIDATE,docs/archive/references/beraito-exact-frontend-v5/assets/images/9133656e2dce5425ab41.webp,,TRUE,D
docs/references/beraito-exact-frontend-v5/** assets,docs/references/beraito-exact-frontend-v5/assets/images/915d394f78bb0a3148ec.jpg,file,ARCHIVE_CANDIDATE,docs/archive/references/beraito-exact-frontend-v5/assets/images/915d394f78bb0a3148ec.jpg,,TRUE,D
docs/references/beraito-exact-frontend-v5/** assets,docs/references/beraito-exact-frontend-v5/assets/images/93925df026704624860f.jpg,file,ARCHIVE_CANDIDATE,docs/archive/references/beraito-exact-frontend-v5/assets/images/93925df026704624860f.jpg,,TRUE,D
docs/references/beraito-exact-frontend-v5/** assets,docs/references/beraito-exact-frontend-v5/assets/images/93a27731b83377410b4e.jpg,file,ARCHIVE_CANDIDATE,docs/archive/references/beraito-exact-frontend-v5/assets/images/93a27731b83377410b4e.jpg,,TRUE,D
docs/references/beraito-exact-frontend-v5/** assets,docs/references/beraito-exact-frontend-v5/assets/images/94cee27204832715f474.jpg,file,ARCHIVE_CANDIDATE,docs/archive/references/beraito-exact-frontend-v5/assets/images/94cee27204832715f474.jpg,,TRUE,D
docs/references/beraito-exact-frontend-v5/** assets,docs/references/beraito-exact-frontend-v5/assets/images/955f8636c3a0c8c06d44.png,file,ARCHIVE_CANDIDATE,docs/archive/references/beraito-exact-frontend-v5/assets/images/955f8636c3a0c8c06d44.png,,TRUE,D
docs/references/beraito-exact-frontend-v5/** assets,docs/references/beraito-exact-frontend-v5/assets/images/95908709f386234b27b0.webp,file,ARCHIVE_CANDIDATE,docs/archive/references/beraito-exact-frontend-v5/assets/images/95908709f386234b27b0.webp,,TRUE,D
docs/references/beraito-exact-frontend-v5/** assets,docs/references/beraito-exact-frontend-v5/assets/images/9895bf527b1f79613436.webp,file,ARCHIVE_CANDIDATE,docs/archive/references/beraito-exact-frontend-v5/assets/images/9895bf527b1f79613436.webp,,TRUE,D
docs/references/beraito-exact-frontend-v5/** assets,docs/references/beraito-exact-frontend-v5/assets/images/98cedd87647ae7238977.jpg,file,ARCHIVE_CANDIDATE,docs/archive/references/beraito-exact-frontend-v5/assets/images/98cedd87647ae7238977.jpg,,TRUE,D
docs/references/beraito-exact-frontend-v5/** assets,docs/references/beraito-exact-frontend-v5/assets/images/99326ad5240e3bf791cb.webp,file,ARCHIVE_CANDIDATE,docs/archive/references/beraito-exact-frontend-v5/assets/images/99326ad5240e3bf791cb.webp,,TRUE,D
docs/references/beraito-exact-frontend-v5/** assets,docs/references/beraito-exact-frontend-v5/assets/images/9b541b284e67f3c888a9.jpg,file,ARCHIVE_CANDIDATE,docs/archive/references/beraito-exact-frontend-v5/assets/images/9b541b284e67f3c888a9.jpg,,TRUE,D
docs/references/beraito-exact-frontend-v5/** assets,docs/references/beraito-exact-frontend-v5/assets/images/9f1cd8ca5ef28b145002.jpg,file,ARCHIVE_CANDIDATE,docs/archive/references/beraito-exact-frontend-v5/assets/images/9f1cd8ca5ef28b145002.jpg,,TRUE,D
docs/references/beraito-exact-frontend-v5/** assets,docs/references/beraito-exact-frontend-v5/assets/images/a2350853c44c7dc0f881.webp,file,ARCHIVE_CANDIDATE,docs/archive/references/beraito-exact-frontend-v5/assets/images/a2350853c44c7dc0f881.webp,,TRUE,D
docs/references/beraito-exact-frontend-v5/** assets,docs/references/beraito-exact-frontend-v5/assets/images/a2bd91aeb9e568e20a8f.webp,file,ARCHIVE_CANDIDATE,docs/archive/references/beraito-exact-frontend-v5/assets/images/a2bd91aeb9e568e20a8f.webp,,TRUE,D
docs/references/beraito-exact-frontend-v5/** assets,docs/references/beraito-exact-frontend-v5/assets/images/a2dd95f47e26d7a9d010.webp,file,ARCHIVE_CANDIDATE,docs/archive/references/beraito-exact-frontend-v5/assets/images/a2dd95f47e26d7a9d010.webp,,TRUE,D
docs/references/beraito-exact-frontend-v5/** assets,docs/references/beraito-exact-frontend-v5/assets/images/a3fd53824c630efa8b12.png,file,ARCHIVE_CANDIDATE,docs/archive/references/beraito-exact-frontend-v5/assets/images/a3fd53824c630efa8b12.png,,TRUE,D
docs/references/beraito-exact-frontend-v5/** assets,docs/references/beraito-exact-frontend-v5/assets/images/a49b7185f40c5a55aeb2.jpg,file,ARCHIVE_CANDIDATE,docs/archive/references/beraito-exact-frontend-v5/assets/images/a49b7185f40c5a55aeb2.jpg,,TRUE,D
docs/references/beraito-exact-frontend-v5/** assets,docs/references/beraito-exact-frontend-v5/assets/images/a4d914961b01fd5157b2.webp,file,ARCHIVE_CANDIDATE,docs/archive/references/beraito-exact-frontend-v5/assets/images/a4d914961b01fd5157b2.webp,,TRUE,D
docs/references/beraito-exact-frontend-v5/** assets,docs/references/beraito-exact-frontend-v5/assets/images/a573d32bb56b2f6e7323.webp,file,ARCHIVE_CANDIDATE,docs/archive/references/beraito-exact-frontend-v5/assets/images/a573d32bb56b2f6e7323.webp,,TRUE,D
docs/references/beraito-exact-frontend-v5/** assets,docs/references/beraito-exact-frontend-v5/assets/images/a638f27c2722e76d4ad6.webp,file,ARCHIVE_CANDIDATE,docs/archive/references/beraito-exact-frontend-v5/assets/images/a638f27c2722e76d4ad6.webp,,TRUE,D
docs/references/beraito-exact-frontend-v5/** assets,docs/references/beraito-exact-frontend-v5/assets/images/a8a924a3da6b1a12e515.jpg,file,ARCHIVE_CANDIDATE,docs/archive/references/beraito-exact-frontend-v5/assets/images/a8a924a3da6b1a12e515.jpg,,TRUE,D
docs/references/beraito-exact-frontend-v5/** assets,docs/references/beraito-exact-frontend-v5/assets/images/a8ebeedd59c251bf5db5.jpg,file,ARCHIVE_CANDIDATE,docs/archive/references/beraito-exact-frontend-v5/assets/images/a8ebeedd59c251bf5db5.jpg,,TRUE,D
docs/references/beraito-exact-frontend-v5/** assets,docs/references/beraito-exact-frontend-v5/assets/images/a9d255e503264da92c92.jpg,file,ARCHIVE_CANDIDATE,docs/archive/references/beraito-exact-frontend-v5/assets/images/a9d255e503264da92c92.jpg,,TRUE,D
docs/references/beraito-exact-frontend-v5/** assets,docs/references/beraito-exact-frontend-v5/assets/images/acd4f0a7c82bd88de76f.webp,file,ARCHIVE_CANDIDATE,docs/archive/references/beraito-exact-frontend-v5/assets/images/acd4f0a7c82bd88de76f.webp,,TRUE,D
docs/references/beraito-exact-frontend-v5/** assets,docs/references/beraito-exact-frontend-v5/assets/images/afbc0ee7d3843ecae24d.webp,file,ARCHIVE_CANDIDATE,docs/archive/references/beraito-exact-frontend-v5/assets/images/afbc0ee7d3843ecae24d.webp,,TRUE,D
docs/references/beraito-exact-frontend-v5/** assets,docs/references/beraito-exact-frontend-v5/assets/images/b23670dbe540bc03356d.webp,file,ARCHIVE_CANDIDATE,docs/archive/references/beraito-exact-frontend-v5/assets/images/b23670dbe540bc03356d.webp,,TRUE,D
docs/references/beraito-exact-frontend-v5/** assets,docs/references/beraito-exact-frontend-v5/assets/images/b256a6f9ce24fdfb44ee.webp,file,ARCHIVE_CANDIDATE,docs/archive/references/beraito-exact-frontend-v5/assets/images/b256a6f9ce24fdfb44ee.webp,,TRUE,D
docs/references/beraito-exact-frontend-v5/** assets,docs/references/beraito-exact-frontend-v5/assets/images/b56203937dce33eb6684.webp,file,ARCHIVE_CANDIDATE,docs/archive/references/beraito-exact-frontend-v5/assets/images/b56203937dce33eb6684.webp,,TRUE,D
docs/references/beraito-exact-frontend-v5/** assets,docs/references/beraito-exact-frontend-v5/assets/images/b7916d12fb8a40e8b69a.webp,file,ARCHIVE_CANDIDATE,docs/archive/references/beraito-exact-frontend-v5/assets/images/b7916d12fb8a40e8b69a.webp,,TRUE,D
docs/references/beraito-exact-frontend-v5/** assets,docs/references/beraito-exact-frontend-v5/assets/images/b7ea967f63cdee019c8b.webp,file,ARCHIVE_CANDIDATE,docs/archive/references/beraito-exact-frontend-v5/assets/images/b7ea967f63cdee019c8b.webp,,TRUE,D
docs/references/beraito-exact-frontend-v5/** assets,docs/references/beraito-exact-frontend-v5/assets/images/b83af35b395e77bafac9.webp,file,ARCHIVE_CANDIDATE,docs/archive/references/beraito-exact-frontend-v5/assets/images/b83af35b395e77bafac9.webp,,TRUE,D
docs/references/beraito-exact-frontend-v5/** assets,docs/references/beraito-exact-frontend-v5/assets/images/ba5eaddb310b28481bd5.webp,file,ARCHIVE_CANDIDATE,docs/archive/references/beraito-exact-frontend-v5/assets/images/ba5eaddb310b28481bd5.webp,,TRUE,D
docs/references/beraito-exact-frontend-v5/** assets,docs/references/beraito-exact-frontend-v5/assets/images/bbe868fe16d6aa9ac424.webp,file,ARCHIVE_CANDIDATE,docs/archive/references/beraito-exact-frontend-v5/assets/images/bbe868fe16d6aa9ac424.webp,,TRUE,D
docs/references/beraito-exact-frontend-v5/** assets,docs/references/beraito-exact-frontend-v5/assets/images/bc6f82d9ca70ad557949.webp,file,ARCHIVE_CANDIDATE,docs/archive/references/beraito-exact-frontend-v5/assets/images/bc6f82d9ca70ad557949.webp,,TRUE,D
docs/references/beraito-exact-frontend-v5/** assets,docs/references/beraito-exact-frontend-v5/assets/images/bcb6cda0aba7a9b98950.webp,file,ARCHIVE_CANDIDATE,docs/archive/references/beraito-exact-frontend-v5/assets/images/bcb6cda0aba7a9b98950.webp,,TRUE,D
docs/references/beraito-exact-frontend-v5/** assets,docs/references/beraito-exact-frontend-v5/assets/images/bee5ffef62e701ffa445.jpg,file,ARCHIVE_CANDIDATE,docs/archive/references/beraito-exact-frontend-v5/assets/images/bee5ffef62e701ffa445.jpg,,TRUE,D
docs/references/beraito-exact-frontend-v5/** assets,docs/references/beraito-exact-frontend-v5/assets/images/c2094f543db10ffaa7a2.jpg,file,ARCHIVE_CANDIDATE,docs/archive/references/beraito-exact-frontend-v5/assets/images/c2094f543db10ffaa7a2.jpg,,TRUE,D
docs/references/beraito-exact-frontend-v5/** assets,docs/references/beraito-exact-frontend-v5/assets/images/c35d4a089ca77e30ad79.webp,file,ARCHIVE_CANDIDATE,docs/archive/references/beraito-exact-frontend-v5/assets/images/c35d4a089ca77e30ad79.webp,,TRUE,D
docs/references/beraito-exact-frontend-v5/** assets,docs/references/beraito-exact-frontend-v5/assets/images/c36543e31605e54ced87.jpg,file,ARCHIVE_CANDIDATE,docs/archive/references/beraito-exact-frontend-v5/assets/images/c36543e31605e54ced87.jpg,,TRUE,D
docs/references/beraito-exact-frontend-v5/** assets,docs/references/beraito-exact-frontend-v5/assets/images/c365d0530745001324fe.jpg,file,ARCHIVE_CANDIDATE,docs/archive/references/beraito-exact-frontend-v5/assets/images/c365d0530745001324fe.jpg,,TRUE,D
docs/references/beraito-exact-frontend-v5/** assets,docs/references/beraito-exact-frontend-v5/assets/images/c565e1c6151562e0b433.webp,file,ARCHIVE_CANDIDATE,docs/archive/references/beraito-exact-frontend-v5/assets/images/c565e1c6151562e0b433.webp,,TRUE,D
docs/references/beraito-exact-frontend-v5/** assets,docs/references/beraito-exact-frontend-v5/assets/images/c57471379e6495ada09c.webp,file,ARCHIVE_CANDIDATE,docs/archive/references/beraito-exact-frontend-v5/assets/images/c57471379e6495ada09c.webp,,TRUE,D
docs/references/beraito-exact-frontend-v5/** assets,docs/references/beraito-exact-frontend-v5/assets/images/c68375567466f5b9fdf6.webp,file,ARCHIVE_CANDIDATE,docs/archive/references/beraito-exact-frontend-v5/assets/images/c68375567466f5b9fdf6.webp,,TRUE,D
docs/references/beraito-exact-frontend-v5/** assets,docs/references/beraito-exact-frontend-v5/assets/images/c6e04fd750180280dc18.webp,file,ARCHIVE_CANDIDATE,docs/archive/references/beraito-exact-frontend-v5/assets/images/c6e04fd750180280dc18.webp,,TRUE,D
docs/references/beraito-exact-frontend-v5/** assets,docs/references/beraito-exact-frontend-v5/assets/images/c7936c14ef074e40f8a4.jpg,file,ARCHIVE_CANDIDATE,docs/archive/references/beraito-exact-frontend-v5/assets/images/c7936c14ef074e40f8a4.jpg,,TRUE,D
docs/references/beraito-exact-frontend-v5/** assets,docs/references/beraito-exact-frontend-v5/assets/images/c7ae3c64f536b16bd762.webp,file,ARCHIVE_CANDIDATE,docs/archive/references/beraito-exact-frontend-v5/assets/images/c7ae3c64f536b16bd762.webp,,TRUE,D
docs/references/beraito-exact-frontend-v5/** assets,docs/references/beraito-exact-frontend-v5/assets/images/cb46e8f9310c817e3f97.webp,file,ARCHIVE_CANDIDATE,docs/archive/references/beraito-exact-frontend-v5/assets/images/cb46e8f9310c817e3f97.webp,,TRUE,D
docs/references/beraito-exact-frontend-v5/** assets,docs/references/beraito-exact-frontend-v5/assets/images/cb4c1422381ed32b58f3.webp,file,ARCHIVE_CANDIDATE,docs/archive/references/beraito-exact-frontend-v5/assets/images/cb4c1422381ed32b58f3.webp,,TRUE,D
docs/references/beraito-exact-frontend-v5/** assets,docs/references/beraito-exact-frontend-v5/assets/images/cba879c23a6dd07c8d00.webp,file,ARCHIVE_CANDIDATE,docs/archive/references/beraito-exact-frontend-v5/assets/images/cba879c23a6dd07c8d00.webp,,TRUE,D
docs/references/beraito-exact-frontend-v5/** assets,docs/references/beraito-exact-frontend-v5/assets/images/cd84fa716b9ffd0580a5.webp,file,ARCHIVE_CANDIDATE,docs/archive/references/beraito-exact-frontend-v5/assets/images/cd84fa716b9ffd0580a5.webp,,TRUE,D
docs/references/beraito-exact-frontend-v5/** assets,docs/references/beraito-exact-frontend-v5/assets/images/cd9726be633dec0fac40.webp,file,ARCHIVE_CANDIDATE,docs/archive/references/beraito-exact-frontend-v5/assets/images/cd9726be633dec0fac40.webp,,TRUE,D
docs/references/beraito-exact-frontend-v5/** assets,docs/references/beraito-exact-frontend-v5/assets/images/ce905f4c007e2a43a51c.jpg,file,ARCHIVE_CANDIDATE,docs/archive/references/beraito-exact-frontend-v5/assets/images/ce905f4c007e2a43a51c.jpg,,TRUE,D
docs/references/beraito-exact-frontend-v5/** assets,docs/references/beraito-exact-frontend-v5/assets/images/cecbc6a2747c29fbb94b.jpg,file,ARCHIVE_CANDIDATE,docs/archive/references/beraito-exact-frontend-v5/assets/images/cecbc6a2747c29fbb94b.jpg,,TRUE,D
docs/references/beraito-exact-frontend-v5/** assets,docs/references/beraito-exact-frontend-v5/assets/images/d0598c5e7fa4d9a4228c.jpg,file,ARCHIVE_CANDIDATE,docs/archive/references/beraito-exact-frontend-v5/assets/images/d0598c5e7fa4d9a4228c.jpg,,TRUE,D
docs/references/beraito-exact-frontend-v5/** assets,docs/references/beraito-exact-frontend-v5/assets/images/d0ddccbdc44bda000429.webp,file,ARCHIVE_CANDIDATE,docs/archive/references/beraito-exact-frontend-v5/assets/images/d0ddccbdc44bda000429.webp,,TRUE,D
docs/references/beraito-exact-frontend-v5/** assets,docs/references/beraito-exact-frontend-v5/assets/images/d12d4a13f3899f4d2cec.webp,file,ARCHIVE_CANDIDATE,docs/archive/references/beraito-exact-frontend-v5/assets/images/d12d4a13f3899f4d2cec.webp,,TRUE,D
docs/references/beraito-exact-frontend-v5/** assets,docs/references/beraito-exact-frontend-v5/assets/images/d2e882f97e85eec27e2c.webp,file,ARCHIVE_CANDIDATE,docs/archive/references/beraito-exact-frontend-v5/assets/images/d2e882f97e85eec27e2c.webp,,TRUE,D
docs/references/beraito-exact-frontend-v5/** assets,docs/references/beraito-exact-frontend-v5/assets/images/d35140c0fdd47a22db44.webp,file,ARCHIVE_CANDIDATE,docs/archive/references/beraito-exact-frontend-v5/assets/images/d35140c0fdd47a22db44.webp,,TRUE,D
docs/references/beraito-exact-frontend-v5/** assets,docs/references/beraito-exact-frontend-v5/assets/images/d402045a73c80a55010e.webp,file,ARCHIVE_CANDIDATE,docs/archive/references/beraito-exact-frontend-v5/assets/images/d402045a73c80a55010e.webp,,TRUE,D
docs/references/beraito-exact-frontend-v5/** assets,docs/references/beraito-exact-frontend-v5/assets/images/d4f69cb608fb40c23a04.webp,file,ARCHIVE_CANDIDATE,docs/archive/references/beraito-exact-frontend-v5/assets/images/d4f69cb608fb40c23a04.webp,,TRUE,D
docs/references/beraito-exact-frontend-v5/** assets,docs/references/beraito-exact-frontend-v5/assets/images/d567097d6f40656c7f51.webp,file,ARCHIVE_CANDIDATE,docs/archive/references/beraito-exact-frontend-v5/assets/images/d567097d6f40656c7f51.webp,,TRUE,D
docs/references/beraito-exact-frontend-v5/** assets,docs/references/beraito-exact-frontend-v5/assets/images/d577b65c8192ac9ccf2c.webp,file,ARCHIVE_CANDIDATE,docs/archive/references/beraito-exact-frontend-v5/assets/images/d577b65c8192ac9ccf2c.webp,,TRUE,D
docs/references/beraito-exact-frontend-v5/** assets,docs/references/beraito-exact-frontend-v5/assets/images/d8773cffe8c97828790b.webp,file,ARCHIVE_CANDIDATE,docs/archive/references/beraito-exact-frontend-v5/assets/images/d8773cffe8c97828790b.webp,,TRUE,D
docs/references/beraito-exact-frontend-v5/** assets,docs/references/beraito-exact-frontend-v5/assets/images/d959744ed915fa79d4d1.webp,file,ARCHIVE_CANDIDATE,docs/archive/references/beraito-exact-frontend-v5/assets/images/d959744ed915fa79d4d1.webp,,TRUE,D
docs/references/beraito-exact-frontend-v5/** assets,docs/references/beraito-exact-frontend-v5/assets/images/d9d41a4c54cabc099bd6.webp,file,ARCHIVE_CANDIDATE,docs/archive/references/beraito-exact-frontend-v5/assets/images/d9d41a4c54cabc099bd6.webp,,TRUE,D
docs/references/beraito-exact-frontend-v5/** assets,docs/references/beraito-exact-frontend-v5/assets/images/dd8ea431bcc67c50408c.webp,file,ARCHIVE_CANDIDATE,docs/archive/references/beraito-exact-frontend-v5/assets/images/dd8ea431bcc67c50408c.webp,,TRUE,D
docs/references/beraito-exact-frontend-v5/** assets,docs/references/beraito-exact-frontend-v5/assets/images/df3536fcd1edde1140b0.webp,file,ARCHIVE_CANDIDATE,docs/archive/references/beraito-exact-frontend-v5/assets/images/df3536fcd1edde1140b0.webp,,TRUE,D
docs/references/beraito-exact-frontend-v5/** assets,docs/references/beraito-exact-frontend-v5/assets/images/df588ceacd56f1661c44.webp,file,ARCHIVE_CANDIDATE,docs/archive/references/beraito-exact-frontend-v5/assets/images/df588ceacd56f1661c44.webp,,TRUE,D
docs/references/beraito-exact-frontend-v5/** assets,docs/references/beraito-exact-frontend-v5/assets/images/df9eb6d48624ef91a4f7.webp,file,ARCHIVE_CANDIDATE,docs/archive/references/beraito-exact-frontend-v5/assets/images/df9eb6d48624ef91a4f7.webp,,TRUE,D
docs/references/beraito-exact-frontend-v5/** assets,docs/references/beraito-exact-frontend-v5/assets/images/e081ffba44f6937dddc1.jpg,file,ARCHIVE_CANDIDATE,docs/archive/references/beraito-exact-frontend-v5/assets/images/e081ffba44f6937dddc1.jpg,,TRUE,D
docs/references/beraito-exact-frontend-v5/** assets,docs/references/beraito-exact-frontend-v5/assets/images/e0b78e44c1a8dd5d5c15.webp,file,ARCHIVE_CANDIDATE,docs/archive/references/beraito-exact-frontend-v5/assets/images/e0b78e44c1a8dd5d5c15.webp,,TRUE,D
docs/references/beraito-exact-frontend-v5/** assets,docs/references/beraito-exact-frontend-v5/assets/images/e1d7bca2e1a45d58ff1a.webp,file,ARCHIVE_CANDIDATE,docs/archive/references/beraito-exact-frontend-v5/assets/images/e1d7bca2e1a45d58ff1a.webp,,TRUE,D
docs/references/beraito-exact-frontend-v5/** assets,docs/references/beraito-exact-frontend-v5/assets/images/e329c0e955d8251db6f6.webp,file,ARCHIVE_CANDIDATE,docs/archive/references/beraito-exact-frontend-v5/assets/images/e329c0e955d8251db6f6.webp,,TRUE,D
docs/references/beraito-exact-frontend-v5/** assets,docs/references/beraito-exact-frontend-v5/assets/images/e63b396f5be6176e063c.webp,file,ARCHIVE_CANDIDATE,docs/archive/references/beraito-exact-frontend-v5/assets/images/e63b396f5be6176e063c.webp,,TRUE,D
docs/references/beraito-exact-frontend-v5/** assets,docs/references/beraito-exact-frontend-v5/assets/images/e6a5b02492075a18d191.webp,file,ARCHIVE_CANDIDATE,docs/archive/references/beraito-exact-frontend-v5/assets/images/e6a5b02492075a18d191.webp,,TRUE,D
docs/references/beraito-exact-frontend-v5/** assets,docs/references/beraito-exact-frontend-v5/assets/images/e82408ee395997878ef1.webp,file,ARCHIVE_CANDIDATE,docs/archive/references/beraito-exact-frontend-v5/assets/images/e82408ee395997878ef1.webp,,TRUE,D
docs/references/beraito-exact-frontend-v5/** assets,docs/references/beraito-exact-frontend-v5/assets/images/e9d4d64fc08dc3bd33de.webp,file,ARCHIVE_CANDIDATE,docs/archive/references/beraito-exact-frontend-v5/assets/images/e9d4d64fc08dc3bd33de.webp,,TRUE,D
docs/references/beraito-exact-frontend-v5/** assets,docs/references/beraito-exact-frontend-v5/assets/images/ea93ef464349cf395b0f.webp,file,ARCHIVE_CANDIDATE,docs/archive/references/beraito-exact-frontend-v5/assets/images/ea93ef464349cf395b0f.webp,,TRUE,D
docs/references/beraito-exact-frontend-v5/** assets,docs/references/beraito-exact-frontend-v5/assets/images/eaf518788f46a39447b3.webp,file,ARCHIVE_CANDIDATE,docs/archive/references/beraito-exact-frontend-v5/assets/images/eaf518788f46a39447b3.webp,,TRUE,D
docs/references/beraito-exact-frontend-v5/** assets,docs/references/beraito-exact-frontend-v5/assets/images/ebcf47a826159a4c0b0a.webp,file,ARCHIVE_CANDIDATE,docs/archive/references/beraito-exact-frontend-v5/assets/images/ebcf47a826159a4c0b0a.webp,,TRUE,D
docs/references/beraito-exact-frontend-v5/** assets,docs/references/beraito-exact-frontend-v5/assets/images/ed2639efad5895aa6dfe.jpeg,file,ARCHIVE_CANDIDATE,docs/archive/references/beraito-exact-frontend-v5/assets/images/ed2639efad5895aa6dfe.jpeg,,TRUE,D
docs/references/beraito-exact-frontend-v5/** assets,docs/references/beraito-exact-frontend-v5/assets/images/f02865aab63c782267b9.jpg,file,ARCHIVE_CANDIDATE,docs/archive/references/beraito-exact-frontend-v5/assets/images/f02865aab63c782267b9.jpg,,TRUE,D
docs/references/beraito-exact-frontend-v5/** assets,docs/references/beraito-exact-frontend-v5/assets/images/f2f7119da8e797d88f6b.webp,file,ARCHIVE_CANDIDATE,docs/archive/references/beraito-exact-frontend-v5/assets/images/f2f7119da8e797d88f6b.webp,,TRUE,D
docs/references/beraito-exact-frontend-v5/** assets,docs/references/beraito-exact-frontend-v5/assets/images/f4ed4fa0ca4560ac1a18.png,file,ARCHIVE_CANDIDATE,docs/archive/references/beraito-exact-frontend-v5/assets/images/f4ed4fa0ca4560ac1a18.png,,TRUE,D
docs/references/beraito-exact-frontend-v5/** assets,docs/references/beraito-exact-frontend-v5/assets/images/f5923facf89c2f167231.webp,file,ARCHIVE_CANDIDATE,docs/archive/references/beraito-exact-frontend-v5/assets/images/f5923facf89c2f167231.webp,,TRUE,D
docs/references/beraito-exact-frontend-v5/** assets,docs/references/beraito-exact-frontend-v5/assets/images/f7778771198922d3045e.webp,file,ARCHIVE_CANDIDATE,docs/archive/references/beraito-exact-frontend-v5/assets/images/f7778771198922d3045e.webp,,TRUE,D
docs/references/beraito-exact-frontend-v5/** assets,docs/references/beraito-exact-frontend-v5/assets/images/f89dd4f9c1027cba6067.webp,file,ARCHIVE_CANDIDATE,docs/archive/references/beraito-exact-frontend-v5/assets/images/f89dd4f9c1027cba6067.webp,,TRUE,D
docs/references/beraito-exact-frontend-v5/** assets,docs/references/beraito-exact-frontend-v5/assets/images/f9324d8959801885fadd.jpg,file,ARCHIVE_CANDIDATE,docs/archive/references/beraito-exact-frontend-v5/assets/images/f9324d8959801885fadd.jpg,,TRUE,D
docs/references/beraito-exact-frontend-v5/** assets,docs/references/beraito-exact-frontend-v5/assets/images/fc22612be1edcbe1bd34.svg,file,ARCHIVE_CANDIDATE,docs/archive/references/beraito-exact-frontend-v5/assets/images/fc22612be1edcbe1bd34.svg,,TRUE,D
docs/references/beraito-exact-frontend-v5/** assets,docs/references/beraito-exact-frontend-v5/assets/images/fc3ea97dd1e45a2380be.webp,file,ARCHIVE_CANDIDATE,docs/archive/references/beraito-exact-frontend-v5/assets/images/fc3ea97dd1e45a2380be.webp,,TRUE,D
docs/references/beraito-exact-frontend-v5/** assets,docs/references/beraito-exact-frontend-v5/assets/images/fdc494211b094a9821ca.jpeg,file,ARCHIVE_CANDIDATE,docs/archive/references/beraito-exact-frontend-v5/assets/images/fdc494211b094a9821ca.jpeg,,TRUE,D
docs/references/beraito-exact-frontend-v5/** assets,docs/references/beraito-exact-frontend-v5/assets/images/fe66c80a91f08bf47845.webp,file,ARCHIVE_CANDIDATE,docs/archive/references/beraito-exact-frontend-v5/assets/images/fe66c80a91f08bf47845.webp,,TRUE,D
docs/references/beraito-exact-frontend-v5/** assets,docs/references/beraito-exact-frontend-v5/assets/images/ff27582521f6cc8e5f38.jpg,file,ARCHIVE_CANDIDATE,docs/archive/references/beraito-exact-frontend-v5/assets/images/ff27582521f6cc8e5f38.jpg,,TRUE,D
docs/references/beraito-exact-frontend-v5/** assets,docs/references/beraito-exact-frontend-v5/assets/images/ffd51941b840fa5f4993.jpg,file,ARCHIVE_CANDIDATE,docs/archive/references/beraito-exact-frontend-v5/assets/images/ffd51941b840fa5f4993.jpg,,TRUE,D
docs/references/beraito-exact-frontend-v5/** assets,docs/references/beraito-exact-frontend-v5/assets/js/01d6fe101b8ced1bbf0c.js,file,ARCHIVE_CANDIDATE,docs/archive/references/beraito-exact-frontend-v5/assets/js/01d6fe101b8ced1bbf0c.js,,TRUE,D
docs/references/beraito-exact-frontend-v5/** assets,docs/references/beraito-exact-frontend-v5/assets/js/0637d6a749919b6fa2a9.js,file,ARCHIVE_CANDIDATE,docs/archive/references/beraito-exact-frontend-v5/assets/js/0637d6a749919b6fa2a9.js,,TRUE,D
docs/references/beraito-exact-frontend-v5/** assets,docs/references/beraito-exact-frontend-v5/assets/js/09743d7e1991ca506607.js,file,ARCHIVE_CANDIDATE,docs/archive/references/beraito-exact-frontend-v5/assets/js/09743d7e1991ca506607.js,,TRUE,D
docs/references/beraito-exact-frontend-v5/** assets,docs/references/beraito-exact-frontend-v5/assets/js/168f784cdff916315482.js,file,ARCHIVE_CANDIDATE,docs/archive/references/beraito-exact-frontend-v5/assets/js/168f784cdff916315482.js,,TRUE,D
docs/references/beraito-exact-frontend-v5/** assets,docs/references/beraito-exact-frontend-v5/assets/js/1b5fef1434f67260dd6a.js,file,ARCHIVE_CANDIDATE,docs/archive/references/beraito-exact-frontend-v5/assets/js/1b5fef1434f67260dd6a.js,,TRUE,D
docs/references/beraito-exact-frontend-v5/** assets,docs/references/beraito-exact-frontend-v5/assets/js/1d7b5edf1a48cc5f8cc5.js,file,ARCHIVE_CANDIDATE,docs/archive/references/beraito-exact-frontend-v5/assets/js/1d7b5edf1a48cc5f8cc5.js,,TRUE,D
docs/references/beraito-exact-frontend-v5/** assets,docs/references/beraito-exact-frontend-v5/assets/js/1e387b3f3c9da2e1e4a1.js,file,ARCHIVE_CANDIDATE,docs/archive/references/beraito-exact-frontend-v5/assets/js/1e387b3f3c9da2e1e4a1.js,,TRUE,D
docs/references/beraito-exact-frontend-v5/** assets,docs/references/beraito-exact-frontend-v5/assets/js/1fe4a4c421b70edf9d7f.js,file,ARCHIVE_CANDIDATE,docs/archive/references/beraito-exact-frontend-v5/assets/js/1fe4a4c421b70edf9d7f.js,,TRUE,D
docs/references/beraito-exact-frontend-v5/** assets,docs/references/beraito-exact-frontend-v5/assets/js/28845f76f618e0783f18.js,file,ARCHIVE_CANDIDATE,docs/archive/references/beraito-exact-frontend-v5/assets/js/28845f76f618e0783f18.js,,TRUE,D
docs/references/beraito-exact-frontend-v5/** assets,docs/references/beraito-exact-frontend-v5/assets/js/2c789685b87f5d89ccd2.js,file,ARCHIVE_CANDIDATE,docs/archive/references/beraito-exact-frontend-v5/assets/js/2c789685b87f5d89ccd2.js,,TRUE,D
docs/references/beraito-exact-frontend-v5/** assets,docs/references/beraito-exact-frontend-v5/assets/js/312afebeb53514fc243b.js,file,ARCHIVE_CANDIDATE,docs/archive/references/beraito-exact-frontend-v5/assets/js/312afebeb53514fc243b.js,,TRUE,D
docs/references/beraito-exact-frontend-v5/** assets,docs/references/beraito-exact-frontend-v5/assets/js/330b9e92cc03664391df.js,file,ARCHIVE_CANDIDATE,docs/archive/references/beraito-exact-frontend-v5/assets/js/330b9e92cc03664391df.js,,TRUE,D
docs/references/beraito-exact-frontend-v5/** assets,docs/references/beraito-exact-frontend-v5/assets/js/359830b9ea8620a26908.js,file,ARCHIVE_CANDIDATE,docs/archive/references/beraito-exact-frontend-v5/assets/js/359830b9ea8620a26908.js,,TRUE,D
docs/references/beraito-exact-frontend-v5/** assets,docs/references/beraito-exact-frontend-v5/assets/js/35b3b2c7db2725b52b45.js,file,ARCHIVE_CANDIDATE,docs/archive/references/beraito-exact-frontend-v5/assets/js/35b3b2c7db2725b52b45.js,,TRUE,D
docs/references/beraito-exact-frontend-v5/** assets,docs/references/beraito-exact-frontend-v5/assets/js/443af92ea2f7502b0796.js,file,ARCHIVE_CANDIDATE,docs/archive/references/beraito-exact-frontend-v5/assets/js/443af92ea2f7502b0796.js,,TRUE,D
docs/references/beraito-exact-frontend-v5/** assets,docs/references/beraito-exact-frontend-v5/assets/js/45574dc0658e47a2aa13.js,file,ARCHIVE_CANDIDATE,docs/archive/references/beraito-exact-frontend-v5/assets/js/45574dc0658e47a2aa13.js,,TRUE,D
docs/references/beraito-exact-frontend-v5/** assets,docs/references/beraito-exact-frontend-v5/assets/js/4bad258bbf4df2bc8085.js,file,ARCHIVE_CANDIDATE,docs/archive/references/beraito-exact-frontend-v5/assets/js/4bad258bbf4df2bc8085.js,,TRUE,D
docs/references/beraito-exact-frontend-v5/** assets,docs/references/beraito-exact-frontend-v5/assets/js/559e382c1e548be8cf08.js,file,ARCHIVE_CANDIDATE,docs/archive/references/beraito-exact-frontend-v5/assets/js/559e382c1e548be8cf08.js,,TRUE,D
docs/references/beraito-exact-frontend-v5/** assets,docs/references/beraito-exact-frontend-v5/assets/js/5d1610b8473f5838ce32.js,file,ARCHIVE_CANDIDATE,docs/archive/references/beraito-exact-frontend-v5/assets/js/5d1610b8473f5838ce32.js,,TRUE,D
docs/references/beraito-exact-frontend-v5/** assets,docs/references/beraito-exact-frontend-v5/assets/js/5eec1722af39fddc3bf4.js,file,ARCHIVE_CANDIDATE,docs/archive/references/beraito-exact-frontend-v5/assets/js/5eec1722af39fddc3bf4.js,,TRUE,D
docs/references/beraito-exact-frontend-v5/** assets,docs/references/beraito-exact-frontend-v5/assets/js/5f1a5401194752325c0d.js,file,ARCHIVE_CANDIDATE,docs/archive/references/beraito-exact-frontend-v5/assets/js/5f1a5401194752325c0d.js,,TRUE,D
docs/references/beraito-exact-frontend-v5/** assets,docs/references/beraito-exact-frontend-v5/assets/js/68fea8923d2785b47066.js,file,ARCHIVE_CANDIDATE,docs/archive/references/beraito-exact-frontend-v5/assets/js/68fea8923d2785b47066.js,,TRUE,D
docs/references/beraito-exact-frontend-v5/** assets,docs/references/beraito-exact-frontend-v5/assets/js/6b8f251cda8eef006e86.js,file,ARCHIVE_CANDIDATE,docs/archive/references/beraito-exact-frontend-v5/assets/js/6b8f251cda8eef006e86.js,,TRUE,D
docs/references/beraito-exact-frontend-v5/** assets,docs/references/beraito-exact-frontend-v5/assets/js/7748766703bc4fe7ceec.js,file,ARCHIVE_CANDIDATE,docs/archive/references/beraito-exact-frontend-v5/assets/js/7748766703bc4fe7ceec.js,,TRUE,D
docs/references/beraito-exact-frontend-v5/** assets,docs/references/beraito-exact-frontend-v5/assets/js/7be8c41929661166e120.js,file,ARCHIVE_CANDIDATE,docs/archive/references/beraito-exact-frontend-v5/assets/js/7be8c41929661166e120.js,,TRUE,D
docs/references/beraito-exact-frontend-v5/** assets,docs/references/beraito-exact-frontend-v5/assets/js/7d13ef9fba9935e97097.js,file,ARCHIVE_CANDIDATE,docs/archive/references/beraito-exact-frontend-v5/assets/js/7d13ef9fba9935e97097.js,,TRUE,D
docs/references/beraito-exact-frontend-v5/** assets,docs/references/beraito-exact-frontend-v5/assets/js/883e114a915c1f0f26ca.js,file,ARCHIVE_CANDIDATE,docs/archive/references/beraito-exact-frontend-v5/assets/js/883e114a915c1f0f26ca.js,,TRUE,D
docs/references/beraito-exact-frontend-v5/** assets,docs/references/beraito-exact-frontend-v5/assets/js/89f02516cc72b56ad0ee.js,file,ARCHIVE_CANDIDATE,docs/archive/references/beraito-exact-frontend-v5/assets/js/89f02516cc72b56ad0ee.js,,TRUE,D
docs/references/beraito-exact-frontend-v5/** assets,docs/references/beraito-exact-frontend-v5/assets/js/915728cbe12bc3202245.js,file,ARCHIVE_CANDIDATE,docs/archive/references/beraito-exact-frontend-v5/assets/js/915728cbe12bc3202245.js,,TRUE,D
docs/references/beraito-exact-frontend-v5/** assets,docs/references/beraito-exact-frontend-v5/assets/js/933076a84a07c8071083.js,file,ARCHIVE_CANDIDATE,docs/archive/references/beraito-exact-frontend-v5/assets/js/933076a84a07c8071083.js,,TRUE,D
docs/references/beraito-exact-frontend-v5/** assets,docs/references/beraito-exact-frontend-v5/assets/js/933a70ef7848c4f7eb60.js,file,ARCHIVE_CANDIDATE,docs/archive/references/beraito-exact-frontend-v5/assets/js/933a70ef7848c4f7eb60.js,,TRUE,D
docs/references/beraito-exact-frontend-v5/** assets,docs/references/beraito-exact-frontend-v5/assets/js/94cd2d633248d7ac1889.js,file,ARCHIVE_CANDIDATE,docs/archive/references/beraito-exact-frontend-v5/assets/js/94cd2d633248d7ac1889.js,,TRUE,D
docs/references/beraito-exact-frontend-v5/** assets,docs/references/beraito-exact-frontend-v5/assets/js/94dc2983b7804084554d.js,file,ARCHIVE_CANDIDATE,docs/archive/references/beraito-exact-frontend-v5/assets/js/94dc2983b7804084554d.js,,TRUE,D
docs/references/beraito-exact-frontend-v5/** assets,docs/references/beraito-exact-frontend-v5/assets/js/9bed23b932386b402a57.js,file,ARCHIVE_CANDIDATE,docs/archive/references/beraito-exact-frontend-v5/assets/js/9bed23b932386b402a57.js,,TRUE,D
docs/references/beraito-exact-frontend-v5/** assets,docs/references/beraito-exact-frontend-v5/assets/js/9dda7faa400b13bf87ec.js,file,ARCHIVE_CANDIDATE,docs/archive/references/beraito-exact-frontend-v5/assets/js/9dda7faa400b13bf87ec.js,,TRUE,D
docs/references/beraito-exact-frontend-v5/** assets,docs/references/beraito-exact-frontend-v5/assets/js/a0bf27f522103be48ad9.js,file,ARCHIVE_CANDIDATE,docs/archive/references/beraito-exact-frontend-v5/assets/js/a0bf27f522103be48ad9.js,,TRUE,D
docs/references/beraito-exact-frontend-v5/** assets,docs/references/beraito-exact-frontend-v5/assets/js/a508d7a922e5a76b371a.js,file,ARCHIVE_CANDIDATE,docs/archive/references/beraito-exact-frontend-v5/assets/js/a508d7a922e5a76b371a.js,,TRUE,D
docs/references/beraito-exact-frontend-v5/** assets,docs/references/beraito-exact-frontend-v5/assets/js/a848216b930c37c3cf22.js,file,ARCHIVE_CANDIDATE,docs/archive/references/beraito-exact-frontend-v5/assets/js/a848216b930c37c3cf22.js,,TRUE,D
docs/references/beraito-exact-frontend-v5/** assets,docs/references/beraito-exact-frontend-v5/assets/js/a880cb33907f11f1222c.js,file,ARCHIVE_CANDIDATE,docs/archive/references/beraito-exact-frontend-v5/assets/js/a880cb33907f11f1222c.js,,TRUE,D
docs/references/beraito-exact-frontend-v5/** assets,docs/references/beraito-exact-frontend-v5/assets/js/abfa1b4957f2a5183e2c.js,file,ARCHIVE_CANDIDATE,docs/archive/references/beraito-exact-frontend-v5/assets/js/abfa1b4957f2a5183e2c.js,,TRUE,D
docs/references/beraito-exact-frontend-v5/** assets,docs/references/beraito-exact-frontend-v5/assets/js/ad102c07e67f5b6d3365.js,file,ARCHIVE_CANDIDATE,docs/archive/references/beraito-exact-frontend-v5/assets/js/ad102c07e67f5b6d3365.js,,TRUE,D
docs/references/beraito-exact-frontend-v5/** assets,docs/references/beraito-exact-frontend-v5/assets/js/ae6758c1448fa372f356.js,file,ARCHIVE_CANDIDATE,docs/archive/references/beraito-exact-frontend-v5/assets/js/ae6758c1448fa372f356.js,,TRUE,D
docs/references/beraito-exact-frontend-v5/** assets,docs/references/beraito-exact-frontend-v5/assets/js/b4bd090edf30b0354278.js,file,ARCHIVE_CANDIDATE,docs/archive/references/beraito-exact-frontend-v5/assets/js/b4bd090edf30b0354278.js,,TRUE,D
docs/references/beraito-exact-frontend-v5/** assets,docs/references/beraito-exact-frontend-v5/assets/js/bbe7c2b0f6f786b87195.js,file,ARCHIVE_CANDIDATE,docs/archive/references/beraito-exact-frontend-v5/assets/js/bbe7c2b0f6f786b87195.js,,TRUE,D
docs/references/beraito-exact-frontend-v5/** assets,docs/references/beraito-exact-frontend-v5/assets/js/cebf96d8346d9fb2177a.js,file,ARCHIVE_CANDIDATE,docs/archive/references/beraito-exact-frontend-v5/assets/js/cebf96d8346d9fb2177a.js,,TRUE,D
docs/references/beraito-exact-frontend-v5/** assets,docs/references/beraito-exact-frontend-v5/assets/js/d5434afa261a17c6f00b.js,file,ARCHIVE_CANDIDATE,docs/archive/references/beraito-exact-frontend-v5/assets/js/d5434afa261a17c6f00b.js,,TRUE,D
docs/references/beraito-exact-frontend-v5/** assets,docs/references/beraito-exact-frontend-v5/assets/js/d5e81e47779a0416180d.js,file,ARCHIVE_CANDIDATE,docs/archive/references/beraito-exact-frontend-v5/assets/js/d5e81e47779a0416180d.js,,TRUE,D
docs/references/beraito-exact-frontend-v5/** assets,docs/references/beraito-exact-frontend-v5/assets/js/dae9379da46018ae98b2.js,file,ARCHIVE_CANDIDATE,docs/archive/references/beraito-exact-frontend-v5/assets/js/dae9379da46018ae98b2.js,,TRUE,D
docs/references/beraito-exact-frontend-v5/** assets,docs/references/beraito-exact-frontend-v5/assets/js/dcc8c130cd4d961a8dcc.js,file,ARCHIVE_CANDIDATE,docs/archive/references/beraito-exact-frontend-v5/assets/js/dcc8c130cd4d961a8dcc.js,,TRUE,D
docs/references/beraito-exact-frontend-v5/** assets,docs/references/beraito-exact-frontend-v5/assets/js/e1394e6750ff0a614a41.js,file,ARCHIVE_CANDIDATE,docs/archive/references/beraito-exact-frontend-v5/assets/js/e1394e6750ff0a614a41.js,,TRUE,D
docs/references/beraito-exact-frontend-v5/** assets,docs/references/beraito-exact-frontend-v5/assets/js/e6b6cfb194b57c2e4173.js,file,ARCHIVE_CANDIDATE,docs/archive/references/beraito-exact-frontend-v5/assets/js/e6b6cfb194b57c2e4173.js,,TRUE,D
docs/references/beraito-exact-frontend-v5/** assets,docs/references/beraito-exact-frontend-v5/assets/js/e833a58cf6c39cf311d8.js,file,ARCHIVE_CANDIDATE,docs/archive/references/beraito-exact-frontend-v5/assets/js/e833a58cf6c39cf311d8.js,,TRUE,D
docs/references/beraito-exact-frontend-v5/** assets,docs/references/beraito-exact-frontend-v5/assets/js/ecc9972a53a653deeeb1.js,file,ARCHIVE_CANDIDATE,docs/archive/references/beraito-exact-frontend-v5/assets/js/ecc9972a53a653deeeb1.js,,TRUE,D
docs/references/beraito-exact-frontend-v5/** assets,docs/references/beraito-exact-frontend-v5/assets/js/f5fb7e90a92b4fab13d4.js,file,ARCHIVE_CANDIDATE,docs/archive/references/beraito-exact-frontend-v5/assets/js/f5fb7e90a92b4fab13d4.js,,TRUE,D
docs/references/beraito-exact-frontend-v5/** assets,docs/references/beraito-exact-frontend-v5/assets/js/f75f2a1f63e14d7230f5.js,file,ARCHIVE_CANDIDATE,docs/archive/references/beraito-exact-frontend-v5/assets/js/f75f2a1f63e14d7230f5.js,,TRUE,D
docs/references/beraito-exact-frontend-v5/** assets,docs/references/beraito-exact-frontend-v5/assets/js/f9163bcf9e95a8b10324.js,file,ARCHIVE_CANDIDATE,docs/archive/references/beraito-exact-frontend-v5/assets/js/f9163bcf9e95a8b10324.js,,TRUE,D
docs/references/beraito-exact-frontend-v5/** assets,docs/references/beraito-exact-frontend-v5/assets/js/fc225d440c1785e539e3.js,file,ARCHIVE_CANDIDATE,docs/archive/references/beraito-exact-frontend-v5/assets/js/fc225d440c1785e539e3.js,,TRUE,D
docs/references/beraito-exact-frontend-v5/** assets,docs/references/beraito-exact-frontend-v5/assets/js/fe883d36920449a6e4d4.js,file,ARCHIVE_CANDIDATE,docs/archive/references/beraito-exact-frontend-v5/assets/js/fe883d36920449a6e4d4.js,,TRUE,D
docs/references/beraito-exact-frontend-v5/** assets,docs/references/beraito-exact-frontend-v5/assets/js/ffd69005cdecfe03e512.js,file,ARCHIVE_CANDIDATE,docs/archive/references/beraito-exact-frontend-v5/assets/js/ffd69005cdecfe03e512.js,,TRUE,D
docs/references/beraito-exact-frontend-v5/** assets,docs/references/beraito-exact-frontend-v5/assets/other/0300bdf54d8a4cd42136.html,file,ARCHIVE_CANDIDATE,docs/archive/references/beraito-exact-frontend-v5/assets/other/0300bdf54d8a4cd42136.html,,TRUE,D
docs/references/beraito-exact-frontend-v5/** assets,docs/references/beraito-exact-frontend-v5/assets/other/078a24aa154906dddbd8.bin,file,ARCHIVE_CANDIDATE,docs/archive/references/beraito-exact-frontend-v5/assets/other/078a24aa154906dddbd8.bin,,TRUE,D
docs/references/beraito-exact-frontend-v5/** assets,docs/references/beraito-exact-frontend-v5/assets/other/2c1eac589d5844d19205.html,file,ARCHIVE_CANDIDATE,docs/archive/references/beraito-exact-frontend-v5/assets/other/2c1eac589d5844d19205.html,,TRUE,D
docs/references/beraito-exact-frontend-v5/** assets,docs/references/beraito-exact-frontend-v5/assets/other/534e038855ff5b8857a0.html,file,ARCHIVE_CANDIDATE,docs/archive/references/beraito-exact-frontend-v5/assets/other/534e038855ff5b8857a0.html,,TRUE,D
docs/references/beraito-exact-frontend-v5/** assets,docs/references/beraito-exact-frontend-v5/assets/other/962a88c8cda19986854f.html,file,ARCHIVE_CANDIDATE,docs/archive/references/beraito-exact-frontend-v5/assets/other/962a88c8cda19986854f.html,,TRUE,D
docs/references/beraito-exact-frontend-v5/** assets,docs/references/beraito-exact-frontend-v5/assets/wsb-media/11-37-100x100.webp,file,ARCHIVE_CANDIDATE,docs/archive/references/beraito-exact-frontend-v5/assets/wsb-media/11-37-100x100.webp,,TRUE,D
docs/references/beraito-exact-frontend-v5/** assets,docs/references/beraito-exact-frontend-v5/assets/wsb-media/11-37-150x150.webp,file,ARCHIVE_CANDIDATE,docs/archive/references/beraito-exact-frontend-v5/assets/wsb-media/11-37-150x150.webp,,TRUE,D
docs/references/beraito-exact-frontend-v5/** assets,docs/references/beraito-exact-frontend-v5/assets/wsb-media/11-37-50x50.webp,file,ARCHIVE_CANDIDATE,docs/archive/references/beraito-exact-frontend-v5/assets/wsb-media/11-37-50x50.webp,,TRUE,D
docs/references/beraito-exact-frontend-v5/** assets,docs/references/beraito-exact-frontend-v5/assets/wsb-media/11-37-600x600.webp,file,ARCHIVE_CANDIDATE,docs/archive/references/beraito-exact-frontend-v5/assets/wsb-media/11-37-600x600.webp,,TRUE,D
docs/references/beraito-exact-frontend-v5/** assets,docs/references/beraito-exact-frontend-v5/assets/wsb-media/11-37-768x768.webp,file,ARCHIVE_CANDIDATE,docs/archive/references/beraito-exact-frontend-v5/assets/wsb-media/11-37-768x768.webp,,TRUE,D
docs/references/beraito-exact-frontend-v5/** assets,docs/references/beraito-exact-frontend-v5/assets/wsb-media/11-37.webp,file,ARCHIVE_CANDIDATE,docs/archive/references/beraito-exact-frontend-v5/assets/wsb-media/11-37.webp,,TRUE,D
docs/references/beraito-exact-frontend-v5/** assets,docs/references/beraito-exact-frontend-v5/assets/wsb-media/1111-100x100.webp,file,ARCHIVE_CANDIDATE,docs/archive/references/beraito-exact-frontend-v5/assets/wsb-media/1111-100x100.webp,,TRUE,D
docs/references/beraito-exact-frontend-v5/** assets,docs/references/beraito-exact-frontend-v5/assets/wsb-media/1111-150x150.webp,file,ARCHIVE_CANDIDATE,docs/archive/references/beraito-exact-frontend-v5/assets/wsb-media/1111-150x150.webp,,TRUE,D
docs/references/beraito-exact-frontend-v5/** assets,docs/references/beraito-exact-frontend-v5/assets/wsb-media/1111-50x50.webp,file,ARCHIVE_CANDIDATE,docs/archive/references/beraito-exact-frontend-v5/assets/wsb-media/1111-50x50.webp,,TRUE,D
docs/references/beraito-exact-frontend-v5/** assets,docs/references/beraito-exact-frontend-v5/assets/wsb-media/1111-600x600.webp,file,ARCHIVE_CANDIDATE,docs/archive/references/beraito-exact-frontend-v5/assets/wsb-media/1111-600x600.webp,,TRUE,D
docs/references/beraito-exact-frontend-v5/** assets,docs/references/beraito-exact-frontend-v5/assets/wsb-media/1111-768x768.webp,file,ARCHIVE_CANDIDATE,docs/archive/references/beraito-exact-frontend-v5/assets/wsb-media/1111-768x768.webp,,TRUE,D
docs/references/beraito-exact-frontend-v5/** assets,docs/references/beraito-exact-frontend-v5/assets/wsb-media/1111.webp,file,ARCHIVE_CANDIDATE,docs/archive/references/beraito-exact-frontend-v5/assets/wsb-media/1111.webp,,TRUE,D
docs/references/beraito-exact-frontend-v5/** assets,docs/references/beraito-exact-frontend-v5/assets/wsb-media/118-1-100x100.jpg,file,ARCHIVE_CANDIDATE,docs/archive/references/beraito-exact-frontend-v5/assets/wsb-media/118-1-100x100.jpg,,TRUE,D
docs/references/beraito-exact-frontend-v5/** assets,docs/references/beraito-exact-frontend-v5/assets/wsb-media/118-1-150x150.jpg,file,ARCHIVE_CANDIDATE,docs/archive/references/beraito-exact-frontend-v5/assets/wsb-media/118-1-150x150.jpg,,TRUE,D
docs/references/beraito-exact-frontend-v5/** assets,docs/references/beraito-exact-frontend-v5/assets/wsb-media/118-1-20x20.jpg,file,ARCHIVE_CANDIDATE,docs/archive/references/beraito-exact-frontend-v5/assets/wsb-media/118-1-20x20.jpg,,TRUE,D
docs/references/beraito-exact-frontend-v5/** assets,docs/references/beraito-exact-frontend-v5/assets/wsb-media/118-1-300x300.jpg,file,ARCHIVE_CANDIDATE,docs/archive/references/beraito-exact-frontend-v5/assets/wsb-media/118-1-300x300.jpg,,TRUE,D
docs/references/beraito-exact-frontend-v5/** assets,docs/references/beraito-exact-frontend-v5/assets/wsb-media/118-1-30x30.jpg,file,ARCHIVE_CANDIDATE,docs/archive/references/beraito-exact-frontend-v5/assets/wsb-media/118-1-30x30.jpg,,TRUE,D
docs/references/beraito-exact-frontend-v5/** assets,docs/references/beraito-exact-frontend-v5/assets/wsb-media/118-1-40x40.jpg,file,ARCHIVE_CANDIDATE,docs/archive/references/beraito-exact-frontend-v5/assets/wsb-media/118-1-40x40.jpg,,TRUE,D
docs/references/beraito-exact-frontend-v5/** assets,docs/references/beraito-exact-frontend-v5/assets/wsb-media/118-1-600x600.jpg,file,ARCHIVE_CANDIDATE,docs/archive/references/beraito-exact-frontend-v5/assets/wsb-media/118-1-600x600.jpg,,TRUE,D
docs/references/beraito-exact-frontend-v5/** assets,docs/references/beraito-exact-frontend-v5/assets/wsb-media/118-1.jpg,file,ARCHIVE_CANDIDATE,docs/archive/references/beraito-exact-frontend-v5/assets/wsb-media/118-1.jpg,,TRUE,D
docs/references/beraito-exact-frontend-v5/** assets,docs/references/beraito-exact-frontend-v5/assets/wsb-media/15-6-100x100.jpg,file,ARCHIVE_CANDIDATE,docs/archive/references/beraito-exact-frontend-v5/assets/wsb-media/15-6-100x100.jpg,,TRUE,D
docs/references/beraito-exact-frontend-v5/** assets,docs/references/beraito-exact-frontend-v5/assets/wsb-media/15-6-150x150.jpg,file,ARCHIVE_CANDIDATE,docs/archive/references/beraito-exact-frontend-v5/assets/wsb-media/15-6-150x150.jpg,,TRUE,D
docs/references/beraito-exact-frontend-v5/** assets,docs/references/beraito-exact-frontend-v5/assets/wsb-media/15-6-20x20.jpg,file,ARCHIVE_CANDIDATE,docs/archive/references/beraito-exact-frontend-v5/assets/wsb-media/15-6-20x20.jpg,,TRUE,D
docs/references/beraito-exact-frontend-v5/** assets,docs/references/beraito-exact-frontend-v5/assets/wsb-media/15-6-30x30.jpg,file,ARCHIVE_CANDIDATE,docs/archive/references/beraito-exact-frontend-v5/assets/wsb-media/15-6-30x30.jpg,,TRUE,D
docs/references/beraito-exact-frontend-v5/** assets,docs/references/beraito-exact-frontend-v5/assets/wsb-media/15-6-40x40.jpg,file,ARCHIVE_CANDIDATE,docs/archive/references/beraito-exact-frontend-v5/assets/wsb-media/15-6-40x40.jpg,,TRUE,D
docs/references/beraito-exact-frontend-v5/** assets,docs/references/beraito-exact-frontend-v5/assets/wsb-media/15-6-600x600.jpg,file,ARCHIVE_CANDIDATE,docs/archive/references/beraito-exact-frontend-v5/assets/wsb-media/15-6-600x600.jpg,,TRUE,D
docs/references/beraito-exact-frontend-v5/** assets,docs/references/beraito-exact-frontend-v5/assets/wsb-media/15-6.jpg,file,ARCHIVE_CANDIDATE,docs/archive/references/beraito-exact-frontend-v5/assets/wsb-media/15-6.jpg,,TRUE,D
docs/references/beraito-exact-frontend-v5/** assets,docs/references/beraito-exact-frontend-v5/assets/wsb-media/175-100x100.jpg,file,ARCHIVE_CANDIDATE,docs/archive/references/beraito-exact-frontend-v5/assets/wsb-media/175-100x100.jpg,,TRUE,D
docs/references/beraito-exact-frontend-v5/** assets,docs/references/beraito-exact-frontend-v5/assets/wsb-media/175-150x150.jpg,file,ARCHIVE_CANDIDATE,docs/archive/references/beraito-exact-frontend-v5/assets/wsb-media/175-150x150.jpg,,TRUE,D
docs/references/beraito-exact-frontend-v5/** assets,docs/references/beraito-exact-frontend-v5/assets/wsb-media/175-20x20.jpg,file,ARCHIVE_CANDIDATE,docs/archive/references/beraito-exact-frontend-v5/assets/wsb-media/175-20x20.jpg,,TRUE,D
docs/references/beraito-exact-frontend-v5/** assets,docs/references/beraito-exact-frontend-v5/assets/wsb-media/175-30x30.jpg,file,ARCHIVE_CANDIDATE,docs/archive/references/beraito-exact-frontend-v5/assets/wsb-media/175-30x30.jpg,,TRUE,D
docs/references/beraito-exact-frontend-v5/** assets,docs/references/beraito-exact-frontend-v5/assets/wsb-media/175-40x40.jpg,file,ARCHIVE_CANDIDATE,docs/archive/references/beraito-exact-frontend-v5/assets/wsb-media/175-40x40.jpg,,TRUE,D
docs/references/beraito-exact-frontend-v5/** assets,docs/references/beraito-exact-frontend-v5/assets/wsb-media/175-600x600.jpg,file,ARCHIVE_CANDIDATE,docs/archive/references/beraito-exact-frontend-v5/assets/wsb-media/175-600x600.jpg,,TRUE,D
docs/references/beraito-exact-frontend-v5/** assets,docs/references/beraito-exact-frontend-v5/assets/wsb-media/175.jpg,file,ARCHIVE_CANDIDATE,docs/archive/references/beraito-exact-frontend-v5/assets/wsb-media/175.jpg,,TRUE,D
docs/references/beraito-exact-frontend-v5/** assets,docs/references/beraito-exact-frontend-v5/assets/wsb-media/18-8-100x100.webp,file,ARCHIVE_CANDIDATE,docs/archive/references/beraito-exact-frontend-v5/assets/wsb-media/18-8-100x100.webp,,TRUE,D
docs/references/beraito-exact-frontend-v5/** assets,docs/references/beraito-exact-frontend-v5/assets/wsb-media/18-8-150x150.webp,file,ARCHIVE_CANDIDATE,docs/archive/references/beraito-exact-frontend-v5/assets/wsb-media/18-8-150x150.webp,,TRUE,D
docs/references/beraito-exact-frontend-v5/** assets,docs/references/beraito-exact-frontend-v5/assets/wsb-media/18-8-300x300.webp,file,ARCHIVE_CANDIDATE,docs/archive/references/beraito-exact-frontend-v5/assets/wsb-media/18-8-300x300.webp,,TRUE,D
docs/references/beraito-exact-frontend-v5/** assets,docs/references/beraito-exact-frontend-v5/assets/wsb-media/18-8-50x50.webp,file,ARCHIVE_CANDIDATE,docs/archive/references/beraito-exact-frontend-v5/assets/wsb-media/18-8-50x50.webp,,TRUE,D
docs/references/beraito-exact-frontend-v5/** assets,docs/references/beraito-exact-frontend-v5/assets/wsb-media/18-8-768x768.webp,file,ARCHIVE_CANDIDATE,docs/archive/references/beraito-exact-frontend-v5/assets/wsb-media/18-8-768x768.webp,,TRUE,D
docs/references/beraito-exact-frontend-v5/** assets,docs/references/beraito-exact-frontend-v5/assets/wsb-media/18-8.webp,file,ARCHIVE_CANDIDATE,docs/archive/references/beraito-exact-frontend-v5/assets/wsb-media/18-8.webp,,TRUE,D
docs/references/beraito-exact-frontend-v5/** assets,docs/references/beraito-exact-frontend-v5/assets/wsb-media/18-9-100x100.webp,file,ARCHIVE_CANDIDATE,docs/archive/references/beraito-exact-frontend-v5/assets/wsb-media/18-9-100x100.webp,,TRUE,D
docs/references/beraito-exact-frontend-v5/** assets,docs/references/beraito-exact-frontend-v5/assets/wsb-media/18-9-150x150.webp,file,ARCHIVE_CANDIDATE,docs/archive/references/beraito-exact-frontend-v5/assets/wsb-media/18-9-150x150.webp,,TRUE,D
docs/references/beraito-exact-frontend-v5/** assets,docs/references/beraito-exact-frontend-v5/assets/wsb-media/18-9-300x300.webp,file,ARCHIVE_CANDIDATE,docs/archive/references/beraito-exact-frontend-v5/assets/wsb-media/18-9-300x300.webp,,TRUE,D
docs/references/beraito-exact-frontend-v5/** assets,docs/references/beraito-exact-frontend-v5/assets/wsb-media/18-9-50x50.webp,file,ARCHIVE_CANDIDATE,docs/archive/references/beraito-exact-frontend-v5/assets/wsb-media/18-9-50x50.webp,,TRUE,D
docs/references/beraito-exact-frontend-v5/** assets,docs/references/beraito-exact-frontend-v5/assets/wsb-media/18-9-768x768.webp,file,ARCHIVE_CANDIDATE,docs/archive/references/beraito-exact-frontend-v5/assets/wsb-media/18-9-768x768.webp,,TRUE,D
docs/references/beraito-exact-frontend-v5/** assets,docs/references/beraito-exact-frontend-v5/assets/wsb-media/18-9.webp,file,ARCHIVE_CANDIDATE,docs/archive/references/beraito-exact-frontend-v5/assets/wsb-media/18-9.webp,,TRUE,D
docs/references/beraito-exact-frontend-v5/** assets,docs/references/beraito-exact-frontend-v5/assets/wsb-media/19-8-100x100.jpg,file,ARCHIVE_CANDIDATE,docs/archive/references/beraito-exact-frontend-v5/assets/wsb-media/19-8-100x100.jpg,,TRUE,D
docs/references/beraito-exact-frontend-v5/** assets,docs/references/beraito-exact-frontend-v5/assets/wsb-media/19-8-150x150.jpg,file,ARCHIVE_CANDIDATE,docs/archive/references/beraito-exact-frontend-v5/assets/wsb-media/19-8-150x150.jpg,,TRUE,D
docs/references/beraito-exact-frontend-v5/** assets,docs/references/beraito-exact-frontend-v5/assets/wsb-media/19-8-20x20.jpg,file,ARCHIVE_CANDIDATE,docs/archive/references/beraito-exact-frontend-v5/assets/wsb-media/19-8-20x20.jpg,,TRUE,D
docs/references/beraito-exact-frontend-v5/** assets,docs/references/beraito-exact-frontend-v5/assets/wsb-media/19-8-30x30.jpg,file,ARCHIVE_CANDIDATE,docs/archive/references/beraito-exact-frontend-v5/assets/wsb-media/19-8-30x30.jpg,,TRUE,D
docs/references/beraito-exact-frontend-v5/** assets,docs/references/beraito-exact-frontend-v5/assets/wsb-media/19-8-40x40.jpg,file,ARCHIVE_CANDIDATE,docs/archive/references/beraito-exact-frontend-v5/assets/wsb-media/19-8-40x40.jpg,,TRUE,D
docs/references/beraito-exact-frontend-v5/** assets,docs/references/beraito-exact-frontend-v5/assets/wsb-media/19-8-600x600.jpg,file,ARCHIVE_CANDIDATE,docs/archive/references/beraito-exact-frontend-v5/assets/wsb-media/19-8-600x600.jpg,,TRUE,D
docs/references/beraito-exact-frontend-v5/** assets,docs/references/beraito-exact-frontend-v5/assets/wsb-media/19-8.jpg,file,ARCHIVE_CANDIDATE,docs/archive/references/beraito-exact-frontend-v5/assets/wsb-media/19-8.jpg,,TRUE,D
docs/references/beraito-exact-frontend-v5/** assets,docs/references/beraito-exact-frontend-v5/assets/wsb-media/1c-100x100.webp,file,ARCHIVE_CANDIDATE,docs/archive/references/beraito-exact-frontend-v5/assets/wsb-media/1c-100x100.webp,,TRUE,D
docs/references/beraito-exact-frontend-v5/** assets,docs/references/beraito-exact-frontend-v5/assets/wsb-media/1c-150x150.webp,file,ARCHIVE_CANDIDATE,docs/archive/references/beraito-exact-frontend-v5/assets/wsb-media/1c-150x150.webp,,TRUE,D
docs/references/beraito-exact-frontend-v5/** assets,docs/references/beraito-exact-frontend-v5/assets/wsb-media/1c-300x300.webp,file,ARCHIVE_CANDIDATE,docs/archive/references/beraito-exact-frontend-v5/assets/wsb-media/1c-300x300.webp,,TRUE,D
docs/references/beraito-exact-frontend-v5/** assets,docs/references/beraito-exact-frontend-v5/assets/wsb-media/1c-50x50.webp,file,ARCHIVE_CANDIDATE,docs/archive/references/beraito-exact-frontend-v5/assets/wsb-media/1c-50x50.webp,,TRUE,D
docs/references/beraito-exact-frontend-v5/** assets,docs/references/beraito-exact-frontend-v5/assets/wsb-media/1c-768x768.webp,file,ARCHIVE_CANDIDATE,docs/archive/references/beraito-exact-frontend-v5/assets/wsb-media/1c-768x768.webp,,TRUE,D
docs/references/beraito-exact-frontend-v5/** assets,docs/references/beraito-exact-frontend-v5/assets/wsb-media/1c.webp,file,ARCHIVE_CANDIDATE,docs/archive/references/beraito-exact-frontend-v5/assets/wsb-media/1c.webp,,TRUE,D
docs/references/beraito-exact-frontend-v5/** assets,docs/references/beraito-exact-frontend-v5/assets/wsb-media/2-155-100x100.webp,file,ARCHIVE_CANDIDATE,docs/archive/references/beraito-exact-frontend-v5/assets/wsb-media/2-155-100x100.webp,,TRUE,D
docs/references/beraito-exact-frontend-v5/** assets,docs/references/beraito-exact-frontend-v5/assets/wsb-media/2-155-150x150.webp,file,ARCHIVE_CANDIDATE,docs/archive/references/beraito-exact-frontend-v5/assets/wsb-media/2-155-150x150.webp,,TRUE,D
docs/references/beraito-exact-frontend-v5/** assets,docs/references/beraito-exact-frontend-v5/assets/wsb-media/2-155-300x300.webp,file,ARCHIVE_CANDIDATE,docs/archive/references/beraito-exact-frontend-v5/assets/wsb-media/2-155-300x300.webp,,TRUE,D
docs/references/beraito-exact-frontend-v5/** assets,docs/references/beraito-exact-frontend-v5/assets/wsb-media/2-155-50x50.webp,file,ARCHIVE_CANDIDATE,docs/archive/references/beraito-exact-frontend-v5/assets/wsb-media/2-155-50x50.webp,,TRUE,D
docs/references/beraito-exact-frontend-v5/** assets,docs/references/beraito-exact-frontend-v5/assets/wsb-media/2-155-768x768.webp,file,ARCHIVE_CANDIDATE,docs/archive/references/beraito-exact-frontend-v5/assets/wsb-media/2-155-768x768.webp,,TRUE,D
docs/references/beraito-exact-frontend-v5/** assets,docs/references/beraito-exact-frontend-v5/assets/wsb-media/2-155.webp,file,ARCHIVE_CANDIDATE,docs/archive/references/beraito-exact-frontend-v5/assets/wsb-media/2-155.webp,,TRUE,D
docs/references/beraito-exact-frontend-v5/** assets,docs/references/beraito-exact-frontend-v5/assets/wsb-media/2.5-2-100x100.webp,file,ARCHIVE_CANDIDATE,docs/archive/references/beraito-exact-frontend-v5/assets/wsb-media/2.5-2-100x100.webp,,TRUE,D
docs/references/beraito-exact-frontend-v5/** assets,docs/references/beraito-exact-frontend-v5/assets/wsb-media/2.5-2-150x150.webp,file,ARCHIVE_CANDIDATE,docs/archive/references/beraito-exact-frontend-v5/assets/wsb-media/2.5-2-150x150.webp,,TRUE,D
docs/references/beraito-exact-frontend-v5/** assets,docs/references/beraito-exact-frontend-v5/assets/wsb-media/2.5-2-300x300.webp,file,ARCHIVE_CANDIDATE,docs/archive/references/beraito-exact-frontend-v5/assets/wsb-media/2.5-2-300x300.webp,,TRUE,D
docs/references/beraito-exact-frontend-v5/** assets,docs/references/beraito-exact-frontend-v5/assets/wsb-media/2.5-2-50x50.webp,file,ARCHIVE_CANDIDATE,docs/archive/references/beraito-exact-frontend-v5/assets/wsb-media/2.5-2-50x50.webp,,TRUE,D
docs/references/beraito-exact-frontend-v5/** assets,docs/references/beraito-exact-frontend-v5/assets/wsb-media/2.5-2-768x768.webp,file,ARCHIVE_CANDIDATE,docs/archive/references/beraito-exact-frontend-v5/assets/wsb-media/2.5-2-768x768.webp,,TRUE,D
docs/references/beraito-exact-frontend-v5/** assets,docs/references/beraito-exact-frontend-v5/assets/wsb-media/2.5-2.webp,file,ARCHIVE_CANDIDATE,docs/archive/references/beraito-exact-frontend-v5/assets/wsb-media/2.5-2.webp,,TRUE,D
docs/references/beraito-exact-frontend-v5/** assets,docs/references/beraito-exact-frontend-v5/assets/wsb-media/20250223_133320-100x100.webp,file,ARCHIVE_CANDIDATE,docs/archive/references/beraito-exact-frontend-v5/assets/wsb-media/20250223_133320-100x100.webp,,TRUE,D
docs/references/beraito-exact-frontend-v5/** assets,docs/references/beraito-exact-frontend-v5/assets/wsb-media/20250223_133320-150x150.webp,file,ARCHIVE_CANDIDATE,docs/archive/references/beraito-exact-frontend-v5/assets/wsb-media/20250223_133320-150x150.webp,,TRUE,D
docs/references/beraito-exact-frontend-v5/** assets,docs/references/beraito-exact-frontend-v5/assets/wsb-media/20250223_133320-300x300.webp,file,ARCHIVE_CANDIDATE,docs/archive/references/beraito-exact-frontend-v5/assets/wsb-media/20250223_133320-300x300.webp,,TRUE,D
docs/references/beraito-exact-frontend-v5/** assets,docs/references/beraito-exact-frontend-v5/assets/wsb-media/20250223_133320-50x50.webp,file,ARCHIVE_CANDIDATE,docs/archive/references/beraito-exact-frontend-v5/assets/wsb-media/20250223_133320-50x50.webp,,TRUE,D
docs/references/beraito-exact-frontend-v5/** assets,docs/references/beraito-exact-frontend-v5/assets/wsb-media/20250223_133320-768x768.webp,file,ARCHIVE_CANDIDATE,docs/archive/references/beraito-exact-frontend-v5/assets/wsb-media/20250223_133320-768x768.webp,,TRUE,D
docs/references/beraito-exact-frontend-v5/** assets,docs/references/beraito-exact-frontend-v5/assets/wsb-media/20250223_133320.webp,file,ARCHIVE_CANDIDATE,docs/archive/references/beraito-exact-frontend-v5/assets/wsb-media/20250223_133320.webp,,TRUE,D
docs/references/beraito-exact-frontend-v5/** assets,docs/references/beraito-exact-frontend-v5/assets/wsb-media/20250223_133612-100x100.webp,file,ARCHIVE_CANDIDATE,docs/archive/references/beraito-exact-frontend-v5/assets/wsb-media/20250223_133612-100x100.webp,,TRUE,D
docs/references/beraito-exact-frontend-v5/** assets,docs/references/beraito-exact-frontend-v5/assets/wsb-media/20250223_133612-150x150.webp,file,ARCHIVE_CANDIDATE,docs/archive/references/beraito-exact-frontend-v5/assets/wsb-media/20250223_133612-150x150.webp,,TRUE,D
docs/references/beraito-exact-frontend-v5/** assets,docs/references/beraito-exact-frontend-v5/assets/wsb-media/20250223_133612-50x50.webp,file,ARCHIVE_CANDIDATE,docs/archive/references/beraito-exact-frontend-v5/assets/wsb-media/20250223_133612-50x50.webp,,TRUE,D
docs/references/beraito-exact-frontend-v5/** assets,docs/references/beraito-exact-frontend-v5/assets/wsb-media/20250223_133612-600x600.webp,file,ARCHIVE_CANDIDATE,docs/archive/references/beraito-exact-frontend-v5/assets/wsb-media/20250223_133612-600x600.webp,,TRUE,D
docs/references/beraito-exact-frontend-v5/** assets,docs/references/beraito-exact-frontend-v5/assets/wsb-media/20250223_133612-768x768.webp,file,ARCHIVE_CANDIDATE,docs/archive/references/beraito-exact-frontend-v5/assets/wsb-media/20250223_133612-768x768.webp,,TRUE,D
docs/references/beraito-exact-frontend-v5/** assets,docs/references/beraito-exact-frontend-v5/assets/wsb-media/20250223_133612.webp,file,ARCHIVE_CANDIDATE,docs/archive/references/beraito-exact-frontend-v5/assets/wsb-media/20250223_133612.webp,,TRUE,D
docs/references/beraito-exact-frontend-v5/** assets,docs/references/beraito-exact-frontend-v5/assets/wsb-media/21-19-100x100.webp,file,ARCHIVE_CANDIDATE,docs/archive/references/beraito-exact-frontend-v5/assets/wsb-media/21-19-100x100.webp,,TRUE,D
docs/references/beraito-exact-frontend-v5/** assets,docs/references/beraito-exact-frontend-v5/assets/wsb-media/21-19-150x150.webp,file,ARCHIVE_CANDIDATE,docs/archive/references/beraito-exact-frontend-v5/assets/wsb-media/21-19-150x150.webp,,TRUE,D
docs/references/beraito-exact-frontend-v5/** assets,docs/references/beraito-exact-frontend-v5/assets/wsb-media/21-19-300x300.webp,file,ARCHIVE_CANDIDATE,docs/archive/references/beraito-exact-frontend-v5/assets/wsb-media/21-19-300x300.webp,,TRUE,D
docs/references/beraito-exact-frontend-v5/** assets,docs/references/beraito-exact-frontend-v5/assets/wsb-media/21-19-50x50.webp,file,ARCHIVE_CANDIDATE,docs/archive/references/beraito-exact-frontend-v5/assets/wsb-media/21-19-50x50.webp,,TRUE,D
docs/references/beraito-exact-frontend-v5/** assets,docs/references/beraito-exact-frontend-v5/assets/wsb-media/21-19-768x768.webp,file,ARCHIVE_CANDIDATE,docs/archive/references/beraito-exact-frontend-v5/assets/wsb-media/21-19-768x768.webp,,TRUE,D
docs/references/beraito-exact-frontend-v5/** assets,docs/references/beraito-exact-frontend-v5/assets/wsb-media/21-19.webp,file,ARCHIVE_CANDIDATE,docs/archive/references/beraito-exact-frontend-v5/assets/wsb-media/21-19.webp,,TRUE,D
docs/references/beraito-exact-frontend-v5/** assets,docs/references/beraito-exact-frontend-v5/assets/wsb-media/22-14-100x100.webp,file,ARCHIVE_CANDIDATE,docs/archive/references/beraito-exact-frontend-v5/assets/wsb-media/22-14-100x100.webp,,TRUE,D
docs/references/beraito-exact-frontend-v5/** assets,docs/references/beraito-exact-frontend-v5/assets/wsb-media/22-14-150x150.webp,file,ARCHIVE_CANDIDATE,docs/archive/references/beraito-exact-frontend-v5/assets/wsb-media/22-14-150x150.webp,,TRUE,D
docs/references/beraito-exact-frontend-v5/** assets,docs/references/beraito-exact-frontend-v5/assets/wsb-media/22-14-50x50.webp,file,ARCHIVE_CANDIDATE,docs/archive/references/beraito-exact-frontend-v5/assets/wsb-media/22-14-50x50.webp,,TRUE,D
docs/references/beraito-exact-frontend-v5/** assets,docs/references/beraito-exact-frontend-v5/assets/wsb-media/22-14-600x600.webp,file,ARCHIVE_CANDIDATE,docs/archive/references/beraito-exact-frontend-v5/assets/wsb-media/22-14-600x600.webp,,TRUE,D
docs/references/beraito-exact-frontend-v5/** assets,docs/references/beraito-exact-frontend-v5/assets/wsb-media/22-14-768x768.webp,file,ARCHIVE_CANDIDATE,docs/archive/references/beraito-exact-frontend-v5/assets/wsb-media/22-14-768x768.webp,,TRUE,D
docs/references/beraito-exact-frontend-v5/** assets,docs/references/beraito-exact-frontend-v5/assets/wsb-media/22-14.webp,file,ARCHIVE_CANDIDATE,docs/archive/references/beraito-exact-frontend-v5/assets/wsb-media/22-14.webp,,TRUE,D
docs/references/beraito-exact-frontend-v5/** assets,docs/references/beraito-exact-frontend-v5/assets/wsb-media/22-5-100x100.jpg,file,ARCHIVE_CANDIDATE,docs/archive/references/beraito-exact-frontend-v5/assets/wsb-media/22-5-100x100.jpg,,TRUE,D
docs/references/beraito-exact-frontend-v5/** assets,docs/references/beraito-exact-frontend-v5/assets/wsb-media/22-5-150x150.jpg,file,ARCHIVE_CANDIDATE,docs/archive/references/beraito-exact-frontend-v5/assets/wsb-media/22-5-150x150.jpg,,TRUE,D
docs/references/beraito-exact-frontend-v5/** assets,docs/references/beraito-exact-frontend-v5/assets/wsb-media/22-5-20x20.jpg,file,ARCHIVE_CANDIDATE,docs/archive/references/beraito-exact-frontend-v5/assets/wsb-media/22-5-20x20.jpg,,TRUE,D
docs/references/beraito-exact-frontend-v5/** assets,docs/references/beraito-exact-frontend-v5/assets/wsb-media/22-5-30x30.jpg,file,ARCHIVE_CANDIDATE,docs/archive/references/beraito-exact-frontend-v5/assets/wsb-media/22-5-30x30.jpg,,TRUE,D
docs/references/beraito-exact-frontend-v5/** assets,docs/references/beraito-exact-frontend-v5/assets/wsb-media/22-5-40x40.jpg,file,ARCHIVE_CANDIDATE,docs/archive/references/beraito-exact-frontend-v5/assets/wsb-media/22-5-40x40.jpg,,TRUE,D
docs/references/beraito-exact-frontend-v5/** assets,docs/references/beraito-exact-frontend-v5/assets/wsb-media/22-5-600x600.jpg,file,ARCHIVE_CANDIDATE,docs/archive/references/beraito-exact-frontend-v5/assets/wsb-media/22-5-600x600.jpg,,TRUE,D
docs/references/beraito-exact-frontend-v5/** assets,docs/references/beraito-exact-frontend-v5/assets/wsb-media/22-5.jpg,file,ARCHIVE_CANDIDATE,docs/archive/references/beraito-exact-frontend-v5/assets/wsb-media/22-5.jpg,,TRUE,D
docs/references/beraito-exact-frontend-v5/** assets,docs/references/beraito-exact-frontend-v5/assets/wsb-media/222222.webp,file,ARCHIVE_CANDIDATE,docs/archive/references/beraito-exact-frontend-v5/assets/wsb-media/222222.webp,,TRUE,D
docs/references/beraito-exact-frontend-v5/** assets,docs/references/beraito-exact-frontend-v5/assets/wsb-media/229-100x100.jpg,file,ARCHIVE_CANDIDATE,docs/archive/references/beraito-exact-frontend-v5/assets/wsb-media/229-100x100.jpg,,TRUE,D
docs/references/beraito-exact-frontend-v5/** assets,docs/references/beraito-exact-frontend-v5/assets/wsb-media/229-150x150.jpg,file,ARCHIVE_CANDIDATE,docs/archive/references/beraito-exact-frontend-v5/assets/wsb-media/229-150x150.jpg,,TRUE,D
docs/references/beraito-exact-frontend-v5/** assets,docs/references/beraito-exact-frontend-v5/assets/wsb-media/229-20x20.jpg,file,ARCHIVE_CANDIDATE,docs/archive/references/beraito-exact-frontend-v5/assets/wsb-media/229-20x20.jpg,,TRUE,D
docs/references/beraito-exact-frontend-v5/** assets,docs/references/beraito-exact-frontend-v5/assets/wsb-media/229-300x300.jpg,file,ARCHIVE_CANDIDATE,docs/archive/references/beraito-exact-frontend-v5/assets/wsb-media/229-300x300.jpg,,TRUE,D
docs/references/beraito-exact-frontend-v5/** assets,docs/references/beraito-exact-frontend-v5/assets/wsb-media/229-30x30.jpg,file,ARCHIVE_CANDIDATE,docs/archive/references/beraito-exact-frontend-v5/assets/wsb-media/229-30x30.jpg,,TRUE,D
docs/references/beraito-exact-frontend-v5/** assets,docs/references/beraito-exact-frontend-v5/assets/wsb-media/229-40x40.jpg,file,ARCHIVE_CANDIDATE,docs/archive/references/beraito-exact-frontend-v5/assets/wsb-media/229-40x40.jpg,,TRUE,D
docs/references/beraito-exact-frontend-v5/** assets,docs/references/beraito-exact-frontend-v5/assets/wsb-media/229.jpg,file,ARCHIVE_CANDIDATE,docs/archive/references/beraito-exact-frontend-v5/assets/wsb-media/229.jpg,,TRUE,D
docs/references/beraito-exact-frontend-v5/** assets,docs/references/beraito-exact-frontend-v5/assets/wsb-media/23-1-100x100.webp,file,ARCHIVE_CANDIDATE,docs/archive/references/beraito-exact-frontend-v5/assets/wsb-media/23-1-100x100.webp,,TRUE,D
docs/references/beraito-exact-frontend-v5/** assets,docs/references/beraito-exact-frontend-v5/assets/wsb-media/23-1-150x150.webp,file,ARCHIVE_CANDIDATE,docs/archive/references/beraito-exact-frontend-v5/assets/wsb-media/23-1-150x150.webp,,TRUE,D
docs/references/beraito-exact-frontend-v5/** assets,docs/references/beraito-exact-frontend-v5/assets/wsb-media/23-1-50x50.webp,file,ARCHIVE_CANDIDATE,docs/archive/references/beraito-exact-frontend-v5/assets/wsb-media/23-1-50x50.webp,,TRUE,D
docs/references/beraito-exact-frontend-v5/** assets,docs/references/beraito-exact-frontend-v5/assets/wsb-media/23-1-600x600.webp,file,ARCHIVE_CANDIDATE,docs/archive/references/beraito-exact-frontend-v5/assets/wsb-media/23-1-600x600.webp,,TRUE,D
docs/references/beraito-exact-frontend-v5/** assets,docs/references/beraito-exact-frontend-v5/assets/wsb-media/23-1-768x768.webp,file,ARCHIVE_CANDIDATE,docs/archive/references/beraito-exact-frontend-v5/assets/wsb-media/23-1-768x768.webp,,TRUE,D
docs/references/beraito-exact-frontend-v5/** assets,docs/references/beraito-exact-frontend-v5/assets/wsb-media/23-1.webp,file,ARCHIVE_CANDIDATE,docs/archive/references/beraito-exact-frontend-v5/assets/wsb-media/23-1.webp,,TRUE,D
docs/references/beraito-exact-frontend-v5/** assets,docs/references/beraito-exact-frontend-v5/assets/wsb-media/25-100x100.jpg,file,ARCHIVE_CANDIDATE,docs/archive/references/beraito-exact-frontend-v5/assets/wsb-media/25-100x100.jpg,,TRUE,D
docs/references/beraito-exact-frontend-v5/** assets,docs/references/beraito-exact-frontend-v5/assets/wsb-media/25-150x150.jpg,file,ARCHIVE_CANDIDATE,docs/archive/references/beraito-exact-frontend-v5/assets/wsb-media/25-150x150.jpg,,TRUE,D
docs/references/beraito-exact-frontend-v5/** assets,docs/references/beraito-exact-frontend-v5/assets/wsb-media/25-2-100x100.jpg,file,ARCHIVE_CANDIDATE,docs/archive/references/beraito-exact-frontend-v5/assets/wsb-media/25-2-100x100.jpg,,TRUE,D
docs/references/beraito-exact-frontend-v5/** assets,docs/references/beraito-exact-frontend-v5/assets/wsb-media/25-2-150x150.jpg,file,ARCHIVE_CANDIDATE,docs/archive/references/beraito-exact-frontend-v5/assets/wsb-media/25-2-150x150.jpg,,TRUE,D
docs/references/beraito-exact-frontend-v5/** assets,docs/references/beraito-exact-frontend-v5/assets/wsb-media/25-2-20x20.jpg,file,ARCHIVE_CANDIDATE,docs/archive/references/beraito-exact-frontend-v5/assets/wsb-media/25-2-20x20.jpg,,TRUE,D
docs/references/beraito-exact-frontend-v5/** assets,docs/references/beraito-exact-frontend-v5/assets/wsb-media/25-2-30x30.jpg,file,ARCHIVE_CANDIDATE,docs/archive/references/beraito-exact-frontend-v5/assets/wsb-media/25-2-30x30.jpg,,TRUE,D
docs/references/beraito-exact-frontend-v5/** assets,docs/references/beraito-exact-frontend-v5/assets/wsb-media/25-2-40x40.jpg,file,ARCHIVE_CANDIDATE,docs/archive/references/beraito-exact-frontend-v5/assets/wsb-media/25-2-40x40.jpg,,TRUE,D
docs/references/beraito-exact-frontend-v5/** assets,docs/references/beraito-exact-frontend-v5/assets/wsb-media/25-2-600x600.jpg,file,ARCHIVE_CANDIDATE,docs/archive/references/beraito-exact-frontend-v5/assets/wsb-media/25-2-600x600.jpg,,TRUE,D
docs/references/beraito-exact-frontend-v5/** assets,docs/references/beraito-exact-frontend-v5/assets/wsb-media/25-2.jpg,file,ARCHIVE_CANDIDATE,docs/archive/references/beraito-exact-frontend-v5/assets/wsb-media/25-2.jpg,,TRUE,D
docs/references/beraito-exact-frontend-v5/** assets,docs/references/beraito-exact-frontend-v5/assets/wsb-media/25-20x20.jpg,file,ARCHIVE_CANDIDATE,docs/archive/references/beraito-exact-frontend-v5/assets/wsb-media/25-20x20.jpg,,TRUE,D
docs/references/beraito-exact-frontend-v5/** assets,docs/references/beraito-exact-frontend-v5/assets/wsb-media/25-300x300.jpg,file,ARCHIVE_CANDIDATE,docs/archive/references/beraito-exact-frontend-v5/assets/wsb-media/25-300x300.jpg,,TRUE,D
docs/references/beraito-exact-frontend-v5/** assets,docs/references/beraito-exact-frontend-v5/assets/wsb-media/25-30x30.jpg,file,ARCHIVE_CANDIDATE,docs/archive/references/beraito-exact-frontend-v5/assets/wsb-media/25-30x30.jpg,,TRUE,D
docs/references/beraito-exact-frontend-v5/** assets,docs/references/beraito-exact-frontend-v5/assets/wsb-media/25-40x40.jpg,file,ARCHIVE_CANDIDATE,docs/archive/references/beraito-exact-frontend-v5/assets/wsb-media/25-40x40.jpg,,TRUE,D
docs/references/beraito-exact-frontend-v5/** assets,docs/references/beraito-exact-frontend-v5/assets/wsb-media/25.jpg,file,ARCHIVE_CANDIDATE,docs/archive/references/beraito-exact-frontend-v5/assets/wsb-media/25.jpg,,TRUE,D
docs/references/beraito-exact-frontend-v5/** assets,docs/references/beraito-exact-frontend-v5/assets/wsb-media/25227-100x100.jpg,file,ARCHIVE_CANDIDATE,docs/archive/references/beraito-exact-frontend-v5/assets/wsb-media/25227-100x100.jpg,,TRUE,D
docs/references/beraito-exact-frontend-v5/** assets,docs/references/beraito-exact-frontend-v5/assets/wsb-media/25227-150x150.jpg,file,ARCHIVE_CANDIDATE,docs/archive/references/beraito-exact-frontend-v5/assets/wsb-media/25227-150x150.jpg,,TRUE,D
docs/references/beraito-exact-frontend-v5/** assets,docs/references/beraito-exact-frontend-v5/assets/wsb-media/25227-300x300.jpg,file,ARCHIVE_CANDIDATE,docs/archive/references/beraito-exact-frontend-v5/assets/wsb-media/25227-300x300.jpg,,TRUE,D
docs/references/beraito-exact-frontend-v5/** assets,docs/references/beraito-exact-frontend-v5/assets/wsb-media/25227-50x50.jpg,file,ARCHIVE_CANDIDATE,docs/archive/references/beraito-exact-frontend-v5/assets/wsb-media/25227-50x50.jpg,,TRUE,D
docs/references/beraito-exact-frontend-v5/** assets,docs/references/beraito-exact-frontend-v5/assets/wsb-media/25227-768x768.jpg,file,ARCHIVE_CANDIDATE,docs/archive/references/beraito-exact-frontend-v5/assets/wsb-media/25227-768x768.jpg,,TRUE,D
docs/references/beraito-exact-frontend-v5/** assets,docs/references/beraito-exact-frontend-v5/assets/wsb-media/25227.jpg,file,ARCHIVE_CANDIDATE,docs/archive/references/beraito-exact-frontend-v5/assets/wsb-media/25227.jpg,,TRUE,D
docs/references/beraito-exact-frontend-v5/** assets,docs/references/beraito-exact-frontend-v5/assets/wsb-media/2528-100x100.jpg,file,ARCHIVE_CANDIDATE,docs/archive/references/beraito-exact-frontend-v5/assets/wsb-media/2528-100x100.jpg,,TRUE,D
docs/references/beraito-exact-frontend-v5/** assets,docs/references/beraito-exact-frontend-v5/assets/wsb-media/2528-150x150.jpg,file,ARCHIVE_CANDIDATE,docs/archive/references/beraito-exact-frontend-v5/assets/wsb-media/2528-150x150.jpg,,TRUE,D
docs/references/beraito-exact-frontend-v5/** assets,docs/references/beraito-exact-frontend-v5/assets/wsb-media/2528-50x50.jpg,file,ARCHIVE_CANDIDATE,docs/archive/references/beraito-exact-frontend-v5/assets/wsb-media/2528-50x50.jpg,,TRUE,D
docs/references/beraito-exact-frontend-v5/** assets,docs/references/beraito-exact-frontend-v5/assets/wsb-media/2528-600x600.jpg,file,ARCHIVE_CANDIDATE,docs/archive/references/beraito-exact-frontend-v5/assets/wsb-media/2528-600x600.jpg,,TRUE,D
docs/references/beraito-exact-frontend-v5/** assets,docs/references/beraito-exact-frontend-v5/assets/wsb-media/2528-768x768.jpg,file,ARCHIVE_CANDIDATE,docs/archive/references/beraito-exact-frontend-v5/assets/wsb-media/2528-768x768.jpg,,TRUE,D
docs/references/beraito-exact-frontend-v5/** assets,docs/references/beraito-exact-frontend-v5/assets/wsb-media/2528.jpg,file,ARCHIVE_CANDIDATE,docs/archive/references/beraito-exact-frontend-v5/assets/wsb-media/2528.jpg,,TRUE,D
docs/references/beraito-exact-frontend-v5/** assets,docs/references/beraito-exact-frontend-v5/assets/wsb-media/3-125-100x100.webp,file,ARCHIVE_CANDIDATE,docs/archive/references/beraito-exact-frontend-v5/assets/wsb-media/3-125-100x100.webp,,TRUE,D
docs/references/beraito-exact-frontend-v5/** assets,docs/references/beraito-exact-frontend-v5/assets/wsb-media/3-125-150x150.webp,file,ARCHIVE_CANDIDATE,docs/archive/references/beraito-exact-frontend-v5/assets/wsb-media/3-125-150x150.webp,,TRUE,D
docs/references/beraito-exact-frontend-v5/** assets,docs/references/beraito-exact-frontend-v5/assets/wsb-media/3-125-300x300.webp,file,ARCHIVE_CANDIDATE,docs/archive/references/beraito-exact-frontend-v5/assets/wsb-media/3-125-300x300.webp,,TRUE,D
docs/references/beraito-exact-frontend-v5/** assets,docs/references/beraito-exact-frontend-v5/assets/wsb-media/3-125-50x50.webp,file,ARCHIVE_CANDIDATE,docs/archive/references/beraito-exact-frontend-v5/assets/wsb-media/3-125-50x50.webp,,TRUE,D
docs/references/beraito-exact-frontend-v5/** assets,docs/references/beraito-exact-frontend-v5/assets/wsb-media/3-125-768x768.webp,file,ARCHIVE_CANDIDATE,docs/archive/references/beraito-exact-frontend-v5/assets/wsb-media/3-125-768x768.webp,,TRUE,D
docs/references/beraito-exact-frontend-v5/** assets,docs/references/beraito-exact-frontend-v5/assets/wsb-media/3-125.webp,file,ARCHIVE_CANDIDATE,docs/archive/references/beraito-exact-frontend-v5/assets/wsb-media/3-125.webp,,TRUE,D
docs/references/beraito-exact-frontend-v5/** assets,docs/references/beraito-exact-frontend-v5/assets/wsb-media/31-4-100x100.webp,file,ARCHIVE_CANDIDATE,docs/archive/references/beraito-exact-frontend-v5/assets/wsb-media/31-4-100x100.webp,,TRUE,D
docs/references/beraito-exact-frontend-v5/** assets,docs/references/beraito-exact-frontend-v5/assets/wsb-media/31-4-150x150.webp,file,ARCHIVE_CANDIDATE,docs/archive/references/beraito-exact-frontend-v5/assets/wsb-media/31-4-150x150.webp,,TRUE,D
docs/references/beraito-exact-frontend-v5/** assets,docs/references/beraito-exact-frontend-v5/assets/wsb-media/31-4-50x50.webp,file,ARCHIVE_CANDIDATE,docs/archive/references/beraito-exact-frontend-v5/assets/wsb-media/31-4-50x50.webp,,TRUE,D
docs/references/beraito-exact-frontend-v5/** assets,docs/references/beraito-exact-frontend-v5/assets/wsb-media/31-4-600x600.webp,file,ARCHIVE_CANDIDATE,docs/archive/references/beraito-exact-frontend-v5/assets/wsb-media/31-4-600x600.webp,,TRUE,D
docs/references/beraito-exact-frontend-v5/** assets,docs/references/beraito-exact-frontend-v5/assets/wsb-media/31-4-768x768.webp,file,ARCHIVE_CANDIDATE,docs/archive/references/beraito-exact-frontend-v5/assets/wsb-media/31-4-768x768.webp,,TRUE,D
docs/references/beraito-exact-frontend-v5/** assets,docs/references/beraito-exact-frontend-v5/assets/wsb-media/31-4.webp,file,ARCHIVE_CANDIDATE,docs/archive/references/beraito-exact-frontend-v5/assets/wsb-media/31-4.webp,,TRUE,D
docs/references/beraito-exact-frontend-v5/** assets,docs/references/beraito-exact-frontend-v5/assets/wsb-media/32-3-100x100.jpg,file,ARCHIVE_CANDIDATE,docs/archive/references/beraito-exact-frontend-v5/assets/wsb-media/32-3-100x100.jpg,,TRUE,D
docs/references/beraito-exact-frontend-v5/** assets,docs/references/beraito-exact-frontend-v5/assets/wsb-media/32-3-150x150.jpg,file,ARCHIVE_CANDIDATE,docs/archive/references/beraito-exact-frontend-v5/assets/wsb-media/32-3-150x150.jpg,,TRUE,D
docs/references/beraito-exact-frontend-v5/** assets,docs/references/beraito-exact-frontend-v5/assets/wsb-media/32-3-20x20.jpg,file,ARCHIVE_CANDIDATE,docs/archive/references/beraito-exact-frontend-v5/assets/wsb-media/32-3-20x20.jpg,,TRUE,D
docs/references/beraito-exact-frontend-v5/** assets,docs/references/beraito-exact-frontend-v5/assets/wsb-media/32-3-30x30.jpg,file,ARCHIVE_CANDIDATE,docs/archive/references/beraito-exact-frontend-v5/assets/wsb-media/32-3-30x30.jpg,,TRUE,D
docs/references/beraito-exact-frontend-v5/** assets,docs/references/beraito-exact-frontend-v5/assets/wsb-media/32-3-40x40.jpg,file,ARCHIVE_CANDIDATE,docs/archive/references/beraito-exact-frontend-v5/assets/wsb-media/32-3-40x40.jpg,,TRUE,D
docs/references/beraito-exact-frontend-v5/** assets,docs/references/beraito-exact-frontend-v5/assets/wsb-media/32-3-600x600.jpg,file,ARCHIVE_CANDIDATE,docs/archive/references/beraito-exact-frontend-v5/assets/wsb-media/32-3-600x600.jpg,,TRUE,D
docs/references/beraito-exact-frontend-v5/** assets,docs/references/beraito-exact-frontend-v5/assets/wsb-media/32-3.jpg,file,ARCHIVE_CANDIDATE,docs/archive/references/beraito-exact-frontend-v5/assets/wsb-media/32-3.jpg,,TRUE,D
docs/references/beraito-exact-frontend-v5/** assets,docs/references/beraito-exact-frontend-v5/assets/wsb-media/3419474-100x100.webp,file,ARCHIVE_CANDIDATE,docs/archive/references/beraito-exact-frontend-v5/assets/wsb-media/3419474-100x100.webp,,TRUE,D
docs/references/beraito-exact-frontend-v5/** assets,docs/references/beraito-exact-frontend-v5/assets/wsb-media/3419474-150x150.webp,file,ARCHIVE_CANDIDATE,docs/archive/references/beraito-exact-frontend-v5/assets/wsb-media/3419474-150x150.webp,,TRUE,D
docs/references/beraito-exact-frontend-v5/** assets,docs/references/beraito-exact-frontend-v5/assets/wsb-media/3419474-300x300.webp,file,ARCHIVE_CANDIDATE,docs/archive/references/beraito-exact-frontend-v5/assets/wsb-media/3419474-300x300.webp,,TRUE,D
docs/references/beraito-exact-frontend-v5/** assets,docs/references/beraito-exact-frontend-v5/assets/wsb-media/3419474-50x50.webp,file,ARCHIVE_CANDIDATE,docs/archive/references/beraito-exact-frontend-v5/assets/wsb-media/3419474-50x50.webp,,TRUE,D
docs/references/beraito-exact-frontend-v5/** assets,docs/references/beraito-exact-frontend-v5/assets/wsb-media/3419474-768x768.webp,file,ARCHIVE_CANDIDATE,docs/archive/references/beraito-exact-frontend-v5/assets/wsb-media/3419474-768x768.webp,,TRUE,D
docs/references/beraito-exact-frontend-v5/** assets,docs/references/beraito-exact-frontend-v5/assets/wsb-media/3419474.webp,file,ARCHIVE_CANDIDATE,docs/archive/references/beraito-exact-frontend-v5/assets/wsb-media/3419474.webp,,TRUE,D
docs/references/beraito-exact-frontend-v5/** assets,docs/references/beraito-exact-frontend-v5/assets/wsb-media/3453-دخترانه-100x100.webp,file,ARCHIVE_CANDIDATE,docs/archive/references/beraito-exact-frontend-v5/assets/wsb-media/3453-دخترانه-100x100.webp,,TRUE,D
docs/references/beraito-exact-frontend-v5/** assets,docs/references/beraito-exact-frontend-v5/assets/wsb-media/3453-دخترانه-150x150.webp,file,ARCHIVE_CANDIDATE,docs/archive/references/beraito-exact-frontend-v5/assets/wsb-media/3453-دخترانه-150x150.webp,,TRUE,D
docs/references/beraito-exact-frontend-v5/** assets,docs/references/beraito-exact-frontend-v5/assets/wsb-media/3453-دخترانه-300x300.webp,file,ARCHIVE_CANDIDATE,docs/archive/references/beraito-exact-frontend-v5/assets/wsb-media/3453-دخترانه-300x300.webp,,TRUE,D
docs/references/beraito-exact-frontend-v5/** assets,docs/references/beraito-exact-frontend-v5/assets/wsb-media/3453-دخترانه-50x50.webp,file,ARCHIVE_CANDIDATE,docs/archive/references/beraito-exact-frontend-v5/assets/wsb-media/3453-دخترانه-50x50.webp,,TRUE,D
docs/references/beraito-exact-frontend-v5/** assets,docs/references/beraito-exact-frontend-v5/assets/wsb-media/3453-دخترانه-600x600.webp,file,ARCHIVE_CANDIDATE,docs/archive/references/beraito-exact-frontend-v5/assets/wsb-media/3453-دخترانه-600x600.webp,,TRUE,D
docs/references/beraito-exact-frontend-v5/** assets,docs/references/beraito-exact-frontend-v5/assets/wsb-media/3453-دخترانه-64x64.webp,file,ARCHIVE_CANDIDATE,docs/archive/references/beraito-exact-frontend-v5/assets/wsb-media/3453-دخترانه-64x64.webp,,TRUE,D
docs/references/beraito-exact-frontend-v5/** assets,docs/references/beraito-exact-frontend-v5/assets/wsb-media/3453-دخترانه-768x768.webp,file,ARCHIVE_CANDIDATE,docs/archive/references/beraito-exact-frontend-v5/assets/wsb-media/3453-دخترانه-768x768.webp,,TRUE,D
docs/references/beraito-exact-frontend-v5/** assets,docs/references/beraito-exact-frontend-v5/assets/wsb-media/3453-دخترانه.webp,file,ARCHIVE_CANDIDATE,docs/archive/references/beraito-exact-frontend-v5/assets/wsb-media/3453-دخترانه.webp,,TRUE,D
docs/references/beraito-exact-frontend-v5/** assets,docs/references/beraito-exact-frontend-v5/assets/wsb-media/3641-100x100.webp,file,ARCHIVE_CANDIDATE,docs/archive/references/beraito-exact-frontend-v5/assets/wsb-media/3641-100x100.webp,,TRUE,D
docs/references/beraito-exact-frontend-v5/** assets,docs/references/beraito-exact-frontend-v5/assets/wsb-media/3641-150x150.webp,file,ARCHIVE_CANDIDATE,docs/archive/references/beraito-exact-frontend-v5/assets/wsb-media/3641-150x150.webp,,TRUE,D
docs/references/beraito-exact-frontend-v5/** assets,docs/references/beraito-exact-frontend-v5/assets/wsb-media/3641-300x300.webp,file,ARCHIVE_CANDIDATE,docs/archive/references/beraito-exact-frontend-v5/assets/wsb-media/3641-300x300.webp,,TRUE,D
docs/references/beraito-exact-frontend-v5/** assets,docs/references/beraito-exact-frontend-v5/assets/wsb-media/3641-50x50.webp,file,ARCHIVE_CANDIDATE,docs/archive/references/beraito-exact-frontend-v5/assets/wsb-media/3641-50x50.webp,,TRUE,D
docs/references/beraito-exact-frontend-v5/** assets,docs/references/beraito-exact-frontend-v5/assets/wsb-media/3641-64x64.webp,file,ARCHIVE_CANDIDATE,docs/archive/references/beraito-exact-frontend-v5/assets/wsb-media/3641-64x64.webp,,TRUE,D
docs/references/beraito-exact-frontend-v5/** assets,docs/references/beraito-exact-frontend-v5/assets/wsb-media/3641-768x768.webp,file,ARCHIVE_CANDIDATE,docs/archive/references/beraito-exact-frontend-v5/assets/wsb-media/3641-768x768.webp,,TRUE,D
docs/references/beraito-exact-frontend-v5/** assets,docs/references/beraito-exact-frontend-v5/assets/wsb-media/3641.webp,file,ARCHIVE_CANDIDATE,docs/archive/references/beraito-exact-frontend-v5/assets/wsb-media/3641.webp,,TRUE,D
docs/references/beraito-exact-frontend-v5/** assets,docs/references/beraito-exact-frontend-v5/assets/wsb-media/3way-2-100x100.jpg,file,ARCHIVE_CANDIDATE,docs/archive/references/beraito-exact-frontend-v5/assets/wsb-media/3way-2-100x100.jpg,,TRUE,D
docs/references/beraito-exact-frontend-v5/** assets,docs/references/beraito-exact-frontend-v5/assets/wsb-media/3way-2-150x150.jpg,file,ARCHIVE_CANDIDATE,docs/archive/references/beraito-exact-frontend-v5/assets/wsb-media/3way-2-150x150.jpg,,TRUE,D
docs/references/beraito-exact-frontend-v5/** assets,docs/references/beraito-exact-frontend-v5/assets/wsb-media/3way-2-50x50.jpg,file,ARCHIVE_CANDIDATE,docs/archive/references/beraito-exact-frontend-v5/assets/wsb-media/3way-2-50x50.jpg,,TRUE,D
docs/references/beraito-exact-frontend-v5/** assets,docs/references/beraito-exact-frontend-v5/assets/wsb-media/3way-2-600x600.jpg,file,ARCHIVE_CANDIDATE,docs/archive/references/beraito-exact-frontend-v5/assets/wsb-media/3way-2-600x600.jpg,,TRUE,D
docs/references/beraito-exact-frontend-v5/** assets,docs/references/beraito-exact-frontend-v5/assets/wsb-media/3way-2-768x768.jpg,file,ARCHIVE_CANDIDATE,docs/archive/references/beraito-exact-frontend-v5/assets/wsb-media/3way-2-768x768.jpg,,TRUE,D
docs/references/beraito-exact-frontend-v5/** assets,docs/references/beraito-exact-frontend-v5/assets/wsb-media/3way-2.jpg,file,ARCHIVE_CANDIDATE,docs/archive/references/beraito-exact-frontend-v5/assets/wsb-media/3way-2.jpg,,TRUE,D
docs/references/beraito-exact-frontend-v5/** assets,docs/references/beraito-exact-frontend-v5/assets/wsb-media/3way-5-100x100.jpg,file,ARCHIVE_CANDIDATE,docs/archive/references/beraito-exact-frontend-v5/assets/wsb-media/3way-5-100x100.jpg,,TRUE,D
docs/references/beraito-exact-frontend-v5/** assets,docs/references/beraito-exact-frontend-v5/assets/wsb-media/3way-5-150x150.jpg,file,ARCHIVE_CANDIDATE,docs/archive/references/beraito-exact-frontend-v5/assets/wsb-media/3way-5-150x150.jpg,,TRUE,D
docs/references/beraito-exact-frontend-v5/** assets,docs/references/beraito-exact-frontend-v5/assets/wsb-media/3way-5-300x300.jpg,file,ARCHIVE_CANDIDATE,docs/archive/references/beraito-exact-frontend-v5/assets/wsb-media/3way-5-300x300.jpg,,TRUE,D
docs/references/beraito-exact-frontend-v5/** assets,docs/references/beraito-exact-frontend-v5/assets/wsb-media/3way-5-50x50.jpg,file,ARCHIVE_CANDIDATE,docs/archive/references/beraito-exact-frontend-v5/assets/wsb-media/3way-5-50x50.jpg,,TRUE,D
docs/references/beraito-exact-frontend-v5/** assets,docs/references/beraito-exact-frontend-v5/assets/wsb-media/3way-5-768x768.jpg,file,ARCHIVE_CANDIDATE,docs/archive/references/beraito-exact-frontend-v5/assets/wsb-media/3way-5-768x768.jpg,,TRUE,D
docs/references/beraito-exact-frontend-v5/** assets,docs/references/beraito-exact-frontend-v5/assets/wsb-media/3way-5.jpg,file,ARCHIVE_CANDIDATE,docs/archive/references/beraito-exact-frontend-v5/assets/wsb-media/3way-5.jpg,,TRUE,D
docs/references/beraito-exact-frontend-v5/** assets,docs/references/beraito-exact-frontend-v5/assets/wsb-media/4-69-100x100.webp,file,ARCHIVE_CANDIDATE,docs/archive/references/beraito-exact-frontend-v5/assets/wsb-media/4-69-100x100.webp,,TRUE,D
docs/references/beraito-exact-frontend-v5/** assets,docs/references/beraito-exact-frontend-v5/assets/wsb-media/4-69-150x150.webp,file,ARCHIVE_CANDIDATE,docs/archive/references/beraito-exact-frontend-v5/assets/wsb-media/4-69-150x150.webp,,TRUE,D
docs/references/beraito-exact-frontend-v5/** assets,docs/references/beraito-exact-frontend-v5/assets/wsb-media/4-69-300x300.webp,file,ARCHIVE_CANDIDATE,docs/archive/references/beraito-exact-frontend-v5/assets/wsb-media/4-69-300x300.webp,,TRUE,D
docs/references/beraito-exact-frontend-v5/** assets,docs/references/beraito-exact-frontend-v5/assets/wsb-media/4-69-50x50.webp,file,ARCHIVE_CANDIDATE,docs/archive/references/beraito-exact-frontend-v5/assets/wsb-media/4-69-50x50.webp,,TRUE,D
docs/references/beraito-exact-frontend-v5/** assets,docs/references/beraito-exact-frontend-v5/assets/wsb-media/4-69-768x768.webp,file,ARCHIVE_CANDIDATE,docs/archive/references/beraito-exact-frontend-v5/assets/wsb-media/4-69-768x768.webp,,TRUE,D
docs/references/beraito-exact-frontend-v5/** assets,docs/references/beraito-exact-frontend-v5/assets/wsb-media/4-69.webp,file,ARCHIVE_CANDIDATE,docs/archive/references/beraito-exact-frontend-v5/assets/wsb-media/4-69.webp,,TRUE,D
docs/references/beraito-exact-frontend-v5/** assets,docs/references/beraito-exact-frontend-v5/assets/wsb-media/4-97-100x100.webp,file,ARCHIVE_CANDIDATE,docs/archive/references/beraito-exact-frontend-v5/assets/wsb-media/4-97-100x100.webp,,TRUE,D
docs/references/beraito-exact-frontend-v5/** assets,docs/references/beraito-exact-frontend-v5/assets/wsb-media/4-97-150x150.webp,file,ARCHIVE_CANDIDATE,docs/archive/references/beraito-exact-frontend-v5/assets/wsb-media/4-97-150x150.webp,,TRUE,D
docs/references/beraito-exact-frontend-v5/** assets,docs/references/beraito-exact-frontend-v5/assets/wsb-media/4-97-50x50.webp,file,ARCHIVE_CANDIDATE,docs/archive/references/beraito-exact-frontend-v5/assets/wsb-media/4-97-50x50.webp,,TRUE,D
docs/references/beraito-exact-frontend-v5/** assets,docs/references/beraito-exact-frontend-v5/assets/wsb-media/4-97-600x600.webp,file,ARCHIVE_CANDIDATE,docs/archive/references/beraito-exact-frontend-v5/assets/wsb-media/4-97-600x600.webp,,TRUE,D
docs/references/beraito-exact-frontend-v5/** assets,docs/references/beraito-exact-frontend-v5/assets/wsb-media/4-97-768x768.webp,file,ARCHIVE_CANDIDATE,docs/archive/references/beraito-exact-frontend-v5/assets/wsb-media/4-97-768x768.webp,,TRUE,D
docs/references/beraito-exact-frontend-v5/** assets,docs/references/beraito-exact-frontend-v5/assets/wsb-media/4-97.webp,file,ARCHIVE_CANDIDATE,docs/archive/references/beraito-exact-frontend-v5/assets/wsb-media/4-97.webp,,TRUE,D
docs/references/beraito-exact-frontend-v5/** assets,docs/references/beraito-exact-frontend-v5/assets/wsb-media/5-100x100.jpg,file,ARCHIVE_CANDIDATE,docs/archive/references/beraito-exact-frontend-v5/assets/wsb-media/5-100x100.jpg,,TRUE,D
docs/references/beraito-exact-frontend-v5/** assets,docs/references/beraito-exact-frontend-v5/assets/wsb-media/5-150x150.jpg,file,ARCHIVE_CANDIDATE,docs/archive/references/beraito-exact-frontend-v5/assets/wsb-media/5-150x150.jpg,,TRUE,D
docs/references/beraito-exact-frontend-v5/** assets,docs/references/beraito-exact-frontend-v5/assets/wsb-media/5-300x300.jpg,file,ARCHIVE_CANDIDATE,docs/archive/references/beraito-exact-frontend-v5/assets/wsb-media/5-300x300.jpg,,TRUE,D
docs/references/beraito-exact-frontend-v5/** assets,docs/references/beraito-exact-frontend-v5/assets/wsb-media/5-50x50.jpg,file,ARCHIVE_CANDIDATE,docs/archive/references/beraito-exact-frontend-v5/assets/wsb-media/5-50x50.jpg,,TRUE,D
docs/references/beraito-exact-frontend-v5/** assets,docs/references/beraito-exact-frontend-v5/assets/wsb-media/5-76-100x100.webp,file,ARCHIVE_CANDIDATE,docs/archive/references/beraito-exact-frontend-v5/assets/wsb-media/5-76-100x100.webp,,TRUE,D
docs/references/beraito-exact-frontend-v5/** assets,docs/references/beraito-exact-frontend-v5/assets/wsb-media/5-76-150x150.webp,file,ARCHIVE_CANDIDATE,docs/archive/references/beraito-exact-frontend-v5/assets/wsb-media/5-76-150x150.webp,,TRUE,D
docs/references/beraito-exact-frontend-v5/** assets,docs/references/beraito-exact-frontend-v5/assets/wsb-media/5-76-50x50.webp,file,ARCHIVE_CANDIDATE,docs/archive/references/beraito-exact-frontend-v5/assets/wsb-media/5-76-50x50.webp,,TRUE,D
docs/references/beraito-exact-frontend-v5/** assets,docs/references/beraito-exact-frontend-v5/assets/wsb-media/5-76-600x600.webp,file,ARCHIVE_CANDIDATE,docs/archive/references/beraito-exact-frontend-v5/assets/wsb-media/5-76-600x600.webp,,TRUE,D
docs/references/beraito-exact-frontend-v5/** assets,docs/references/beraito-exact-frontend-v5/assets/wsb-media/5-76-768x768.webp,file,ARCHIVE_CANDIDATE,docs/archive/references/beraito-exact-frontend-v5/assets/wsb-media/5-76-768x768.webp,,TRUE,D
docs/references/beraito-exact-frontend-v5/** assets,docs/references/beraito-exact-frontend-v5/assets/wsb-media/5-76.webp,file,ARCHIVE_CANDIDATE,docs/archive/references/beraito-exact-frontend-v5/assets/wsb-media/5-76.webp,,TRUE,D
docs/references/beraito-exact-frontend-v5/** assets,docs/references/beraito-exact-frontend-v5/assets/wsb-media/5-768x768.jpg,file,ARCHIVE_CANDIDATE,docs/archive/references/beraito-exact-frontend-v5/assets/wsb-media/5-768x768.jpg,,TRUE,D
docs/references/beraito-exact-frontend-v5/** assets,docs/references/beraito-exact-frontend-v5/assets/wsb-media/5.jpg,file,ARCHIVE_CANDIDATE,docs/archive/references/beraito-exact-frontend-v5/assets/wsb-media/5.jpg,,TRUE,D
docs/references/beraito-exact-frontend-v5/** assets,docs/references/beraito-exact-frontend-v5/assets/wsb-media/6-100x100.jpg,file,ARCHIVE_CANDIDATE,docs/archive/references/beraito-exact-frontend-v5/assets/wsb-media/6-100x100.jpg,,TRUE,D
docs/references/beraito-exact-frontend-v5/** assets,docs/references/beraito-exact-frontend-v5/assets/wsb-media/6-150x150.jpg,file,ARCHIVE_CANDIDATE,docs/archive/references/beraito-exact-frontend-v5/assets/wsb-media/6-150x150.jpg,,TRUE,D
docs/references/beraito-exact-frontend-v5/** assets,docs/references/beraito-exact-frontend-v5/assets/wsb-media/6-50x50.jpg,file,ARCHIVE_CANDIDATE,docs/archive/references/beraito-exact-frontend-v5/assets/wsb-media/6-50x50.jpg,,TRUE,D
docs/references/beraito-exact-frontend-v5/** assets,docs/references/beraito-exact-frontend-v5/assets/wsb-media/6-600x600.jpg,file,ARCHIVE_CANDIDATE,docs/archive/references/beraito-exact-frontend-v5/assets/wsb-media/6-600x600.jpg,,TRUE,D
docs/references/beraito-exact-frontend-v5/** assets,docs/references/beraito-exact-frontend-v5/assets/wsb-media/6-768x768.jpg,file,ARCHIVE_CANDIDATE,docs/archive/references/beraito-exact-frontend-v5/assets/wsb-media/6-768x768.jpg,,TRUE,D
docs/references/beraito-exact-frontend-v5/** assets,docs/references/beraito-exact-frontend-v5/assets/wsb-media/6.jpg,file,ARCHIVE_CANDIDATE,docs/archive/references/beraito-exact-frontend-v5/assets/wsb-media/6.jpg,,TRUE,D
docs/references/beraito-exact-frontend-v5/** assets,docs/references/beraito-exact-frontend-v5/assets/wsb-media/61GzvwnYuML._AC_-100x100.webp,file,ARCHIVE_CANDIDATE,docs/archive/references/beraito-exact-frontend-v5/assets/wsb-media/61GzvwnYuML._AC_-100x100.webp,,TRUE,D
docs/references/beraito-exact-frontend-v5/** assets,docs/references/beraito-exact-frontend-v5/assets/wsb-media/61GzvwnYuML._AC_-150x150.webp,file,ARCHIVE_CANDIDATE,docs/archive/references/beraito-exact-frontend-v5/assets/wsb-media/61GzvwnYuML._AC_-150x150.webp,,TRUE,D
docs/references/beraito-exact-frontend-v5/** assets,docs/references/beraito-exact-frontend-v5/assets/wsb-media/61GzvwnYuML._AC_-50x50.webp,file,ARCHIVE_CANDIDATE,docs/archive/references/beraito-exact-frontend-v5/assets/wsb-media/61GzvwnYuML._AC_-50x50.webp,,TRUE,D
docs/references/beraito-exact-frontend-v5/** assets,docs/references/beraito-exact-frontend-v5/assets/wsb-media/61GzvwnYuML._AC_-600x600.webp,file,ARCHIVE_CANDIDATE,docs/archive/references/beraito-exact-frontend-v5/assets/wsb-media/61GzvwnYuML._AC_-600x600.webp,,TRUE,D
docs/references/beraito-exact-frontend-v5/** assets,docs/references/beraito-exact-frontend-v5/assets/wsb-media/61GzvwnYuML._AC_-768x768.webp,file,ARCHIVE_CANDIDATE,docs/archive/references/beraito-exact-frontend-v5/assets/wsb-media/61GzvwnYuML._AC_-768x768.webp,,TRUE,D
docs/references/beraito-exact-frontend-v5/** assets,docs/references/beraito-exact-frontend-v5/assets/wsb-media/61GzvwnYuML._AC_.webp,file,ARCHIVE_CANDIDATE,docs/archive/references/beraito-exact-frontend-v5/assets/wsb-media/61GzvwnYuML._AC_.webp,,TRUE,D
docs/references/beraito-exact-frontend-v5/** assets,docs/references/beraito-exact-frontend-v5/assets/wsb-media/63214799-100x100.jpg,file,ARCHIVE_CANDIDATE,docs/archive/references/beraito-exact-frontend-v5/assets/wsb-media/63214799-100x100.jpg,,TRUE,D
docs/references/beraito-exact-frontend-v5/** assets,docs/references/beraito-exact-frontend-v5/assets/wsb-media/63214799-150x150.jpg,file,ARCHIVE_CANDIDATE,docs/archive/references/beraito-exact-frontend-v5/assets/wsb-media/63214799-150x150.jpg,,TRUE,D
docs/references/beraito-exact-frontend-v5/** assets,docs/references/beraito-exact-frontend-v5/assets/wsb-media/63214799-20x20.jpg,file,ARCHIVE_CANDIDATE,docs/archive/references/beraito-exact-frontend-v5/assets/wsb-media/63214799-20x20.jpg,,TRUE,D
docs/references/beraito-exact-frontend-v5/** assets,docs/references/beraito-exact-frontend-v5/assets/wsb-media/63214799-300x300.jpg,file,ARCHIVE_CANDIDATE,docs/archive/references/beraito-exact-frontend-v5/assets/wsb-media/63214799-300x300.jpg,,TRUE,D
docs/references/beraito-exact-frontend-v5/** assets,docs/references/beraito-exact-frontend-v5/assets/wsb-media/63214799-30x30.jpg,file,ARCHIVE_CANDIDATE,docs/archive/references/beraito-exact-frontend-v5/assets/wsb-media/63214799-30x30.jpg,,TRUE,D
docs/references/beraito-exact-frontend-v5/** assets,docs/references/beraito-exact-frontend-v5/assets/wsb-media/63214799-40x40.jpg,file,ARCHIVE_CANDIDATE,docs/archive/references/beraito-exact-frontend-v5/assets/wsb-media/63214799-40x40.jpg,,TRUE,D
docs/references/beraito-exact-frontend-v5/** assets,docs/references/beraito-exact-frontend-v5/assets/wsb-media/63214799.jpg,file,ARCHIVE_CANDIDATE,docs/archive/references/beraito-exact-frontend-v5/assets/wsb-media/63214799.jpg,,TRUE,D
docs/references/beraito-exact-frontend-v5/** assets,docs/references/beraito-exact-frontend-v5/assets/wsb-media/654998-100x100.jpg,file,ARCHIVE_CANDIDATE,docs/archive/references/beraito-exact-frontend-v5/assets/wsb-media/654998-100x100.jpg,,TRUE,D
docs/references/beraito-exact-frontend-v5/** assets,docs/references/beraito-exact-frontend-v5/assets/wsb-media/654998-150x150.jpg,file,ARCHIVE_CANDIDATE,docs/archive/references/beraito-exact-frontend-v5/assets/wsb-media/654998-150x150.jpg,,TRUE,D
docs/references/beraito-exact-frontend-v5/** assets,docs/references/beraito-exact-frontend-v5/assets/wsb-media/654998-20x20.jpg,file,ARCHIVE_CANDIDATE,docs/archive/references/beraito-exact-frontend-v5/assets/wsb-media/654998-20x20.jpg,,TRUE,D
docs/references/beraito-exact-frontend-v5/** assets,docs/references/beraito-exact-frontend-v5/assets/wsb-media/654998-300x300.jpg,file,ARCHIVE_CANDIDATE,docs/archive/references/beraito-exact-frontend-v5/assets/wsb-media/654998-300x300.jpg,,TRUE,D
docs/references/beraito-exact-frontend-v5/** assets,docs/references/beraito-exact-frontend-v5/assets/wsb-media/654998-30x30.jpg,file,ARCHIVE_CANDIDATE,docs/archive/references/beraito-exact-frontend-v5/assets/wsb-media/654998-30x30.jpg,,TRUE,D
docs/references/beraito-exact-frontend-v5/** assets,docs/references/beraito-exact-frontend-v5/assets/wsb-media/654998-40x40.jpg,file,ARCHIVE_CANDIDATE,docs/archive/references/beraito-exact-frontend-v5/assets/wsb-media/654998-40x40.jpg,,TRUE,D
docs/references/beraito-exact-frontend-v5/** assets,docs/references/beraito-exact-frontend-v5/assets/wsb-media/654998.jpg,file,ARCHIVE_CANDIDATE,docs/archive/references/beraito-exact-frontend-v5/assets/wsb-media/654998.jpg,,TRUE,D
docs/references/beraito-exact-frontend-v5/** assets,docs/references/beraito-exact-frontend-v5/assets/wsb-media/693-100x100.webp,file,ARCHIVE_CANDIDATE,docs/archive/references/beraito-exact-frontend-v5/assets/wsb-media/693-100x100.webp,,TRUE,D
docs/references/beraito-exact-frontend-v5/** assets,docs/references/beraito-exact-frontend-v5/assets/wsb-media/693-150x150.webp,file,ARCHIVE_CANDIDATE,docs/archive/references/beraito-exact-frontend-v5/assets/wsb-media/693-150x150.webp,,TRUE,D
docs/references/beraito-exact-frontend-v5/** assets,docs/references/beraito-exact-frontend-v5/assets/wsb-media/693-300x300.webp,file,ARCHIVE_CANDIDATE,docs/archive/references/beraito-exact-frontend-v5/assets/wsb-media/693-300x300.webp,,TRUE,D
docs/references/beraito-exact-frontend-v5/** assets,docs/references/beraito-exact-frontend-v5/assets/wsb-media/693-50x50.webp,file,ARCHIVE_CANDIDATE,docs/archive/references/beraito-exact-frontend-v5/assets/wsb-media/693-50x50.webp,,TRUE,D
docs/references/beraito-exact-frontend-v5/** assets,docs/references/beraito-exact-frontend-v5/assets/wsb-media/8-55-100x100.webp,file,ARCHIVE_CANDIDATE,docs/archive/references/beraito-exact-frontend-v5/assets/wsb-media/8-55-100x100.webp,,TRUE,D
docs/references/beraito-exact-frontend-v5/** assets,docs/references/beraito-exact-frontend-v5/assets/wsb-media/8-55-150x150.webp,file,ARCHIVE_CANDIDATE,docs/archive/references/beraito-exact-frontend-v5/assets/wsb-media/8-55-150x150.webp,,TRUE,D
docs/references/beraito-exact-frontend-v5/** assets,docs/references/beraito-exact-frontend-v5/assets/wsb-media/8-55-50x50.webp,file,ARCHIVE_CANDIDATE,docs/archive/references/beraito-exact-frontend-v5/assets/wsb-media/8-55-50x50.webp,,TRUE,D
docs/references/beraito-exact-frontend-v5/** assets,docs/references/beraito-exact-frontend-v5/assets/wsb-media/8-55-600x600.webp,file,ARCHIVE_CANDIDATE,docs/archive/references/beraito-exact-frontend-v5/assets/wsb-media/8-55-600x600.webp,,TRUE,D
docs/references/beraito-exact-frontend-v5/** assets,docs/references/beraito-exact-frontend-v5/assets/wsb-media/8-55-768x768.webp,file,ARCHIVE_CANDIDATE,docs/archive/references/beraito-exact-frontend-v5/assets/wsb-media/8-55-768x768.webp,,TRUE,D
docs/references/beraito-exact-frontend-v5/** assets,docs/references/beraito-exact-frontend-v5/assets/wsb-media/8-55.webp,file,ARCHIVE_CANDIDATE,docs/archive/references/beraito-exact-frontend-v5/assets/wsb-media/8-55.webp,,TRUE,D
docs/references/beraito-exact-frontend-v5/** assets,docs/references/beraito-exact-frontend-v5/assets/wsb-media/840745-100x100.jpg,file,ARCHIVE_CANDIDATE,docs/archive/references/beraito-exact-frontend-v5/assets/wsb-media/840745-100x100.jpg,,TRUE,D
docs/references/beraito-exact-frontend-v5/** assets,docs/references/beraito-exact-frontend-v5/assets/wsb-media/840745-150x150.jpg,file,ARCHIVE_CANDIDATE,docs/archive/references/beraito-exact-frontend-v5/assets/wsb-media/840745-150x150.jpg,,TRUE,D
docs/references/beraito-exact-frontend-v5/** assets,docs/references/beraito-exact-frontend-v5/assets/wsb-media/840745-20x20.jpg,file,ARCHIVE_CANDIDATE,docs/archive/references/beraito-exact-frontend-v5/assets/wsb-media/840745-20x20.jpg,,TRUE,D
docs/references/beraito-exact-frontend-v5/** assets,docs/references/beraito-exact-frontend-v5/assets/wsb-media/840745-30x30.jpg,file,ARCHIVE_CANDIDATE,docs/archive/references/beraito-exact-frontend-v5/assets/wsb-media/840745-30x30.jpg,,TRUE,D
docs/references/beraito-exact-frontend-v5/** assets,docs/references/beraito-exact-frontend-v5/assets/wsb-media/840745-40x40.jpg,file,ARCHIVE_CANDIDATE,docs/archive/references/beraito-exact-frontend-v5/assets/wsb-media/840745-40x40.jpg,,TRUE,D
docs/references/beraito-exact-frontend-v5/** assets,docs/references/beraito-exact-frontend-v5/assets/wsb-media/840745-600x600.jpg,file,ARCHIVE_CANDIDATE,docs/archive/references/beraito-exact-frontend-v5/assets/wsb-media/840745-600x600.jpg,,TRUE,D
docs/references/beraito-exact-frontend-v5/** assets,docs/references/beraito-exact-frontend-v5/assets/wsb-media/840745.jpg,file,ARCHIVE_CANDIDATE,docs/archive/references/beraito-exact-frontend-v5/assets/wsb-media/840745.jpg,,TRUE,D
docs/references/beraito-exact-frontend-v5/** assets,docs/references/beraito-exact-frontend-v5/assets/wsb-media/871140-100x100.jpg,file,ARCHIVE_CANDIDATE,docs/archive/references/beraito-exact-frontend-v5/assets/wsb-media/871140-100x100.jpg,,TRUE,D
docs/references/beraito-exact-frontend-v5/** assets,docs/references/beraito-exact-frontend-v5/assets/wsb-media/871140-150x150.jpg,file,ARCHIVE_CANDIDATE,docs/archive/references/beraito-exact-frontend-v5/assets/wsb-media/871140-150x150.jpg,,TRUE,D
docs/references/beraito-exact-frontend-v5/** assets,docs/references/beraito-exact-frontend-v5/assets/wsb-media/871140-20x20.jpg,file,ARCHIVE_CANDIDATE,docs/archive/references/beraito-exact-frontend-v5/assets/wsb-media/871140-20x20.jpg,,TRUE,D
docs/references/beraito-exact-frontend-v5/** assets,docs/references/beraito-exact-frontend-v5/assets/wsb-media/871140-300x300.jpg,file,ARCHIVE_CANDIDATE,docs/archive/references/beraito-exact-frontend-v5/assets/wsb-media/871140-300x300.jpg,,TRUE,D
docs/references/beraito-exact-frontend-v5/** assets,docs/references/beraito-exact-frontend-v5/assets/wsb-media/871140-30x30.jpg,file,ARCHIVE_CANDIDATE,docs/archive/references/beraito-exact-frontend-v5/assets/wsb-media/871140-30x30.jpg,,TRUE,D
docs/references/beraito-exact-frontend-v5/** assets,docs/references/beraito-exact-frontend-v5/assets/wsb-media/871140-40x40.jpg,file,ARCHIVE_CANDIDATE,docs/archive/references/beraito-exact-frontend-v5/assets/wsb-media/871140-40x40.jpg,,TRUE,D
docs/references/beraito-exact-frontend-v5/** assets,docs/references/beraito-exact-frontend-v5/assets/wsb-media/871140.jpg,file,ARCHIVE_CANDIDATE,docs/archive/references/beraito-exact-frontend-v5/assets/wsb-media/871140.jpg,,TRUE,D
docs/references/beraito-exact-frontend-v5/** assets,docs/references/beraito-exact-frontend-v5/assets/wsb-media/925323-100x100.jpg,file,ARCHIVE_CANDIDATE,docs/archive/references/beraito-exact-frontend-v5/assets/wsb-media/925323-100x100.jpg,,TRUE,D
docs/references/beraito-exact-frontend-v5/** assets,docs/references/beraito-exact-frontend-v5/assets/wsb-media/925323-150x150.jpg,file,ARCHIVE_CANDIDATE,docs/archive/references/beraito-exact-frontend-v5/assets/wsb-media/925323-150x150.jpg,,TRUE,D
docs/references/beraito-exact-frontend-v5/** assets,docs/references/beraito-exact-frontend-v5/assets/wsb-media/925323-300x300.jpg,file,ARCHIVE_CANDIDATE,docs/archive/references/beraito-exact-frontend-v5/assets/wsb-media/925323-300x300.jpg,,TRUE,D
docs/references/beraito-exact-frontend-v5/** assets,docs/references/beraito-exact-frontend-v5/assets/wsb-media/925323-768x768.jpg,file,ARCHIVE_CANDIDATE,docs/archive/references/beraito-exact-frontend-v5/assets/wsb-media/925323-768x768.jpg,,TRUE,D
docs/references/beraito-exact-frontend-v5/** assets,docs/references/beraito-exact-frontend-v5/assets/wsb-media/925323.jpg,file,ARCHIVE_CANDIDATE,docs/archive/references/beraito-exact-frontend-v5/assets/wsb-media/925323.jpg,,TRUE,D
docs/references/beraito-exact-frontend-v5/** assets,docs/references/beraito-exact-frontend-v5/assets/wsb-media/9602-100x100.webp,file,ARCHIVE_CANDIDATE,docs/archive/references/beraito-exact-frontend-v5/assets/wsb-media/9602-100x100.webp,,TRUE,D
docs/references/beraito-exact-frontend-v5/** assets,docs/references/beraito-exact-frontend-v5/assets/wsb-media/9602-150x150.webp,file,ARCHIVE_CANDIDATE,docs/archive/references/beraito-exact-frontend-v5/assets/wsb-media/9602-150x150.webp,,TRUE,D
docs/references/beraito-exact-frontend-v5/** assets,docs/references/beraito-exact-frontend-v5/assets/wsb-media/9602-2-100x100.jpg,file,ARCHIVE_CANDIDATE,docs/archive/references/beraito-exact-frontend-v5/assets/wsb-media/9602-2-100x100.jpg,,TRUE,D
docs/references/beraito-exact-frontend-v5/** assets,docs/references/beraito-exact-frontend-v5/assets/wsb-media/9602-2-150x150.jpg,file,ARCHIVE_CANDIDATE,docs/archive/references/beraito-exact-frontend-v5/assets/wsb-media/9602-2-150x150.jpg,,TRUE,D
docs/references/beraito-exact-frontend-v5/** assets,docs/references/beraito-exact-frontend-v5/assets/wsb-media/9602-2-50x50.jpg,file,ARCHIVE_CANDIDATE,docs/archive/references/beraito-exact-frontend-v5/assets/wsb-media/9602-2-50x50.jpg,,TRUE,D
docs/references/beraito-exact-frontend-v5/** assets,docs/references/beraito-exact-frontend-v5/assets/wsb-media/9602-2-600x600.jpg,file,ARCHIVE_CANDIDATE,docs/archive/references/beraito-exact-frontend-v5/assets/wsb-media/9602-2-600x600.jpg,,TRUE,D
docs/references/beraito-exact-frontend-v5/** assets,docs/references/beraito-exact-frontend-v5/assets/wsb-media/9602-2-768x768.jpg,file,ARCHIVE_CANDIDATE,docs/archive/references/beraito-exact-frontend-v5/assets/wsb-media/9602-2-768x768.jpg,,TRUE,D
docs/references/beraito-exact-frontend-v5/** assets,docs/references/beraito-exact-frontend-v5/assets/wsb-media/9602-2.jpg,file,ARCHIVE_CANDIDATE,docs/archive/references/beraito-exact-frontend-v5/assets/wsb-media/9602-2.jpg,,TRUE,D
docs/references/beraito-exact-frontend-v5/** assets,docs/references/beraito-exact-frontend-v5/assets/wsb-media/9602-300x300.webp,file,ARCHIVE_CANDIDATE,docs/archive/references/beraito-exact-frontend-v5/assets/wsb-media/9602-300x300.webp,,TRUE,D
docs/references/beraito-exact-frontend-v5/** assets,docs/references/beraito-exact-frontend-v5/assets/wsb-media/9602-50x50.webp,file,ARCHIVE_CANDIDATE,docs/archive/references/beraito-exact-frontend-v5/assets/wsb-media/9602-50x50.webp,,TRUE,D
docs/references/beraito-exact-frontend-v5/** assets,docs/references/beraito-exact-frontend-v5/assets/wsb-media/9602-64x64.webp,file,ARCHIVE_CANDIDATE,docs/archive/references/beraito-exact-frontend-v5/assets/wsb-media/9602-64x64.webp,,TRUE,D
docs/references/beraito-exact-frontend-v5/** assets,docs/references/beraito-exact-frontend-v5/assets/wsb-media/9602-768x768.webp,file,ARCHIVE_CANDIDATE,docs/archive/references/beraito-exact-frontend-v5/assets/wsb-media/9602-768x768.webp,,TRUE,D
docs/references/beraito-exact-frontend-v5/** assets,docs/references/beraito-exact-frontend-v5/assets/wsb-media/9602.webp,file,ARCHIVE_CANDIDATE,docs/archive/references/beraito-exact-frontend-v5/assets/wsb-media/9602.webp,,TRUE,D
docs/references/beraito-exact-frontend-v5/** assets,docs/references/beraito-exact-frontend-v5/assets/wsb-media/984680-100x100.jpg,file,ARCHIVE_CANDIDATE,docs/archive/references/beraito-exact-frontend-v5/assets/wsb-media/984680-100x100.jpg,,TRUE,D
docs/references/beraito-exact-frontend-v5/** assets,docs/references/beraito-exact-frontend-v5/assets/wsb-media/984680-150x150.jpg,file,ARCHIVE_CANDIDATE,docs/archive/references/beraito-exact-frontend-v5/assets/wsb-media/984680-150x150.jpg,,TRUE,D
docs/references/beraito-exact-frontend-v5/** assets,docs/references/beraito-exact-frontend-v5/assets/wsb-media/984680-200x200.jpg,file,ARCHIVE_CANDIDATE,docs/archive/references/beraito-exact-frontend-v5/assets/wsb-media/984680-200x200.jpg,,TRUE,D
docs/references/beraito-exact-frontend-v5/** assets,docs/references/beraito-exact-frontend-v5/assets/wsb-media/984680-20x20.jpg,file,ARCHIVE_CANDIDATE,docs/archive/references/beraito-exact-frontend-v5/assets/wsb-media/984680-20x20.jpg,,TRUE,D
docs/references/beraito-exact-frontend-v5/** assets,docs/references/beraito-exact-frontend-v5/assets/wsb-media/984680-300x300.jpg,file,ARCHIVE_CANDIDATE,docs/archive/references/beraito-exact-frontend-v5/assets/wsb-media/984680-300x300.jpg,,TRUE,D
docs/references/beraito-exact-frontend-v5/** assets,docs/references/beraito-exact-frontend-v5/assets/wsb-media/984680-30x30.jpg,file,ARCHIVE_CANDIDATE,docs/archive/references/beraito-exact-frontend-v5/assets/wsb-media/984680-30x30.jpg,,TRUE,D
docs/references/beraito-exact-frontend-v5/** assets,docs/references/beraito-exact-frontend-v5/assets/wsb-media/984680-40x40.jpg,file,ARCHIVE_CANDIDATE,docs/archive/references/beraito-exact-frontend-v5/assets/wsb-media/984680-40x40.jpg,,TRUE,D
docs/references/beraito-exact-frontend-v5/** assets,docs/references/beraito-exact-frontend-v5/assets/wsb-media/984680-500x500.jpg,file,ARCHIVE_CANDIDATE,docs/archive/references/beraito-exact-frontend-v5/assets/wsb-media/984680-500x500.jpg,,TRUE,D
docs/references/beraito-exact-frontend-v5/** assets,docs/references/beraito-exact-frontend-v5/assets/wsb-media/984680-600x600.jpg,file,ARCHIVE_CANDIDATE,docs/archive/references/beraito-exact-frontend-v5/assets/wsb-media/984680-600x600.jpg,,TRUE,D
docs/references/beraito-exact-frontend-v5/** assets,docs/references/beraito-exact-frontend-v5/assets/wsb-media/984680-60x60.jpg,file,ARCHIVE_CANDIDATE,docs/archive/references/beraito-exact-frontend-v5/assets/wsb-media/984680-60x60.jpg,,TRUE,D
docs/references/beraito-exact-frontend-v5/** assets,docs/references/beraito-exact-frontend-v5/assets/wsb-media/984680-75x75.jpg,file,ARCHIVE_CANDIDATE,docs/archive/references/beraito-exact-frontend-v5/assets/wsb-media/984680-75x75.jpg,,TRUE,D
docs/references/beraito-exact-frontend-v5/** assets,docs/references/beraito-exact-frontend-v5/assets/wsb-media/984680-768x768.jpg,file,ARCHIVE_CANDIDATE,docs/archive/references/beraito-exact-frontend-v5/assets/wsb-media/984680-768x768.jpg,,TRUE,D
docs/references/beraito-exact-frontend-v5/** assets,docs/references/beraito-exact-frontend-v5/assets/wsb-media/984680-96x96.jpg,file,ARCHIVE_CANDIDATE,docs/archive/references/beraito-exact-frontend-v5/assets/wsb-media/984680-96x96.jpg,,TRUE,D
docs/references/beraito-exact-frontend-v5/** assets,docs/references/beraito-exact-frontend-v5/assets/wsb-media/984680.jpg,file,ARCHIVE_CANDIDATE,docs/archive/references/beraito-exact-frontend-v5/assets/wsb-media/984680.jpg,,TRUE,D
docs/references/beraito-exact-frontend-v5/** assets,docs/references/beraito-exact-frontend-v5/assets/wsb-media/9846801-100x100.jpg,file,ARCHIVE_CANDIDATE,docs/archive/references/beraito-exact-frontend-v5/assets/wsb-media/9846801-100x100.jpg,,TRUE,D
docs/references/beraito-exact-frontend-v5/** assets,docs/references/beraito-exact-frontend-v5/assets/wsb-media/9846801-150x150.jpg,file,ARCHIVE_CANDIDATE,docs/archive/references/beraito-exact-frontend-v5/assets/wsb-media/9846801-150x150.jpg,,TRUE,D
docs/references/beraito-exact-frontend-v5/** assets,docs/references/beraito-exact-frontend-v5/assets/wsb-media/9846801-200x200.jpg,file,ARCHIVE_CANDIDATE,docs/archive/references/beraito-exact-frontend-v5/assets/wsb-media/9846801-200x200.jpg,,TRUE,D
docs/references/beraito-exact-frontend-v5/** assets,docs/references/beraito-exact-frontend-v5/assets/wsb-media/9846801-20x20.jpg,file,ARCHIVE_CANDIDATE,docs/archive/references/beraito-exact-frontend-v5/assets/wsb-media/9846801-20x20.jpg,,TRUE,D
docs/references/beraito-exact-frontend-v5/** assets,docs/references/beraito-exact-frontend-v5/assets/wsb-media/9846801-30x30.jpg,file,ARCHIVE_CANDIDATE,docs/archive/references/beraito-exact-frontend-v5/assets/wsb-media/9846801-30x30.jpg,,TRUE,D
docs/references/beraito-exact-frontend-v5/** assets,docs/references/beraito-exact-frontend-v5/assets/wsb-media/9846801-40x40.jpg,file,ARCHIVE_CANDIDATE,docs/archive/references/beraito-exact-frontend-v5/assets/wsb-media/9846801-40x40.jpg,,TRUE,D
docs/references/beraito-exact-frontend-v5/** assets,docs/references/beraito-exact-frontend-v5/assets/wsb-media/9846801-460x460.jpg,file,ARCHIVE_CANDIDATE,docs/archive/references/beraito-exact-frontend-v5/assets/wsb-media/9846801-460x460.jpg,,TRUE,D
docs/references/beraito-exact-frontend-v5/** assets,docs/references/beraito-exact-frontend-v5/assets/wsb-media/9846801-500x500.jpg,file,ARCHIVE_CANDIDATE,docs/archive/references/beraito-exact-frontend-v5/assets/wsb-media/9846801-500x500.jpg,,TRUE,D
docs/references/beraito-exact-frontend-v5/** assets,docs/references/beraito-exact-frontend-v5/assets/wsb-media/9846801-600x600.jpg,file,ARCHIVE_CANDIDATE,docs/archive/references/beraito-exact-frontend-v5/assets/wsb-media/9846801-600x600.jpg,,TRUE,D
docs/references/beraito-exact-frontend-v5/** assets,docs/references/beraito-exact-frontend-v5/assets/wsb-media/9846801-60x60.jpg,file,ARCHIVE_CANDIDATE,docs/archive/references/beraito-exact-frontend-v5/assets/wsb-media/9846801-60x60.jpg,,TRUE,D
docs/references/beraito-exact-frontend-v5/** assets,docs/references/beraito-exact-frontend-v5/assets/wsb-media/9846801-75x75.jpg,file,ARCHIVE_CANDIDATE,docs/archive/references/beraito-exact-frontend-v5/assets/wsb-media/9846801-75x75.jpg,,TRUE,D
docs/references/beraito-exact-frontend-v5/** assets,docs/references/beraito-exact-frontend-v5/assets/wsb-media/9846801-768x768.jpg,file,ARCHIVE_CANDIDATE,docs/archive/references/beraito-exact-frontend-v5/assets/wsb-media/9846801-768x768.jpg,,TRUE,D
docs/references/beraito-exact-frontend-v5/** assets,docs/references/beraito-exact-frontend-v5/assets/wsb-media/9846801-96x96.jpg,file,ARCHIVE_CANDIDATE,docs/archive/references/beraito-exact-frontend-v5/assets/wsb-media/9846801-96x96.jpg,,TRUE,D
docs/references/beraito-exact-frontend-v5/** assets,docs/references/beraito-exact-frontend-v5/assets/wsb-media/9846801.jpg,file,ARCHIVE_CANDIDATE,docs/archive/references/beraito-exact-frontend-v5/assets/wsb-media/9846801.jpg,,TRUE,D
docs/references/beraito-exact-frontend-v5/** assets,docs/references/beraito-exact-frontend-v5/assets/wsb-media/First-class-stationery-100x100.webp,file,ARCHIVE_CANDIDATE,docs/archive/references/beraito-exact-frontend-v5/assets/wsb-media/First-class-stationery-100x100.webp,,TRUE,D
docs/references/beraito-exact-frontend-v5/** assets,docs/references/beraito-exact-frontend-v5/assets/wsb-media/First-class-stationery-150x150.webp,file,ARCHIVE_CANDIDATE,docs/archive/references/beraito-exact-frontend-v5/assets/wsb-media/First-class-stationery-150x150.webp,,TRUE,D
docs/references/beraito-exact-frontend-v5/** assets,docs/references/beraito-exact-frontend-v5/assets/wsb-media/First-class-stationery-300x300.webp,file,ARCHIVE_CANDIDATE,docs/archive/references/beraito-exact-frontend-v5/assets/wsb-media/First-class-stationery-300x300.webp,,TRUE,D
docs/references/beraito-exact-frontend-v5/** assets,docs/references/beraito-exact-frontend-v5/assets/wsb-media/First-class-stationery-50x50.webp,file,ARCHIVE_CANDIDATE,docs/archive/references/beraito-exact-frontend-v5/assets/wsb-media/First-class-stationery-50x50.webp,,TRUE,D
docs/references/beraito-exact-frontend-v5/** assets,docs/references/beraito-exact-frontend-v5/assets/wsb-media/H30-100x100.jpg,file,ARCHIVE_CANDIDATE,docs/archive/references/beraito-exact-frontend-v5/assets/wsb-media/H30-100x100.jpg,,TRUE,D
docs/references/beraito-exact-frontend-v5/** assets,docs/references/beraito-exact-frontend-v5/assets/wsb-media/H30-150x150.jpg,file,ARCHIVE_CANDIDATE,docs/archive/references/beraito-exact-frontend-v5/assets/wsb-media/H30-150x150.jpg,,TRUE,D
docs/references/beraito-exact-frontend-v5/** assets,docs/references/beraito-exact-frontend-v5/assets/wsb-media/H30-4-100x100.jpg,file,ARCHIVE_CANDIDATE,docs/archive/references/beraito-exact-frontend-v5/assets/wsb-media/H30-4-100x100.jpg,,TRUE,D
docs/references/beraito-exact-frontend-v5/** assets,docs/references/beraito-exact-frontend-v5/assets/wsb-media/H30-4-150x150.jpg,file,ARCHIVE_CANDIDATE,docs/archive/references/beraito-exact-frontend-v5/assets/wsb-media/H30-4-150x150.jpg,,TRUE,D
docs/references/beraito-exact-frontend-v5/** assets,docs/references/beraito-exact-frontend-v5/assets/wsb-media/H30-4-300x300.jpg,file,ARCHIVE_CANDIDATE,docs/archive/references/beraito-exact-frontend-v5/assets/wsb-media/H30-4-300x300.jpg,,TRUE,D
docs/references/beraito-exact-frontend-v5/** assets,docs/references/beraito-exact-frontend-v5/assets/wsb-media/H30-4-50x50.jpg,file,ARCHIVE_CANDIDATE,docs/archive/references/beraito-exact-frontend-v5/assets/wsb-media/H30-4-50x50.jpg,,TRUE,D
docs/references/beraito-exact-frontend-v5/** assets,docs/references/beraito-exact-frontend-v5/assets/wsb-media/H30-4-768x768.jpg,file,ARCHIVE_CANDIDATE,docs/archive/references/beraito-exact-frontend-v5/assets/wsb-media/H30-4-768x768.jpg,,TRUE,D
docs/references/beraito-exact-frontend-v5/** assets,docs/references/beraito-exact-frontend-v5/assets/wsb-media/H30-4.jpg,file,ARCHIVE_CANDIDATE,docs/archive/references/beraito-exact-frontend-v5/assets/wsb-media/H30-4.jpg,,TRUE,D
docs/references/beraito-exact-frontend-v5/** assets,docs/references/beraito-exact-frontend-v5/assets/wsb-media/H30-50x50.jpg,file,ARCHIVE_CANDIDATE,docs/archive/references/beraito-exact-frontend-v5/assets/wsb-media/H30-50x50.jpg,,TRUE,D
docs/references/beraito-exact-frontend-v5/** assets,docs/references/beraito-exact-frontend-v5/assets/wsb-media/H30-600x600.jpg,file,ARCHIVE_CANDIDATE,docs/archive/references/beraito-exact-frontend-v5/assets/wsb-media/H30-600x600.jpg,,TRUE,D
docs/references/beraito-exact-frontend-v5/** assets,docs/references/beraito-exact-frontend-v5/assets/wsb-media/H30-768x768.jpg,file,ARCHIVE_CANDIDATE,docs/archive/references/beraito-exact-frontend-v5/assets/wsb-media/H30-768x768.jpg,,TRUE,D
docs/references/beraito-exact-frontend-v5/** assets,docs/references/beraito-exact-frontend-v5/assets/wsb-media/H30.jpg,file,ARCHIVE_CANDIDATE,docs/archive/references/beraito-exact-frontend-v5/assets/wsb-media/H30.jpg,,TRUE,D
docs/references/beraito-exact-frontend-v5/** assets,docs/references/beraito-exact-frontend-v5/assets/wsb-media/IMG_20210829_190445_079-100x100.jpg,file,ARCHIVE_CANDIDATE,docs/archive/references/beraito-exact-frontend-v5/assets/wsb-media/IMG_20210829_190445_079-100x100.jpg,,TRUE,D
docs/references/beraito-exact-frontend-v5/** assets,docs/references/beraito-exact-frontend-v5/assets/wsb-media/IMG_20210829_190445_079-150x150.jpg,file,ARCHIVE_CANDIDATE,docs/archive/references/beraito-exact-frontend-v5/assets/wsb-media/IMG_20210829_190445_079-150x150.jpg,,TRUE,D
docs/references/beraito-exact-frontend-v5/** assets,docs/references/beraito-exact-frontend-v5/assets/wsb-media/IMG_20210829_190445_079-20x20.jpg,file,ARCHIVE_CANDIDATE,docs/archive/references/beraito-exact-frontend-v5/assets/wsb-media/IMG_20210829_190445_079-20x20.jpg,,TRUE,D
docs/references/beraito-exact-frontend-v5/** assets,docs/references/beraito-exact-frontend-v5/assets/wsb-media/IMG_20210829_190445_079-300x300.jpg,file,ARCHIVE_CANDIDATE,docs/archive/references/beraito-exact-frontend-v5/assets/wsb-media/IMG_20210829_190445_079-300x300.jpg,,TRUE,D
docs/references/beraito-exact-frontend-v5/** assets,docs/references/beraito-exact-frontend-v5/assets/wsb-media/IMG_20210829_190445_079-30x30.jpg,file,ARCHIVE_CANDIDATE,docs/archive/references/beraito-exact-frontend-v5/assets/wsb-media/IMG_20210829_190445_079-30x30.jpg,,TRUE,D
docs/references/beraito-exact-frontend-v5/** assets,docs/references/beraito-exact-frontend-v5/assets/wsb-media/IMG_20210829_190445_079-40x40.jpg,file,ARCHIVE_CANDIDATE,docs/archive/references/beraito-exact-frontend-v5/assets/wsb-media/IMG_20210829_190445_079-40x40.jpg,,TRUE,D
docs/references/beraito-exact-frontend-v5/** assets,docs/references/beraito-exact-frontend-v5/assets/wsb-media/IMG_20210829_190445_079.jpg,file,ARCHIVE_CANDIDATE,docs/archive/references/beraito-exact-frontend-v5/assets/wsb-media/IMG_20210829_190445_079.jpg,,TRUE,D
docs/references/beraito-exact-frontend-v5/** assets,docs/references/beraito-exact-frontend-v5/assets/wsb-media/IMG_20210829_190503_277-100x100.jpg,file,ARCHIVE_CANDIDATE,docs/archive/references/beraito-exact-frontend-v5/assets/wsb-media/IMG_20210829_190503_277-100x100.jpg,,TRUE,D
docs/references/beraito-exact-frontend-v5/** assets,docs/references/beraito-exact-frontend-v5/assets/wsb-media/IMG_20210829_190503_277-150x150.jpg,file,ARCHIVE_CANDIDATE,docs/archive/references/beraito-exact-frontend-v5/assets/wsb-media/IMG_20210829_190503_277-150x150.jpg,,TRUE,D
docs/references/beraito-exact-frontend-v5/** assets,docs/references/beraito-exact-frontend-v5/assets/wsb-media/IMG_20210829_190503_277-20x20.jpg,file,ARCHIVE_CANDIDATE,docs/archive/references/beraito-exact-frontend-v5/assets/wsb-media/IMG_20210829_190503_277-20x20.jpg,,TRUE,D
docs/references/beraito-exact-frontend-v5/** assets,docs/references/beraito-exact-frontend-v5/assets/wsb-media/IMG_20210829_190503_277-30x30.jpg,file,ARCHIVE_CANDIDATE,docs/archive/references/beraito-exact-frontend-v5/assets/wsb-media/IMG_20210829_190503_277-30x30.jpg,,TRUE,D
docs/references/beraito-exact-frontend-v5/** assets,docs/references/beraito-exact-frontend-v5/assets/wsb-media/IMG_20210829_190503_277-40x40.jpg,file,ARCHIVE_CANDIDATE,docs/archive/references/beraito-exact-frontend-v5/assets/wsb-media/IMG_20210829_190503_277-40x40.jpg,,TRUE,D
docs/references/beraito-exact-frontend-v5/** assets,docs/references/beraito-exact-frontend-v5/assets/wsb-media/IMG_20210829_190503_277-600x600.jpg,file,ARCHIVE_CANDIDATE,docs/archive/references/beraito-exact-frontend-v5/assets/wsb-media/IMG_20210829_190503_277-600x600.jpg,,TRUE,D
docs/references/beraito-exact-frontend-v5/** assets,docs/references/beraito-exact-frontend-v5/assets/wsb-media/IMG_20210829_190503_277.jpg,file,ARCHIVE_CANDIDATE,docs/archive/references/beraito-exact-frontend-v5/assets/wsb-media/IMG_20210829_190503_277.jpg,,TRUE,D
docs/references/beraito-exact-frontend-v5/** assets,docs/references/beraito-exact-frontend-v5/assets/wsb-media/IMG_20210829_190900_040-100x100.jpg,file,ARCHIVE_CANDIDATE,docs/archive/references/beraito-exact-frontend-v5/assets/wsb-media/IMG_20210829_190900_040-100x100.jpg,,TRUE,D
docs/references/beraito-exact-frontend-v5/** assets,docs/references/beraito-exact-frontend-v5/assets/wsb-media/IMG_20210829_190900_040-150x150.jpg,file,ARCHIVE_CANDIDATE,docs/archive/references/beraito-exact-frontend-v5/assets/wsb-media/IMG_20210829_190900_040-150x150.jpg,,TRUE,D
docs/references/beraito-exact-frontend-v5/** assets,docs/references/beraito-exact-frontend-v5/assets/wsb-media/IMG_20210829_190900_040-20x20.jpg,file,ARCHIVE_CANDIDATE,docs/archive/references/beraito-exact-frontend-v5/assets/wsb-media/IMG_20210829_190900_040-20x20.jpg,,TRUE,D
docs/references/beraito-exact-frontend-v5/** assets,docs/references/beraito-exact-frontend-v5/assets/wsb-media/IMG_20210829_190900_040-300x300.jpg,file,ARCHIVE_CANDIDATE,docs/archive/references/beraito-exact-frontend-v5/assets/wsb-media/IMG_20210829_190900_040-300x300.jpg,,TRUE,D
docs/references/beraito-exact-frontend-v5/** assets,docs/references/beraito-exact-frontend-v5/assets/wsb-media/IMG_20210829_190900_040-30x30.jpg,file,ARCHIVE_CANDIDATE,docs/archive/references/beraito-exact-frontend-v5/assets/wsb-media/IMG_20210829_190900_040-30x30.jpg,,TRUE,D
docs/references/beraito-exact-frontend-v5/** assets,docs/references/beraito-exact-frontend-v5/assets/wsb-media/IMG_20210829_190900_040-40x40.jpg,file,ARCHIVE_CANDIDATE,docs/archive/references/beraito-exact-frontend-v5/assets/wsb-media/IMG_20210829_190900_040-40x40.jpg,,TRUE,D
docs/references/beraito-exact-frontend-v5/** assets,docs/references/beraito-exact-frontend-v5/assets/wsb-media/IMG_20210829_190900_040.jpg,file,ARCHIVE_CANDIDATE,docs/archive/references/beraito-exact-frontend-v5/assets/wsb-media/IMG_20210829_190900_040.jpg,,TRUE,D
docs/references/beraito-exact-frontend-v5/** assets,docs/references/beraito-exact-frontend-v5/assets/wsb-media/IMG_20210829_204114_284-100x100.jpg,file,ARCHIVE_CANDIDATE,docs/archive/references/beraito-exact-frontend-v5/assets/wsb-media/IMG_20210829_204114_284-100x100.jpg,,TRUE,D
docs/references/beraito-exact-frontend-v5/** assets,docs/references/beraito-exact-frontend-v5/assets/wsb-media/IMG_20210829_204114_284-150x150.jpg,file,ARCHIVE_CANDIDATE,docs/archive/references/beraito-exact-frontend-v5/assets/wsb-media/IMG_20210829_204114_284-150x150.jpg,,TRUE,D
docs/references/beraito-exact-frontend-v5/** assets,docs/references/beraito-exact-frontend-v5/assets/wsb-media/IMG_20210829_204114_284-20x20.jpg,file,ARCHIVE_CANDIDATE,docs/archive/references/beraito-exact-frontend-v5/assets/wsb-media/IMG_20210829_204114_284-20x20.jpg,,TRUE,D
docs/references/beraito-exact-frontend-v5/** assets,docs/references/beraito-exact-frontend-v5/assets/wsb-media/IMG_20210829_204114_284-30x30.jpg,file,ARCHIVE_CANDIDATE,docs/archive/references/beraito-exact-frontend-v5/assets/wsb-media/IMG_20210829_204114_284-30x30.jpg,,TRUE,D
docs/references/beraito-exact-frontend-v5/** assets,docs/references/beraito-exact-frontend-v5/assets/wsb-media/IMG_20210829_204114_284-40x40.jpg,file,ARCHIVE_CANDIDATE,docs/archive/references/beraito-exact-frontend-v5/assets/wsb-media/IMG_20210829_204114_284-40x40.jpg,,TRUE,D
docs/references/beraito-exact-frontend-v5/** assets,docs/references/beraito-exact-frontend-v5/assets/wsb-media/IMG_20210829_204114_284-600x600.jpg,file,ARCHIVE_CANDIDATE,docs/archive/references/beraito-exact-frontend-v5/assets/wsb-media/IMG_20210829_204114_284-600x600.jpg,,TRUE,D
docs/references/beraito-exact-frontend-v5/** assets,docs/references/beraito-exact-frontend-v5/assets/wsb-media/IMG_20210829_204114_284.jpg,file,ARCHIVE_CANDIDATE,docs/archive/references/beraito-exact-frontend-v5/assets/wsb-media/IMG_20210829_204114_284.jpg,,TRUE,D
docs/references/beraito-exact-frontend-v5/** assets,docs/references/beraito-exact-frontend-v5/assets/wsb-media/IMG_20210918_201852_227-100x100.jpg,file,ARCHIVE_CANDIDATE,docs/archive/references/beraito-exact-frontend-v5/assets/wsb-media/IMG_20210918_201852_227-100x100.jpg,,TRUE,D
docs/references/beraito-exact-frontend-v5/** assets,docs/references/beraito-exact-frontend-v5/assets/wsb-media/IMG_20210918_201852_227-150x150.jpg,file,ARCHIVE_CANDIDATE,docs/archive/references/beraito-exact-frontend-v5/assets/wsb-media/IMG_20210918_201852_227-150x150.jpg,,TRUE,D
docs/references/beraito-exact-frontend-v5/** assets,docs/references/beraito-exact-frontend-v5/assets/wsb-media/IMG_20210918_201852_227-20x20.jpg,file,ARCHIVE_CANDIDATE,docs/archive/references/beraito-exact-frontend-v5/assets/wsb-media/IMG_20210918_201852_227-20x20.jpg,,TRUE,D
docs/references/beraito-exact-frontend-v5/** assets,docs/references/beraito-exact-frontend-v5/assets/wsb-media/IMG_20210918_201852_227-300x300.jpg,file,ARCHIVE_CANDIDATE,docs/archive/references/beraito-exact-frontend-v5/assets/wsb-media/IMG_20210918_201852_227-300x300.jpg,,TRUE,D
docs/references/beraito-exact-frontend-v5/** assets,docs/references/beraito-exact-frontend-v5/assets/wsb-media/IMG_20210918_201852_227-30x30.jpg,file,ARCHIVE_CANDIDATE,docs/archive/references/beraito-exact-frontend-v5/assets/wsb-media/IMG_20210918_201852_227-30x30.jpg,,TRUE,D
docs/references/beraito-exact-frontend-v5/** assets,docs/references/beraito-exact-frontend-v5/assets/wsb-media/IMG_20210918_201852_227-40x40.jpg,file,ARCHIVE_CANDIDATE,docs/archive/references/beraito-exact-frontend-v5/assets/wsb-media/IMG_20210918_201852_227-40x40.jpg,,TRUE,D
docs/references/beraito-exact-frontend-v5/** assets,docs/references/beraito-exact-frontend-v5/assets/wsb-media/IMG_20210918_201852_227.jpg,file,ARCHIVE_CANDIDATE,docs/archive/references/beraito-exact-frontend-v5/assets/wsb-media/IMG_20210918_201852_227.jpg,,TRUE,D
docs/references/beraito-exact-frontend-v5/** assets,docs/references/beraito-exact-frontend-v5/assets/wsb-media/IMG_20211011_225027_832-100x100.jpg,file,ARCHIVE_CANDIDATE,docs/archive/references/beraito-exact-frontend-v5/assets/wsb-media/IMG_20211011_225027_832-100x100.jpg,,TRUE,D
docs/references/beraito-exact-frontend-v5/** assets,docs/references/beraito-exact-frontend-v5/assets/wsb-media/IMG_20211011_225027_832-150x150.jpg,file,ARCHIVE_CANDIDATE,docs/archive/references/beraito-exact-frontend-v5/assets/wsb-media/IMG_20211011_225027_832-150x150.jpg,,TRUE,D
docs/references/beraito-exact-frontend-v5/** assets,docs/references/beraito-exact-frontend-v5/assets/wsb-media/IMG_20211011_225027_832-20x20.jpg,file,ARCHIVE_CANDIDATE,docs/archive/references/beraito-exact-frontend-v5/assets/wsb-media/IMG_20211011_225027_832-20x20.jpg,,TRUE,D
docs/references/beraito-exact-frontend-v5/** assets,docs/references/beraito-exact-frontend-v5/assets/wsb-media/IMG_20211011_225027_832-30x30.jpg,file,ARCHIVE_CANDIDATE,docs/archive/references/beraito-exact-frontend-v5/assets/wsb-media/IMG_20211011_225027_832-30x30.jpg,,TRUE,D
docs/references/beraito-exact-frontend-v5/** assets,docs/references/beraito-exact-frontend-v5/assets/wsb-media/IMG_20211011_225027_832-40x40.jpg,file,ARCHIVE_CANDIDATE,docs/archive/references/beraito-exact-frontend-v5/assets/wsb-media/IMG_20211011_225027_832-40x40.jpg,,TRUE,D
docs/references/beraito-exact-frontend-v5/** assets,docs/references/beraito-exact-frontend-v5/assets/wsb-media/IMG_20211011_225027_832-600x600.jpg,file,ARCHIVE_CANDIDATE,docs/archive/references/beraito-exact-frontend-v5/assets/wsb-media/IMG_20211011_225027_832-600x600.jpg,,TRUE,D
docs/references/beraito-exact-frontend-v5/** assets,docs/references/beraito-exact-frontend-v5/assets/wsb-media/IMG_20211011_225027_832.jpg,file,ARCHIVE_CANDIDATE,docs/archive/references/beraito-exact-frontend-v5/assets/wsb-media/IMG_20211011_225027_832.jpg,,TRUE,D
docs/references/beraito-exact-frontend-v5/** assets,docs/references/beraito-exact-frontend-v5/assets/wsb-media/IMG_20211011_225031_386-100x100.jpg,file,ARCHIVE_CANDIDATE,docs/archive/references/beraito-exact-frontend-v5/assets/wsb-media/IMG_20211011_225031_386-100x100.jpg,,TRUE,D
docs/references/beraito-exact-frontend-v5/** assets,docs/references/beraito-exact-frontend-v5/assets/wsb-media/IMG_20211011_225031_386-150x150.jpg,file,ARCHIVE_CANDIDATE,docs/archive/references/beraito-exact-frontend-v5/assets/wsb-media/IMG_20211011_225031_386-150x150.jpg,,TRUE,D
docs/references/beraito-exact-frontend-v5/** assets,docs/references/beraito-exact-frontend-v5/assets/wsb-media/IMG_20211011_225031_386-20x20.jpg,file,ARCHIVE_CANDIDATE,docs/archive/references/beraito-exact-frontend-v5/assets/wsb-media/IMG_20211011_225031_386-20x20.jpg,,TRUE,D
docs/references/beraito-exact-frontend-v5/** assets,docs/references/beraito-exact-frontend-v5/assets/wsb-media/IMG_20211011_225031_386-300x300.jpg,file,ARCHIVE_CANDIDATE,docs/archive/references/beraito-exact-frontend-v5/assets/wsb-media/IMG_20211011_225031_386-300x300.jpg,,TRUE,D
docs/references/beraito-exact-frontend-v5/** assets,docs/references/beraito-exact-frontend-v5/assets/wsb-media/IMG_20211011_225031_386-30x30.jpg,file,ARCHIVE_CANDIDATE,docs/archive/references/beraito-exact-frontend-v5/assets/wsb-media/IMG_20211011_225031_386-30x30.jpg,,TRUE,D
docs/references/beraito-exact-frontend-v5/** assets,docs/references/beraito-exact-frontend-v5/assets/wsb-media/IMG_20211011_225031_386-40x40.jpg,file,ARCHIVE_CANDIDATE,docs/archive/references/beraito-exact-frontend-v5/assets/wsb-media/IMG_20211011_225031_386-40x40.jpg,,TRUE,D
docs/references/beraito-exact-frontend-v5/** assets,docs/references/beraito-exact-frontend-v5/assets/wsb-media/IMG_20211011_225031_386.jpg,file,ARCHIVE_CANDIDATE,docs/archive/references/beraito-exact-frontend-v5/assets/wsb-media/IMG_20211011_225031_386.jpg,,TRUE,D
docs/references/beraito-exact-frontend-v5/** assets,docs/references/beraito-exact-frontend-v5/assets/wsb-media/IMG_20240506_224108_002-100x100.webp,file,ARCHIVE_CANDIDATE,docs/archive/references/beraito-exact-frontend-v5/assets/wsb-media/IMG_20240506_224108_002-100x100.webp,,TRUE,D
docs/references/beraito-exact-frontend-v5/** assets,docs/references/beraito-exact-frontend-v5/assets/wsb-media/IMG_20240506_224108_002-150x150.webp,file,ARCHIVE_CANDIDATE,docs/archive/references/beraito-exact-frontend-v5/assets/wsb-media/IMG_20240506_224108_002-150x150.webp,,TRUE,D
docs/references/beraito-exact-frontend-v5/** assets,docs/references/beraito-exact-frontend-v5/assets/wsb-media/IMG_20240506_224108_002-300x300.webp,file,ARCHIVE_CANDIDATE,docs/archive/references/beraito-exact-frontend-v5/assets/wsb-media/IMG_20240506_224108_002-300x300.webp,,TRUE,D
docs/references/beraito-exact-frontend-v5/** assets,docs/references/beraito-exact-frontend-v5/assets/wsb-media/IMG_20240506_224108_002-50x50.webp,file,ARCHIVE_CANDIDATE,docs/archive/references/beraito-exact-frontend-v5/assets/wsb-media/IMG_20240506_224108_002-50x50.webp,,TRUE,D
docs/references/beraito-exact-frontend-v5/** assets,docs/references/beraito-exact-frontend-v5/assets/wsb-media/IMG_20240506_224108_002-600x600.webp,file,ARCHIVE_CANDIDATE,docs/archive/references/beraito-exact-frontend-v5/assets/wsb-media/IMG_20240506_224108_002-600x600.webp,,TRUE,D
docs/references/beraito-exact-frontend-v5/** assets,docs/references/beraito-exact-frontend-v5/assets/wsb-media/IMG_20240506_224108_002-768x768.webp,file,ARCHIVE_CANDIDATE,docs/archive/references/beraito-exact-frontend-v5/assets/wsb-media/IMG_20240506_224108_002-768x768.webp,,TRUE,D
docs/references/beraito-exact-frontend-v5/** assets,docs/references/beraito-exact-frontend-v5/assets/wsb-media/IMG_20240506_224108_002.webp,file,ARCHIVE_CANDIDATE,docs/archive/references/beraito-exact-frontend-v5/assets/wsb-media/IMG_20240506_224108_002.webp,,TRUE,D
docs/references/beraito-exact-frontend-v5/** assets,docs/references/beraito-exact-frontend-v5/assets/wsb-media/IMG_20240913_193948_210-100x100.webp,file,ARCHIVE_CANDIDATE,docs/archive/references/beraito-exact-frontend-v5/assets/wsb-media/IMG_20240913_193948_210-100x100.webp,,TRUE,D
docs/references/beraito-exact-frontend-v5/** assets,docs/references/beraito-exact-frontend-v5/assets/wsb-media/IMG_20240913_193948_210-150x150.webp,file,ARCHIVE_CANDIDATE,docs/archive/references/beraito-exact-frontend-v5/assets/wsb-media/IMG_20240913_193948_210-150x150.webp,,TRUE,D
docs/references/beraito-exact-frontend-v5/** assets,docs/references/beraito-exact-frontend-v5/assets/wsb-media/IMG_20240913_193948_210-300x300.webp,file,ARCHIVE_CANDIDATE,docs/archive/references/beraito-exact-frontend-v5/assets/wsb-media/IMG_20240913_193948_210-300x300.webp,,TRUE,D
docs/references/beraito-exact-frontend-v5/** assets,docs/references/beraito-exact-frontend-v5/assets/wsb-media/IMG_20240913_193948_210-50x50.webp,file,ARCHIVE_CANDIDATE,docs/archive/references/beraito-exact-frontend-v5/assets/wsb-media/IMG_20240913_193948_210-50x50.webp,,TRUE,D
docs/references/beraito-exact-frontend-v5/** assets,docs/references/beraito-exact-frontend-v5/assets/wsb-media/IMG_20240913_193948_210-600x600.webp,file,ARCHIVE_CANDIDATE,docs/archive/references/beraito-exact-frontend-v5/assets/wsb-media/IMG_20240913_193948_210-600x600.webp,,TRUE,D
docs/references/beraito-exact-frontend-v5/** assets,docs/references/beraito-exact-frontend-v5/assets/wsb-media/IMG_20240913_193948_210-768x768.webp,file,ARCHIVE_CANDIDATE,docs/archive/references/beraito-exact-frontend-v5/assets/wsb-media/IMG_20240913_193948_210-768x768.webp,,TRUE,D
docs/references/beraito-exact-frontend-v5/** assets,docs/references/beraito-exact-frontend-v5/assets/wsb-media/IMG_20240913_193948_210.webp,file,ARCHIVE_CANDIDATE,docs/archive/references/beraito-exact-frontend-v5/assets/wsb-media/IMG_20240913_193948_210.webp,,TRUE,D
docs/references/beraito-exact-frontend-v5/** assets,docs/references/beraito-exact-frontend-v5/assets/wsb-media/NB-606-SHFA-2-100x100.jpg,file,ARCHIVE_CANDIDATE,docs/archive/references/beraito-exact-frontend-v5/assets/wsb-media/NB-606-SHFA-2-100x100.jpg,,TRUE,D
docs/references/beraito-exact-frontend-v5/** assets,docs/references/beraito-exact-frontend-v5/assets/wsb-media/NB-606-SHFA-2-150x150.jpg,file,ARCHIVE_CANDIDATE,docs/archive/references/beraito-exact-frontend-v5/assets/wsb-media/NB-606-SHFA-2-150x150.jpg,,TRUE,D
docs/references/beraito-exact-frontend-v5/** assets,docs/references/beraito-exact-frontend-v5/assets/wsb-media/NB-606-SHFA-2-20x20.jpg,file,ARCHIVE_CANDIDATE,docs/archive/references/beraito-exact-frontend-v5/assets/wsb-media/NB-606-SHFA-2-20x20.jpg,,TRUE,D
docs/references/beraito-exact-frontend-v5/** assets,docs/references/beraito-exact-frontend-v5/assets/wsb-media/NB-606-SHFA-2-300x300.jpg,file,ARCHIVE_CANDIDATE,docs/archive/references/beraito-exact-frontend-v5/assets/wsb-media/NB-606-SHFA-2-300x300.jpg,,TRUE,D
docs/references/beraito-exact-frontend-v5/** assets,docs/references/beraito-exact-frontend-v5/assets/wsb-media/NB-606-SHFA-2-30x30.jpg,file,ARCHIVE_CANDIDATE,docs/archive/references/beraito-exact-frontend-v5/assets/wsb-media/NB-606-SHFA-2-30x30.jpg,,TRUE,D
docs/references/beraito-exact-frontend-v5/** assets,docs/references/beraito-exact-frontend-v5/assets/wsb-media/NB-606-SHFA-2-40x40.jpg,file,ARCHIVE_CANDIDATE,docs/archive/references/beraito-exact-frontend-v5/assets/wsb-media/NB-606-SHFA-2-40x40.jpg,,TRUE,D
docs/references/beraito-exact-frontend-v5/** assets,docs/references/beraito-exact-frontend-v5/assets/wsb-media/NB-606-SHFA-2.jpg,file,ARCHIVE_CANDIDATE,docs/archive/references/beraito-exact-frontend-v5/assets/wsb-media/NB-606-SHFA-2.jpg,,TRUE,D
docs/references/beraito-exact-frontend-v5/** assets,docs/references/beraito-exact-frontend-v5/assets/wsb-media/NLOL-100x100.webp,file,ARCHIVE_CANDIDATE,docs/archive/references/beraito-exact-frontend-v5/assets/wsb-media/NLOL-100x100.webp,,TRUE,D
docs/references/beraito-exact-frontend-v5/** assets,docs/references/beraito-exact-frontend-v5/assets/wsb-media/NLOL-150x150.webp,file,ARCHIVE_CANDIDATE,docs/archive/references/beraito-exact-frontend-v5/assets/wsb-media/NLOL-150x150.webp,,TRUE,D
docs/references/beraito-exact-frontend-v5/** assets,docs/references/beraito-exact-frontend-v5/assets/wsb-media/NLOL-300x300.webp,file,ARCHIVE_CANDIDATE,docs/archive/references/beraito-exact-frontend-v5/assets/wsb-media/NLOL-300x300.webp,,TRUE,D
docs/references/beraito-exact-frontend-v5/** assets,docs/references/beraito-exact-frontend-v5/assets/wsb-media/NLOL-50x50.webp,file,ARCHIVE_CANDIDATE,docs/archive/references/beraito-exact-frontend-v5/assets/wsb-media/NLOL-50x50.webp,,TRUE,D
docs/references/beraito-exact-frontend-v5/** assets,docs/references/beraito-exact-frontend-v5/assets/wsb-media/NLOL-768x768.webp,file,ARCHIVE_CANDIDATE,docs/archive/references/beraito-exact-frontend-v5/assets/wsb-media/NLOL-768x768.webp,,TRUE,D
docs/references/beraito-exact-frontend-v5/** assets,docs/references/beraito-exact-frontend-v5/assets/wsb-media/NLOL.webp,file,ARCHIVE_CANDIDATE,docs/archive/references/beraito-exact-frontend-v5/assets/wsb-media/NLOL.webp,,TRUE,D
docs/references/beraito-exact-frontend-v5/** assets,docs/references/beraito-exact-frontend-v5/assets/wsb-media/O6DSUQx6Ex253412-100x100.jpg,file,ARCHIVE_CANDIDATE,docs/archive/references/beraito-exact-frontend-v5/assets/wsb-media/O6DSUQx6Ex253412-100x100.jpg,,TRUE,D
docs/references/beraito-exact-frontend-v5/** assets,docs/references/beraito-exact-frontend-v5/assets/wsb-media/O6DSUQx6Ex253412-150x150.jpg,file,ARCHIVE_CANDIDATE,docs/archive/references/beraito-exact-frontend-v5/assets/wsb-media/O6DSUQx6Ex253412-150x150.jpg,,TRUE,D
docs/references/beraito-exact-frontend-v5/** assets,docs/references/beraito-exact-frontend-v5/assets/wsb-media/O6DSUQx6Ex253412-20x20.jpg,file,ARCHIVE_CANDIDATE,docs/archive/references/beraito-exact-frontend-v5/assets/wsb-media/O6DSUQx6Ex253412-20x20.jpg,,TRUE,D
docs/references/beraito-exact-frontend-v5/** assets,docs/references/beraito-exact-frontend-v5/assets/wsb-media/O6DSUQx6Ex253412-300x300.jpg,file,ARCHIVE_CANDIDATE,docs/archive/references/beraito-exact-frontend-v5/assets/wsb-media/O6DSUQx6Ex253412-300x300.jpg,,TRUE,D
docs/references/beraito-exact-frontend-v5/** assets,docs/references/beraito-exact-frontend-v5/assets/wsb-media/O6DSUQx6Ex253412-30x30.jpg,file,ARCHIVE_CANDIDATE,docs/archive/references/beraito-exact-frontend-v5/assets/wsb-media/O6DSUQx6Ex253412-30x30.jpg,,TRUE,D
docs/references/beraito-exact-frontend-v5/** assets,docs/references/beraito-exact-frontend-v5/assets/wsb-media/O6DSUQx6Ex253412-40x40.jpg,file,ARCHIVE_CANDIDATE,docs/archive/references/beraito-exact-frontend-v5/assets/wsb-media/O6DSUQx6Ex253412-40x40.jpg,,TRUE,D
docs/references/beraito-exact-frontend-v5/** assets,docs/references/beraito-exact-frontend-v5/assets/wsb-media/O6DSUQx6Ex253412.jpg,file,ARCHIVE_CANDIDATE,docs/archive/references/beraito-exact-frontend-v5/assets/wsb-media/O6DSUQx6Ex253412.jpg,,TRUE,D
docs/references/beraito-exact-frontend-v5/** assets,docs/references/beraito-exact-frontend-v5/assets/wsb-media/O6DSUQx6Ex253421-100x100.jpg,file,ARCHIVE_CANDIDATE,docs/archive/references/beraito-exact-frontend-v5/assets/wsb-media/O6DSUQx6Ex253421-100x100.jpg,,TRUE,D
docs/references/beraito-exact-frontend-v5/** assets,docs/references/beraito-exact-frontend-v5/assets/wsb-media/O6DSUQx6Ex253421-150x150.jpg,file,ARCHIVE_CANDIDATE,docs/archive/references/beraito-exact-frontend-v5/assets/wsb-media/O6DSUQx6Ex253421-150x150.jpg,,TRUE,D
docs/references/beraito-exact-frontend-v5/** assets,docs/references/beraito-exact-frontend-v5/assets/wsb-media/O6DSUQx6Ex253421-20x20.jpg,file,ARCHIVE_CANDIDATE,docs/archive/references/beraito-exact-frontend-v5/assets/wsb-media/O6DSUQx6Ex253421-20x20.jpg,,TRUE,D
docs/references/beraito-exact-frontend-v5/** assets,docs/references/beraito-exact-frontend-v5/assets/wsb-media/O6DSUQx6Ex253421-30x30.jpg,file,ARCHIVE_CANDIDATE,docs/archive/references/beraito-exact-frontend-v5/assets/wsb-media/O6DSUQx6Ex253421-30x30.jpg,,TRUE,D
docs/references/beraito-exact-frontend-v5/** assets,docs/references/beraito-exact-frontend-v5/assets/wsb-media/O6DSUQx6Ex253421-40x40.jpg,file,ARCHIVE_CANDIDATE,docs/archive/references/beraito-exact-frontend-v5/assets/wsb-media/O6DSUQx6Ex253421-40x40.jpg,,TRUE,D
docs/references/beraito-exact-frontend-v5/** assets,docs/references/beraito-exact-frontend-v5/assets/wsb-media/O6DSUQx6Ex253421-600x600.jpg,file,ARCHIVE_CANDIDATE,docs/archive/references/beraito-exact-frontend-v5/assets/wsb-media/O6DSUQx6Ex253421-600x600.jpg,,TRUE,D
docs/references/beraito-exact-frontend-v5/** assets,docs/references/beraito-exact-frontend-v5/assets/wsb-media/O6DSUQx6Ex253421.jpg,file,ARCHIVE_CANDIDATE,docs/archive/references/beraito-exact-frontend-v5/assets/wsb-media/O6DSUQx6Ex253421.jpg,,TRUE,D
docs/references/beraito-exact-frontend-v5/** assets,docs/references/beraito-exact-frontend-v5/assets/wsb-media/R3aRNjTTv6253412-100x100.jpg,file,ARCHIVE_CANDIDATE,docs/archive/references/beraito-exact-frontend-v5/assets/wsb-media/R3aRNjTTv6253412-100x100.jpg,,TRUE,D
docs/references/beraito-exact-frontend-v5/** assets,docs/references/beraito-exact-frontend-v5/assets/wsb-media/R3aRNjTTv6253412-150x150.jpg,file,ARCHIVE_CANDIDATE,docs/archive/references/beraito-exact-frontend-v5/assets/wsb-media/R3aRNjTTv6253412-150x150.jpg,,TRUE,D
docs/references/beraito-exact-frontend-v5/** assets,docs/references/beraito-exact-frontend-v5/assets/wsb-media/R3aRNjTTv6253412-20x20.jpg,file,ARCHIVE_CANDIDATE,docs/archive/references/beraito-exact-frontend-v5/assets/wsb-media/R3aRNjTTv6253412-20x20.jpg,,TRUE,D
docs/references/beraito-exact-frontend-v5/** assets,docs/references/beraito-exact-frontend-v5/assets/wsb-media/R3aRNjTTv6253412-300x300.jpg,file,ARCHIVE_CANDIDATE,docs/archive/references/beraito-exact-frontend-v5/assets/wsb-media/R3aRNjTTv6253412-300x300.jpg,,TRUE,D
docs/references/beraito-exact-frontend-v5/** assets,docs/references/beraito-exact-frontend-v5/assets/wsb-media/R3aRNjTTv6253412-30x30.jpg,file,ARCHIVE_CANDIDATE,docs/archive/references/beraito-exact-frontend-v5/assets/wsb-media/R3aRNjTTv6253412-30x30.jpg,,TRUE,D
docs/references/beraito-exact-frontend-v5/** assets,docs/references/beraito-exact-frontend-v5/assets/wsb-media/R3aRNjTTv6253412-40x40.jpg,file,ARCHIVE_CANDIDATE,docs/archive/references/beraito-exact-frontend-v5/assets/wsb-media/R3aRNjTTv6253412-40x40.jpg,,TRUE,D
docs/references/beraito-exact-frontend-v5/** assets,docs/references/beraito-exact-frontend-v5/assets/wsb-media/R3aRNjTTv6253412.jpg,file,ARCHIVE_CANDIDATE,docs/archive/references/beraito-exact-frontend-v5/assets/wsb-media/R3aRNjTTv6253412.jpg,,TRUE,D
docs/references/beraito-exact-frontend-v5/** assets,docs/references/beraito-exact-frontend-v5/assets/wsb-media/R3aRNjTTv6253421-100x100.jpg,file,ARCHIVE_CANDIDATE,docs/archive/references/beraito-exact-frontend-v5/assets/wsb-media/R3aRNjTTv6253421-100x100.jpg,,TRUE,D
docs/references/beraito-exact-frontend-v5/** assets,docs/references/beraito-exact-frontend-v5/assets/wsb-media/R3aRNjTTv6253421-150x150.jpg,file,ARCHIVE_CANDIDATE,docs/archive/references/beraito-exact-frontend-v5/assets/wsb-media/R3aRNjTTv6253421-150x150.jpg,,TRUE,D
docs/references/beraito-exact-frontend-v5/** assets,docs/references/beraito-exact-frontend-v5/assets/wsb-media/R3aRNjTTv6253421-20x20.jpg,file,ARCHIVE_CANDIDATE,docs/archive/references/beraito-exact-frontend-v5/assets/wsb-media/R3aRNjTTv6253421-20x20.jpg,,TRUE,D
docs/references/beraito-exact-frontend-v5/** assets,docs/references/beraito-exact-frontend-v5/assets/wsb-media/R3aRNjTTv6253421-30x30.jpg,file,ARCHIVE_CANDIDATE,docs/archive/references/beraito-exact-frontend-v5/assets/wsb-media/R3aRNjTTv6253421-30x30.jpg,,TRUE,D
docs/references/beraito-exact-frontend-v5/** assets,docs/references/beraito-exact-frontend-v5/assets/wsb-media/R3aRNjTTv6253421-40x40.jpg,file,ARCHIVE_CANDIDATE,docs/archive/references/beraito-exact-frontend-v5/assets/wsb-media/R3aRNjTTv6253421-40x40.jpg,,TRUE,D
docs/references/beraito-exact-frontend-v5/** assets,docs/references/beraito-exact-frontend-v5/assets/wsb-media/R3aRNjTTv6253421-600x600.jpg,file,ARCHIVE_CANDIDATE,docs/archive/references/beraito-exact-frontend-v5/assets/wsb-media/R3aRNjTTv6253421-600x600.jpg,,TRUE,D
docs/references/beraito-exact-frontend-v5/** assets,docs/references/beraito-exact-frontend-v5/assets/wsb-media/R3aRNjTTv6253421.jpg,file,ARCHIVE_CANDIDATE,docs/archive/references/beraito-exact-frontend-v5/assets/wsb-media/R3aRNjTTv6253421.jpg,,TRUE,D
docs/references/beraito-exact-frontend-v5/** assets,docs/references/beraito-exact-frontend-v5/assets/wsb-media/SPIDER-100x100.webp,file,ARCHIVE_CANDIDATE,docs/archive/references/beraito-exact-frontend-v5/assets/wsb-media/SPIDER-100x100.webp,,TRUE,D
docs/references/beraito-exact-frontend-v5/** assets,docs/references/beraito-exact-frontend-v5/assets/wsb-media/SPIDER-150x150.webp,file,ARCHIVE_CANDIDATE,docs/archive/references/beraito-exact-frontend-v5/assets/wsb-media/SPIDER-150x150.webp,,TRUE,D
docs/references/beraito-exact-frontend-v5/** assets,docs/references/beraito-exact-frontend-v5/assets/wsb-media/SPIDER-300x300.webp,file,ARCHIVE_CANDIDATE,docs/archive/references/beraito-exact-frontend-v5/assets/wsb-media/SPIDER-300x300.webp,,TRUE,D
docs/references/beraito-exact-frontend-v5/** assets,docs/references/beraito-exact-frontend-v5/assets/wsb-media/SPIDER-50x50.webp,file,ARCHIVE_CANDIDATE,docs/archive/references/beraito-exact-frontend-v5/assets/wsb-media/SPIDER-50x50.webp,,TRUE,D
docs/references/beraito-exact-frontend-v5/** assets,docs/references/beraito-exact-frontend-v5/assets/wsb-media/SPIDER-768x768.webp,file,ARCHIVE_CANDIDATE,docs/archive/references/beraito-exact-frontend-v5/assets/wsb-media/SPIDER-768x768.webp,,TRUE,D
docs/references/beraito-exact-frontend-v5/** assets,docs/references/beraito-exact-frontend-v5/assets/wsb-media/SPIDER.webp,file,ARCHIVE_CANDIDATE,docs/archive/references/beraito-exact-frontend-v5/assets/wsb-media/SPIDER.webp,,TRUE,D
docs/references/beraito-exact-frontend-v5/** assets,docs/references/beraito-exact-frontend-v5/assets/wsb-media/Screenshot-2024-08-06-at-11.00.481.webp,file,ARCHIVE_CANDIDATE,docs/archive/references/beraito-exact-frontend-v5/assets/wsb-media/Screenshot-2024-08-06-at-11.00.481.webp,,TRUE,D
docs/references/beraito-exact-frontend-v5/** assets,docs/references/beraito-exact-frontend-v5/assets/wsb-media/The-effect-of-stationery-on-increasing-creativity-100x100.webp,file,ARCHIVE_CANDIDATE,docs/archive/references/beraito-exact-frontend-v5/assets/wsb-media/The-effect-of-stationery-on-increasing-creativity-100x100.webp,,TRUE,D
docs/references/beraito-exact-frontend-v5/** assets,docs/references/beraito-exact-frontend-v5/assets/wsb-media/The-effect-of-stationery-on-increasing-creativity-150x150.webp,file,ARCHIVE_CANDIDATE,docs/archive/references/beraito-exact-frontend-v5/assets/wsb-media/The-effect-of-stationery-on-increasing-creativity-150x150.webp,,TRUE,D
docs/references/beraito-exact-frontend-v5/** assets,docs/references/beraito-exact-frontend-v5/assets/wsb-media/The-effect-of-stationery-on-increasing-creativity-300x300.webp,file,ARCHIVE_CANDIDATE,docs/archive/references/beraito-exact-frontend-v5/assets/wsb-media/The-effect-of-stationery-on-increasing-creativity-300x300.webp,,TRUE,D
docs/references/beraito-exact-frontend-v5/** assets,docs/references/beraito-exact-frontend-v5/assets/wsb-media/The-effect-of-stationery-on-increasing-creativity-50x50.webp,file,ARCHIVE_CANDIDATE,docs/archive/references/beraito-exact-frontend-v5/assets/wsb-media/The-effect-of-stationery-on-increasing-creativity-50x50.webp,,TRUE,D
docs/references/beraito-exact-frontend-v5/** assets,docs/references/beraito-exact-frontend-v5/assets/wsb-media/UQkvs6URIm253421-100x100.jpg,file,ARCHIVE_CANDIDATE,docs/archive/references/beraito-exact-frontend-v5/assets/wsb-media/UQkvs6URIm253421-100x100.jpg,,TRUE,D
docs/references/beraito-exact-frontend-v5/** assets,docs/references/beraito-exact-frontend-v5/assets/wsb-media/UQkvs6URIm253421-150x150.jpg,file,ARCHIVE_CANDIDATE,docs/archive/references/beraito-exact-frontend-v5/assets/wsb-media/UQkvs6URIm253421-150x150.jpg,,TRUE,D
docs/references/beraito-exact-frontend-v5/** assets,docs/references/beraito-exact-frontend-v5/assets/wsb-media/UQkvs6URIm253421-20x20.jpg,file,ARCHIVE_CANDIDATE,docs/archive/references/beraito-exact-frontend-v5/assets/wsb-media/UQkvs6URIm253421-20x20.jpg,,TRUE,D
docs/references/beraito-exact-frontend-v5/** assets,docs/references/beraito-exact-frontend-v5/assets/wsb-media/UQkvs6URIm253421-30x30.jpg,file,ARCHIVE_CANDIDATE,docs/archive/references/beraito-exact-frontend-v5/assets/wsb-media/UQkvs6URIm253421-30x30.jpg,,TRUE,D
docs/references/beraito-exact-frontend-v5/** assets,docs/references/beraito-exact-frontend-v5/assets/wsb-media/UQkvs6URIm253421-40x40.jpg,file,ARCHIVE_CANDIDATE,docs/archive/references/beraito-exact-frontend-v5/assets/wsb-media/UQkvs6URIm253421-40x40.jpg,,TRUE,D
docs/references/beraito-exact-frontend-v5/** assets,docs/references/beraito-exact-frontend-v5/assets/wsb-media/UQkvs6URIm253421-600x600.jpg,file,ARCHIVE_CANDIDATE,docs/archive/references/beraito-exact-frontend-v5/assets/wsb-media/UQkvs6URIm253421-600x600.jpg,,TRUE,D
docs/references/beraito-exact-frontend-v5/** assets,docs/references/beraito-exact-frontend-v5/assets/wsb-media/UQkvs6URIm253421.jpg,file,ARCHIVE_CANDIDATE,docs/archive/references/beraito-exact-frontend-v5/assets/wsb-media/UQkvs6URIm253421.jpg,,TRUE,D
docs/references/beraito-exact-frontend-v5/** assets,docs/references/beraito-exact-frontend-v5/assets/wsb-media/UQkvs6URIm253422-100x100.jpg,file,ARCHIVE_CANDIDATE,docs/archive/references/beraito-exact-frontend-v5/assets/wsb-media/UQkvs6URIm253422-100x100.jpg,,TRUE,D
docs/references/beraito-exact-frontend-v5/** assets,docs/references/beraito-exact-frontend-v5/assets/wsb-media/UQkvs6URIm253422-150x150.jpg,file,ARCHIVE_CANDIDATE,docs/archive/references/beraito-exact-frontend-v5/assets/wsb-media/UQkvs6URIm253422-150x150.jpg,,TRUE,D
docs/references/beraito-exact-frontend-v5/** assets,docs/references/beraito-exact-frontend-v5/assets/wsb-media/UQkvs6URIm253422-20x20.jpg,file,ARCHIVE_CANDIDATE,docs/archive/references/beraito-exact-frontend-v5/assets/wsb-media/UQkvs6URIm253422-20x20.jpg,,TRUE,D
docs/references/beraito-exact-frontend-v5/** assets,docs/references/beraito-exact-frontend-v5/assets/wsb-media/UQkvs6URIm253422-300x300.jpg,file,ARCHIVE_CANDIDATE,docs/archive/references/beraito-exact-frontend-v5/assets/wsb-media/UQkvs6URIm253422-300x300.jpg,,TRUE,D
docs/references/beraito-exact-frontend-v5/** assets,docs/references/beraito-exact-frontend-v5/assets/wsb-media/UQkvs6URIm253422-30x30.jpg,file,ARCHIVE_CANDIDATE,docs/archive/references/beraito-exact-frontend-v5/assets/wsb-media/UQkvs6URIm253422-30x30.jpg,,TRUE,D
docs/references/beraito-exact-frontend-v5/** assets,docs/references/beraito-exact-frontend-v5/assets/wsb-media/UQkvs6URIm253422-40x40.jpg,file,ARCHIVE_CANDIDATE,docs/archive/references/beraito-exact-frontend-v5/assets/wsb-media/UQkvs6URIm253422-40x40.jpg,,TRUE,D
docs/references/beraito-exact-frontend-v5/** assets,docs/references/beraito-exact-frontend-v5/assets/wsb-media/UQkvs6URIm253422.jpg,file,ARCHIVE_CANDIDATE,docs/archive/references/beraito-exact-frontend-v5/assets/wsb-media/UQkvs6URIm253422.jpg,,TRUE,D
docs/references/beraito-exact-frontend-v5/** assets,docs/references/beraito-exact-frontend-v5/assets/wsb-media/Untitled-9-2-100x100.webp,file,ARCHIVE_CANDIDATE,docs/archive/references/beraito-exact-frontend-v5/assets/wsb-media/Untitled-9-2-100x100.webp,,TRUE,D
docs/references/beraito-exact-frontend-v5/** assets,docs/references/beraito-exact-frontend-v5/assets/wsb-media/Untitled-9-2-150x150.webp,file,ARCHIVE_CANDIDATE,docs/archive/references/beraito-exact-frontend-v5/assets/wsb-media/Untitled-9-2-150x150.webp,,TRUE,D
docs/references/beraito-exact-frontend-v5/** assets,docs/references/beraito-exact-frontend-v5/assets/wsb-media/Untitled-9-2-300x300.webp,file,ARCHIVE_CANDIDATE,docs/archive/references/beraito-exact-frontend-v5/assets/wsb-media/Untitled-9-2-300x300.webp,,TRUE,D
docs/references/beraito-exact-frontend-v5/** assets,docs/references/beraito-exact-frontend-v5/assets/wsb-media/Untitled-9-2-50x50.webp,file,ARCHIVE_CANDIDATE,docs/archive/references/beraito-exact-frontend-v5/assets/wsb-media/Untitled-9-2-50x50.webp,,TRUE,D
docs/references/beraito-exact-frontend-v5/** assets,docs/references/beraito-exact-frontend-v5/assets/wsb-media/Untitled-9-2-768x768.webp,file,ARCHIVE_CANDIDATE,docs/archive/references/beraito-exact-frontend-v5/assets/wsb-media/Untitled-9-2-768x768.webp,,TRUE,D
docs/references/beraito-exact-frontend-v5/** assets,docs/references/beraito-exact-frontend-v5/assets/wsb-media/Untitled-9-2.webp,file,ARCHIVE_CANDIDATE,docs/archive/references/beraito-exact-frontend-v5/assets/wsb-media/Untitled-9-2.webp,,TRUE,D
docs/references/beraito-exact-frontend-v5/** assets,docs/references/beraito-exact-frontend-v5/assets/wsb-media/c3fce41f2081df479e3c755659e9d64d.jpg_720x720q80-100x100.webp,file,ARCHIVE_CANDIDATE,docs/archive/references/beraito-exact-frontend-v5/assets/wsb-media/c3fce41f2081df479e3c755659e9d64d.jpg_720x720q80-100x100.webp,,TRUE,D
docs/references/beraito-exact-frontend-v5/** assets,docs/references/beraito-exact-frontend-v5/assets/wsb-media/c3fce41f2081df479e3c755659e9d64d.jpg_720x720q80-150x150.webp,file,ARCHIVE_CANDIDATE,docs/archive/references/beraito-exact-frontend-v5/assets/wsb-media/c3fce41f2081df479e3c755659e9d64d.jpg_720x720q80-150x150.webp,,TRUE,D
docs/references/beraito-exact-frontend-v5/** assets,docs/references/beraito-exact-frontend-v5/assets/wsb-media/c3fce41f2081df479e3c755659e9d64d.jpg_720x720q80-300x300.webp,file,ARCHIVE_CANDIDATE,docs/archive/references/beraito-exact-frontend-v5/assets/wsb-media/c3fce41f2081df479e3c755659e9d64d.jpg_720x720q80-300x300.webp,,TRUE,D
docs/references/beraito-exact-frontend-v5/** assets,docs/references/beraito-exact-frontend-v5/assets/wsb-media/c3fce41f2081df479e3c755659e9d64d.jpg_720x720q80-50x50.webp,file,ARCHIVE_CANDIDATE,docs/archive/references/beraito-exact-frontend-v5/assets/wsb-media/c3fce41f2081df479e3c755659e9d64d.jpg_720x720q80-50x50.webp,,TRUE,D
docs/references/beraito-exact-frontend-v5/** assets,docs/references/beraito-exact-frontend-v5/assets/wsb-media/c3fce41f2081df479e3c755659e9d64d.jpg_720x720q80-600x600.webp,file,ARCHIVE_CANDIDATE,docs/archive/references/beraito-exact-frontend-v5/assets/wsb-media/c3fce41f2081df479e3c755659e9d64d.jpg_720x720q80-600x600.webp,,TRUE,D
docs/references/beraito-exact-frontend-v5/** assets,docs/references/beraito-exact-frontend-v5/assets/wsb-media/c3fce41f2081df479e3c755659e9d64d.jpg_720x720q80-768x768.webp,file,ARCHIVE_CANDIDATE,docs/archive/references/beraito-exact-frontend-v5/assets/wsb-media/c3fce41f2081df479e3c755659e9d64d.jpg_720x720q80-768x768.webp,,TRUE,D
docs/references/beraito-exact-frontend-v5/** assets,docs/references/beraito-exact-frontend-v5/assets/wsb-media/c3fce41f2081df479e3c755659e9d64d.jpg_720x720q80.webp,file,ARCHIVE_CANDIDATE,docs/archive/references/beraito-exact-frontend-v5/assets/wsb-media/c3fce41f2081df479e3c755659e9d64d.jpg_720x720q80.webp,,TRUE,D
docs/references/beraito-exact-frontend-v5/** assets,docs/references/beraito-exact-frontend-v5/assets/wsb-media/cropped-favicon-300x300.png,file,ARCHIVE_CANDIDATE,docs/archive/references/beraito-exact-frontend-v5/assets/wsb-media/cropped-favicon-300x300.png,,TRUE,D
docs/references/beraito-exact-frontend-v5/** assets,docs/references/beraito-exact-frontend-v5/assets/wsb-media/eJ7c8xc5g0253421-100x100.jpg,file,ARCHIVE_CANDIDATE,docs/archive/references/beraito-exact-frontend-v5/assets/wsb-media/eJ7c8xc5g0253421-100x100.jpg,,TRUE,D
docs/references/beraito-exact-frontend-v5/** assets,docs/references/beraito-exact-frontend-v5/assets/wsb-media/eJ7c8xc5g0253421-150x150.jpg,file,ARCHIVE_CANDIDATE,docs/archive/references/beraito-exact-frontend-v5/assets/wsb-media/eJ7c8xc5g0253421-150x150.jpg,,TRUE,D
docs/references/beraito-exact-frontend-v5/** assets,docs/references/beraito-exact-frontend-v5/assets/wsb-media/eJ7c8xc5g0253421-20x20.jpg,file,ARCHIVE_CANDIDATE,docs/archive/references/beraito-exact-frontend-v5/assets/wsb-media/eJ7c8xc5g0253421-20x20.jpg,,TRUE,D
docs/references/beraito-exact-frontend-v5/** assets,docs/references/beraito-exact-frontend-v5/assets/wsb-media/eJ7c8xc5g0253421-30x30.jpg,file,ARCHIVE_CANDIDATE,docs/archive/references/beraito-exact-frontend-v5/assets/wsb-media/eJ7c8xc5g0253421-30x30.jpg,,TRUE,D
docs/references/beraito-exact-frontend-v5/** assets,docs/references/beraito-exact-frontend-v5/assets/wsb-media/eJ7c8xc5g0253421-40x40.jpg,file,ARCHIVE_CANDIDATE,docs/archive/references/beraito-exact-frontend-v5/assets/wsb-media/eJ7c8xc5g0253421-40x40.jpg,,TRUE,D
docs/references/beraito-exact-frontend-v5/** assets,docs/references/beraito-exact-frontend-v5/assets/wsb-media/eJ7c8xc5g0253421-600x600.jpg,file,ARCHIVE_CANDIDATE,docs/archive/references/beraito-exact-frontend-v5/assets/wsb-media/eJ7c8xc5g0253421-600x600.jpg,,TRUE,D
docs/references/beraito-exact-frontend-v5/** assets,docs/references/beraito-exact-frontend-v5/assets/wsb-media/eJ7c8xc5g0253421.jpg,file,ARCHIVE_CANDIDATE,docs/archive/references/beraito-exact-frontend-v5/assets/wsb-media/eJ7c8xc5g0253421.jpg,,TRUE,D
docs/references/beraito-exact-frontend-v5/** assets,docs/references/beraito-exact-frontend-v5/assets/wsb-media/logo-2.png,file,ARCHIVE_CANDIDATE,docs/archive/references/beraito-exact-frontend-v5/assets/wsb-media/logo-2.png,,TRUE,D
docs/references/beraito-exact-frontend-v5/** assets,docs/references/beraito-exact-frontend-v5/assets/wsb-media/nb-606-shfa-100x100.jpg,file,ARCHIVE_CANDIDATE,docs/archive/references/beraito-exact-frontend-v5/assets/wsb-media/nb-606-shfa-100x100.jpg,,TRUE,D
docs/references/beraito-exact-frontend-v5/** assets,docs/references/beraito-exact-frontend-v5/assets/wsb-media/nb-606-shfa-150x150.jpg,file,ARCHIVE_CANDIDATE,docs/archive/references/beraito-exact-frontend-v5/assets/wsb-media/nb-606-shfa-150x150.jpg,,TRUE,D
docs/references/beraito-exact-frontend-v5/** assets,docs/references/beraito-exact-frontend-v5/assets/wsb-media/nb-606-shfa-20x20.jpg,file,ARCHIVE_CANDIDATE,docs/archive/references/beraito-exact-frontend-v5/assets/wsb-media/nb-606-shfa-20x20.jpg,,TRUE,D
docs/references/beraito-exact-frontend-v5/** assets,docs/references/beraito-exact-frontend-v5/assets/wsb-media/nb-606-shfa-30x30.jpg,file,ARCHIVE_CANDIDATE,docs/archive/references/beraito-exact-frontend-v5/assets/wsb-media/nb-606-shfa-30x30.jpg,,TRUE,D
docs/references/beraito-exact-frontend-v5/** assets,docs/references/beraito-exact-frontend-v5/assets/wsb-media/nb-606-shfa-40x40.jpg,file,ARCHIVE_CANDIDATE,docs/archive/references/beraito-exact-frontend-v5/assets/wsb-media/nb-606-shfa-40x40.jpg,,TRUE,D
docs/references/beraito-exact-frontend-v5/** assets,docs/references/beraito-exact-frontend-v5/assets/wsb-media/nb-606-shfa-600x600.jpg,file,ARCHIVE_CANDIDATE,docs/archive/references/beraito-exact-frontend-v5/assets/wsb-media/nb-606-shfa-600x600.jpg,,TRUE,D
docs/references/beraito-exact-frontend-v5/** assets,docs/references/beraito-exact-frontend-v5/assets/wsb-media/nb-606-shfa.jpg,file,ARCHIVE_CANDIDATE,docs/archive/references/beraito-exact-frontend-v5/assets/wsb-media/nb-606-shfa.jpg,,TRUE,D
docs/references/beraito-exact-frontend-v5/** assets,docs/references/beraito-exact-frontend-v5/assets/wsb-media/png-لوگو-برایتو-copy-e1648546264651.webp,file,ARCHIVE_CANDIDATE,docs/archive/references/beraito-exact-frontend-v5/assets/wsb-media/png-لوگو-برایتو-copy-e1648546264651.webp,,TRUE,D
docs/references/beraito-exact-frontend-v5/** assets,docs/references/beraito-exact-frontend-v5/assets/wsb-media/png-لوگو-برایتو-e1648546242940.webp,file,ARCHIVE_CANDIDATE,docs/archive/references/beraito-exact-frontend-v5/assets/wsb-media/png-لوگو-برایتو-e1648546242940.webp,,TRUE,D
docs/references/beraito-exact-frontend-v5/** assets,docs/references/beraito-exact-frontend-v5/assets/wsb-media/puxEwzOU-1-100x100.webp,file,ARCHIVE_CANDIDATE,docs/archive/references/beraito-exact-frontend-v5/assets/wsb-media/puxEwzOU-1-100x100.webp,,TRUE,D
docs/references/beraito-exact-frontend-v5/** assets,docs/references/beraito-exact-frontend-v5/assets/wsb-media/puxEwzOU-1-150x150.webp,file,ARCHIVE_CANDIDATE,docs/archive/references/beraito-exact-frontend-v5/assets/wsb-media/puxEwzOU-1-150x150.webp,,TRUE,D
docs/references/beraito-exact-frontend-v5/** assets,docs/references/beraito-exact-frontend-v5/assets/wsb-media/puxEwzOU-1-300x300.webp,file,ARCHIVE_CANDIDATE,docs/archive/references/beraito-exact-frontend-v5/assets/wsb-media/puxEwzOU-1-300x300.webp,,TRUE,D
docs/references/beraito-exact-frontend-v5/** assets,docs/references/beraito-exact-frontend-v5/assets/wsb-media/puxEwzOU-1-50x50.webp,file,ARCHIVE_CANDIDATE,docs/archive/references/beraito-exact-frontend-v5/assets/wsb-media/puxEwzOU-1-50x50.webp,,TRUE,D
docs/references/beraito-exact-frontend-v5/** assets,docs/references/beraito-exact-frontend-v5/assets/wsb-media/puxEwzOU-1-768x768.webp,file,ARCHIVE_CANDIDATE,docs/archive/references/beraito-exact-frontend-v5/assets/wsb-media/puxEwzOU-1-768x768.webp,,TRUE,D
docs/references/beraito-exact-frontend-v5/** assets,docs/references/beraito-exact-frontend-v5/assets/wsb-media/puxEwzOU-1.webp,file,ARCHIVE_CANDIDATE,docs/archive/references/beraito-exact-frontend-v5/assets/wsb-media/puxEwzOU-1.webp,,TRUE,D
docs/references/beraito-exact-frontend-v5/** assets,docs/references/beraito-exact-frontend-v5/assets/wsb-media/puxEwzOU-100x100.webp,file,ARCHIVE_CANDIDATE,docs/archive/references/beraito-exact-frontend-v5/assets/wsb-media/puxEwzOU-100x100.webp,,TRUE,D
docs/references/beraito-exact-frontend-v5/** assets,docs/references/beraito-exact-frontend-v5/assets/wsb-media/puxEwzOU-150x150.webp,file,ARCHIVE_CANDIDATE,docs/archive/references/beraito-exact-frontend-v5/assets/wsb-media/puxEwzOU-150x150.webp,,TRUE,D
docs/references/beraito-exact-frontend-v5/** assets,docs/references/beraito-exact-frontend-v5/assets/wsb-media/puxEwzOU-50x50.webp,file,ARCHIVE_CANDIDATE,docs/archive/references/beraito-exact-frontend-v5/assets/wsb-media/puxEwzOU-50x50.webp,,TRUE,D
docs/references/beraito-exact-frontend-v5/** assets,docs/references/beraito-exact-frontend-v5/assets/wsb-media/puxEwzOU-600x600.webp,file,ARCHIVE_CANDIDATE,docs/archive/references/beraito-exact-frontend-v5/assets/wsb-media/puxEwzOU-600x600.webp,,TRUE,D
docs/references/beraito-exact-frontend-v5/** assets,docs/references/beraito-exact-frontend-v5/assets/wsb-media/puxEwzOU-768x768.webp,file,ARCHIVE_CANDIDATE,docs/archive/references/beraito-exact-frontend-v5/assets/wsb-media/puxEwzOU-768x768.webp,,TRUE,D
docs/references/beraito-exact-frontend-v5/** assets,docs/references/beraito-exact-frontend-v5/assets/wsb-media/puxEwzOU.webp,file,ARCHIVE_CANDIDATE,docs/archive/references/beraito-exact-frontend-v5/assets/wsb-media/puxEwzOU.webp,,TRUE,D
docs/references/beraito-exact-frontend-v5/** assets,docs/references/beraito-exact-frontend-v5/assets/wsb-media/samandehi.webp,file,ARCHIVE_CANDIDATE,docs/archive/references/beraito-exact-frontend-v5/assets/wsb-media/samandehi.webp,,TRUE,D
docs/references/beraito-exact-frontend-v5/** assets,docs/references/beraito-exact-frontend-v5/assets/wsb-media/tango-100x100.jpg,file,ARCHIVE_CANDIDATE,docs/archive/references/beraito-exact-frontend-v5/assets/wsb-media/tango-100x100.jpg,,TRUE,D
docs/references/beraito-exact-frontend-v5/** assets,docs/references/beraito-exact-frontend-v5/assets/wsb-media/tango-150x150.jpg,file,ARCHIVE_CANDIDATE,docs/archive/references/beraito-exact-frontend-v5/assets/wsb-media/tango-150x150.jpg,,TRUE,D
docs/references/beraito-exact-frontend-v5/** assets,docs/references/beraito-exact-frontend-v5/assets/wsb-media/tango-3-100x100.jpg,file,ARCHIVE_CANDIDATE,docs/archive/references/beraito-exact-frontend-v5/assets/wsb-media/tango-3-100x100.jpg,,TRUE,D
docs/references/beraito-exact-frontend-v5/** assets,docs/references/beraito-exact-frontend-v5/assets/wsb-media/tango-3-150x150.jpg,file,ARCHIVE_CANDIDATE,docs/archive/references/beraito-exact-frontend-v5/assets/wsb-media/tango-3-150x150.jpg,,TRUE,D
docs/references/beraito-exact-frontend-v5/** assets,docs/references/beraito-exact-frontend-v5/assets/wsb-media/tango-3-50x50.jpg,file,ARCHIVE_CANDIDATE,docs/archive/references/beraito-exact-frontend-v5/assets/wsb-media/tango-3-50x50.jpg,,TRUE,D
docs/references/beraito-exact-frontend-v5/** assets,docs/references/beraito-exact-frontend-v5/assets/wsb-media/tango-3-600x600.jpg,file,ARCHIVE_CANDIDATE,docs/archive/references/beraito-exact-frontend-v5/assets/wsb-media/tango-3-600x600.jpg,,TRUE,D
docs/references/beraito-exact-frontend-v5/** assets,docs/references/beraito-exact-frontend-v5/assets/wsb-media/tango-3-768x768.jpg,file,ARCHIVE_CANDIDATE,docs/archive/references/beraito-exact-frontend-v5/assets/wsb-media/tango-3-768x768.jpg,,TRUE,D
docs/references/beraito-exact-frontend-v5/** assets,docs/references/beraito-exact-frontend-v5/assets/wsb-media/tango-3.jpg,file,ARCHIVE_CANDIDATE,docs/archive/references/beraito-exact-frontend-v5/assets/wsb-media/tango-3.jpg,,TRUE,D
docs/references/beraito-exact-frontend-v5/** assets,docs/references/beraito-exact-frontend-v5/assets/wsb-media/tango-300x300.jpg,file,ARCHIVE_CANDIDATE,docs/archive/references/beraito-exact-frontend-v5/assets/wsb-media/tango-300x300.jpg,,TRUE,D
docs/references/beraito-exact-frontend-v5/** assets,docs/references/beraito-exact-frontend-v5/assets/wsb-media/tango-50x50.jpg,file,ARCHIVE_CANDIDATE,docs/archive/references/beraito-exact-frontend-v5/assets/wsb-media/tango-50x50.jpg,,TRUE,D
docs/references/beraito-exact-frontend-v5/** assets,docs/references/beraito-exact-frontend-v5/assets/wsb-media/tango-768x768.jpg,file,ARCHIVE_CANDIDATE,docs/archive/references/beraito-exact-frontend-v5/assets/wsb-media/tango-768x768.jpg,,TRUE,D
docs/references/beraito-exact-frontend-v5/** assets,docs/references/beraito-exact-frontend-v5/assets/wsb-media/tango.jpg,file,ARCHIVE_CANDIDATE,docs/archive/references/beraito-exact-frontend-v5/assets/wsb-media/tango.jpg,,TRUE,D
docs/references/beraito-exact-frontend-v5/** assets,docs/references/beraito-exact-frontend-v5/assets/wsb-media/the-best-glue-for-cardboard-1-100x100.webp,file,ARCHIVE_CANDIDATE,docs/archive/references/beraito-exact-frontend-v5/assets/wsb-media/the-best-glue-for-cardboard-1-100x100.webp,,TRUE,D
docs/references/beraito-exact-frontend-v5/** assets,docs/references/beraito-exact-frontend-v5/assets/wsb-media/the-best-glue-for-cardboard-1-150x150.webp,file,ARCHIVE_CANDIDATE,docs/archive/references/beraito-exact-frontend-v5/assets/wsb-media/the-best-glue-for-cardboard-1-150x150.webp,,TRUE,D
docs/references/beraito-exact-frontend-v5/** assets,docs/references/beraito-exact-frontend-v5/assets/wsb-media/the-best-glue-for-cardboard-1-300x300.webp,file,ARCHIVE_CANDIDATE,docs/archive/references/beraito-exact-frontend-v5/assets/wsb-media/the-best-glue-for-cardboard-1-300x300.webp,,TRUE,D
docs/references/beraito-exact-frontend-v5/** assets,docs/references/beraito-exact-frontend-v5/assets/wsb-media/the-best-glue-for-cardboard-1-50x50.webp,file,ARCHIVE_CANDIDATE,docs/archive/references/beraito-exact-frontend-v5/assets/wsb-media/the-best-glue-for-cardboard-1-50x50.webp,,TRUE,D
docs/references/beraito-exact-frontend-v5/** assets,docs/references/beraito-exact-frontend-v5/assets/wsb-media/the-difference-between-polychrome-and-classic-colored-pencils-1-3-100x100.webp,file,ARCHIVE_CANDIDATE,docs/archive/references/beraito-exact-frontend-v5/assets/wsb-media/the-difference-between-polychrome-and-classic-colored-pencils-1-3-100x100.webp,,TRUE,D
docs/references/beraito-exact-frontend-v5/** assets,docs/references/beraito-exact-frontend-v5/assets/wsb-media/the-difference-between-polychrome-and-classic-colored-pencils-1-3-150x150.webp,file,ARCHIVE_CANDIDATE,docs/archive/references/beraito-exact-frontend-v5/assets/wsb-media/the-difference-between-polychrome-and-classic-colored-pencils-1-3-150x150.webp,,TRUE,D
docs/references/beraito-exact-frontend-v5/** assets,docs/references/beraito-exact-frontend-v5/assets/wsb-media/the-difference-between-polychrome-and-classic-colored-pencils-1-3-300x300.webp,file,ARCHIVE_CANDIDATE,docs/archive/references/beraito-exact-frontend-v5/assets/wsb-media/the-difference-between-polychrome-and-classic-colored-pencils-1-3-300x300.webp,,TRUE,D
docs/references/beraito-exact-frontend-v5/** assets,docs/references/beraito-exact-frontend-v5/assets/wsb-media/the-difference-between-polychrome-and-classic-colored-pencils-1-3-50x50.webp,file,ARCHIVE_CANDIDATE,docs/archive/references/beraito-exact-frontend-v5/assets/wsb-media/the-difference-between-polychrome-and-classic-colored-pencils-1-3-50x50.webp,,TRUE,D
docs/references/beraito-exact-frontend-v5/** assets,docs/references/beraito-exact-frontend-v5/assets/wsb-media/torob_guarantee_hologram.svg,file,ARCHIVE_CANDIDATE,docs/archive/references/beraito-exact-frontend-v5/assets/wsb-media/torob_guarantee_hologram.svg,,TRUE,D
docs/references/beraito-exact-frontend-v5/** assets,docs/references/beraito-exact-frontend-v5/assets/wsb-media/work-folder-100x100.webp,file,ARCHIVE_CANDIDATE,docs/archive/references/beraito-exact-frontend-v5/assets/wsb-media/work-folder-100x100.webp,,TRUE,D
docs/references/beraito-exact-frontend-v5/** assets,docs/references/beraito-exact-frontend-v5/assets/wsb-media/work-folder-150x150.webp,file,ARCHIVE_CANDIDATE,docs/archive/references/beraito-exact-frontend-v5/assets/wsb-media/work-folder-150x150.webp,,TRUE,D
docs/references/beraito-exact-frontend-v5/** assets,docs/references/beraito-exact-frontend-v5/assets/wsb-media/work-folder-300x300.webp,file,ARCHIVE_CANDIDATE,docs/archive/references/beraito-exact-frontend-v5/assets/wsb-media/work-folder-300x300.webp,,TRUE,D
docs/references/beraito-exact-frontend-v5/** assets,docs/references/beraito-exact-frontend-v5/assets/wsb-media/work-folder-50x50.webp,file,ARCHIVE_CANDIDATE,docs/archive/references/beraito-exact-frontend-v5/assets/wsb-media/work-folder-50x50.webp,,TRUE,D
docs/references/beraito-exact-frontend-v5/** assets,docs/references/beraito-exact-frontend-v5/assets/wsb-media/x525-100x100.webp,file,ARCHIVE_CANDIDATE,docs/archive/references/beraito-exact-frontend-v5/assets/wsb-media/x525-100x100.webp,,TRUE,D
docs/references/beraito-exact-frontend-v5/** assets,docs/references/beraito-exact-frontend-v5/assets/wsb-media/x525-150x150.webp,file,ARCHIVE_CANDIDATE,docs/archive/references/beraito-exact-frontend-v5/assets/wsb-media/x525-150x150.webp,,TRUE,D
docs/references/beraito-exact-frontend-v5/** assets,docs/references/beraito-exact-frontend-v5/assets/wsb-media/x525-2-100x100.webp,file,ARCHIVE_CANDIDATE,docs/archive/references/beraito-exact-frontend-v5/assets/wsb-media/x525-2-100x100.webp,,TRUE,D
docs/references/beraito-exact-frontend-v5/** assets,docs/references/beraito-exact-frontend-v5/assets/wsb-media/x525-2-150x150.webp,file,ARCHIVE_CANDIDATE,docs/archive/references/beraito-exact-frontend-v5/assets/wsb-media/x525-2-150x150.webp,,TRUE,D
docs/references/beraito-exact-frontend-v5/** assets,docs/references/beraito-exact-frontend-v5/assets/wsb-media/x525-2-50x50.webp,file,ARCHIVE_CANDIDATE,docs/archive/references/beraito-exact-frontend-v5/assets/wsb-media/x525-2-50x50.webp,,TRUE,D
docs/references/beraito-exact-frontend-v5/** assets,docs/references/beraito-exact-frontend-v5/assets/wsb-media/x525-2-600x600.webp,file,ARCHIVE_CANDIDATE,docs/archive/references/beraito-exact-frontend-v5/assets/wsb-media/x525-2-600x600.webp,,TRUE,D
docs/references/beraito-exact-frontend-v5/** assets,docs/references/beraito-exact-frontend-v5/assets/wsb-media/x525-2-768x768.webp,file,ARCHIVE_CANDIDATE,docs/archive/references/beraito-exact-frontend-v5/assets/wsb-media/x525-2-768x768.webp,,TRUE,D
docs/references/beraito-exact-frontend-v5/** assets,docs/references/beraito-exact-frontend-v5/assets/wsb-media/x525-2.webp,file,ARCHIVE_CANDIDATE,docs/archive/references/beraito-exact-frontend-v5/assets/wsb-media/x525-2.webp,,TRUE,D
docs/references/beraito-exact-frontend-v5/** assets,docs/references/beraito-exact-frontend-v5/assets/wsb-media/x525-300x300.webp,file,ARCHIVE_CANDIDATE,docs/archive/references/beraito-exact-frontend-v5/assets/wsb-media/x525-300x300.webp,,TRUE,D
docs/references/beraito-exact-frontend-v5/** assets,docs/references/beraito-exact-frontend-v5/assets/wsb-media/x525-50x50.webp,file,ARCHIVE_CANDIDATE,docs/archive/references/beraito-exact-frontend-v5/assets/wsb-media/x525-50x50.webp,,TRUE,D
docs/references/beraito-exact-frontend-v5/** assets,docs/references/beraito-exact-frontend-v5/assets/wsb-media/x525-768x768.webp,file,ARCHIVE_CANDIDATE,docs/archive/references/beraito-exact-frontend-v5/assets/wsb-media/x525-768x768.webp,,TRUE,D
docs/references/beraito-exact-frontend-v5/** assets,docs/references/beraito-exact-frontend-v5/assets/wsb-media/x525.webp,file,ARCHIVE_CANDIDATE,docs/archive/references/beraito-exact-frontend-v5/assets/wsb-media/x525.webp,,TRUE,D
docs/references/beraito-exact-frontend-v5/** assets,docs/references/beraito-exact-frontend-v5/assets/wsb-media/ابزار-سفالگری-مجسمه-سازی-فلزی-دسته-باریک-سری-6-عددی-100x100.webp,file,ARCHIVE_CANDIDATE,docs/archive/references/beraito-exact-frontend-v5/assets/wsb-media/ابزار-سفالگری-مجسمه-سازی-فلزی-دسته-باریک-سری-6-عددی-100x100.webp,,TRUE,D
docs/references/beraito-exact-frontend-v5/** assets,docs/references/beraito-exact-frontend-v5/assets/wsb-media/ابزار-سفالگری-مجسمه-سازی-فلزی-دسته-باریک-سری-6-عددی-150x150.webp,file,ARCHIVE_CANDIDATE,docs/archive/references/beraito-exact-frontend-v5/assets/wsb-media/ابزار-سفالگری-مجسمه-سازی-فلزی-دسته-باریک-سری-6-عددی-150x150.webp,,TRUE,D
docs/references/beraito-exact-frontend-v5/** assets,docs/references/beraito-exact-frontend-v5/assets/wsb-media/ابزار-سفالگری-مجسمه-سازی-فلزی-دسته-باریک-سری-6-عددی-2-100x100.webp,file,ARCHIVE_CANDIDATE,docs/archive/references/beraito-exact-frontend-v5/assets/wsb-media/ابزار-سفالگری-مجسمه-سازی-فلزی-دسته-باریک-سری-6-عددی-2-100x100.webp,,TRUE,D
docs/references/beraito-exact-frontend-v5/** assets,docs/references/beraito-exact-frontend-v5/assets/wsb-media/ابزار-سفالگری-مجسمه-سازی-فلزی-دسته-باریک-سری-6-عددی-2-150x150.webp,file,ARCHIVE_CANDIDATE,docs/archive/references/beraito-exact-frontend-v5/assets/wsb-media/ابزار-سفالگری-مجسمه-سازی-فلزی-دسته-باریک-سری-6-عددی-2-150x150.webp,,TRUE,D
docs/references/beraito-exact-frontend-v5/** assets,docs/references/beraito-exact-frontend-v5/assets/wsb-media/ابزار-سفالگری-مجسمه-سازی-فلزی-دسته-باریک-سری-6-عددی-2-300x300.webp,file,ARCHIVE_CANDIDATE,docs/archive/references/beraito-exact-frontend-v5/assets/wsb-media/ابزار-سفالگری-مجسمه-سازی-فلزی-دسته-باریک-سری-6-عددی-2-300x300.webp,,TRUE,D
docs/references/beraito-exact-frontend-v5/** assets,docs/references/beraito-exact-frontend-v5/assets/wsb-media/ابزار-سفالگری-مجسمه-سازی-فلزی-دسته-باریک-سری-6-عددی-2-50x50.webp,file,ARCHIVE_CANDIDATE,docs/archive/references/beraito-exact-frontend-v5/assets/wsb-media/ابزار-سفالگری-مجسمه-سازی-فلزی-دسته-باریک-سری-6-عددی-2-50x50.webp,,TRUE,D
docs/references/beraito-exact-frontend-v5/** assets,docs/references/beraito-exact-frontend-v5/assets/wsb-media/ابزار-سفالگری-مجسمه-سازی-فلزی-دسته-باریک-سری-6-عددی-2-600x600.webp,file,ARCHIVE_CANDIDATE,docs/archive/references/beraito-exact-frontend-v5/assets/wsb-media/ابزار-سفالگری-مجسمه-سازی-فلزی-دسته-باریک-سری-6-عددی-2-600x600.webp,,TRUE,D
docs/references/beraito-exact-frontend-v5/** assets,docs/references/beraito-exact-frontend-v5/assets/wsb-media/ابزار-سفالگری-مجسمه-سازی-فلزی-دسته-باریک-سری-6-عددی-2-64x64.webp,file,ARCHIVE_CANDIDATE,docs/archive/references/beraito-exact-frontend-v5/assets/wsb-media/ابزار-سفالگری-مجسمه-سازی-فلزی-دسته-باریک-سری-6-عددی-2-64x64.webp,,TRUE,D
docs/references/beraito-exact-frontend-v5/** assets,docs/references/beraito-exact-frontend-v5/assets/wsb-media/ابزار-سفالگری-مجسمه-سازی-فلزی-دسته-باریک-سری-6-عددی-2-768x768.webp,file,ARCHIVE_CANDIDATE,docs/archive/references/beraito-exact-frontend-v5/assets/wsb-media/ابزار-سفالگری-مجسمه-سازی-فلزی-دسته-باریک-سری-6-عددی-2-768x768.webp,,TRUE,D
docs/references/beraito-exact-frontend-v5/** assets,docs/references/beraito-exact-frontend-v5/assets/wsb-media/ابزار-سفالگری-مجسمه-سازی-فلزی-دسته-باریک-سری-6-عددی-2.webp,file,ARCHIVE_CANDIDATE,docs/archive/references/beraito-exact-frontend-v5/assets/wsb-media/ابزار-سفالگری-مجسمه-سازی-فلزی-دسته-باریک-سری-6-عددی-2.webp,,TRUE,D
docs/references/beraito-exact-frontend-v5/** assets,docs/references/beraito-exact-frontend-v5/assets/wsb-media/ابزار-سفالگری-مجسمه-سازی-فلزی-دسته-باریک-سری-6-عددی-300x300.webp,file,ARCHIVE_CANDIDATE,docs/archive/references/beraito-exact-frontend-v5/assets/wsb-media/ابزار-سفالگری-مجسمه-سازی-فلزی-دسته-باریک-سری-6-عددی-300x300.webp,,TRUE,D
docs/references/beraito-exact-frontend-v5/** assets,docs/references/beraito-exact-frontend-v5/assets/wsb-media/ابزار-سفالگری-مجسمه-سازی-فلزی-دسته-باریک-سری-6-عددی-50x50.webp,file,ARCHIVE_CANDIDATE,docs/archive/references/beraito-exact-frontend-v5/assets/wsb-media/ابزار-سفالگری-مجسمه-سازی-فلزی-دسته-باریک-سری-6-عددی-50x50.webp,,TRUE,D
docs/references/beraito-exact-frontend-v5/** assets,docs/references/beraito-exact-frontend-v5/assets/wsb-media/ابزار-سفالگری-مجسمه-سازی-فلزی-دسته-باریک-سری-6-عددی-600x600.webp,file,ARCHIVE_CANDIDATE,docs/archive/references/beraito-exact-frontend-v5/assets/wsb-media/ابزار-سفالگری-مجسمه-سازی-فلزی-دسته-باریک-سری-6-عددی-600x600.webp,,TRUE,D
docs/references/beraito-exact-frontend-v5/** assets,docs/references/beraito-exact-frontend-v5/assets/wsb-media/ابزار-سفالگری-مجسمه-سازی-فلزی-دسته-باریک-سری-6-عددی-64x64.webp,file,ARCHIVE_CANDIDATE,docs/archive/references/beraito-exact-frontend-v5/assets/wsb-media/ابزار-سفالگری-مجسمه-سازی-فلزی-دسته-باریک-سری-6-عددی-64x64.webp,,TRUE,D
docs/references/beraito-exact-frontend-v5/** assets,docs/references/beraito-exact-frontend-v5/assets/wsb-media/ابزار-سفالگری-مجسمه-سازی-فلزی-دسته-باریک-سری-6-عددی-768x768.webp,file,ARCHIVE_CANDIDATE,docs/archive/references/beraito-exact-frontend-v5/assets/wsb-media/ابزار-سفالگری-مجسمه-سازی-فلزی-دسته-باریک-سری-6-عددی-768x768.webp,,TRUE,D
docs/references/beraito-exact-frontend-v5/** assets,docs/references/beraito-exact-frontend-v5/assets/wsb-media/ابزار-سفالگری-مجسمه-سازی-فلزی-دسته-باریک-سری-6-عددی.webp,file,ARCHIVE_CANDIDATE,docs/archive/references/beraito-exact-frontend-v5/assets/wsb-media/ابزار-سفالگری-مجسمه-سازی-فلزی-دسته-باریک-سری-6-عددی.webp,,TRUE,D
docs/references/beraito-exact-frontend-v5/** assets,docs/references/beraito-exact-frontend-v5/assets/wsb-media/او-تی-جی-100x100.webp,file,ARCHIVE_CANDIDATE,docs/archive/references/beraito-exact-frontend-v5/assets/wsb-media/او-تی-جی-100x100.webp,,TRUE,D
docs/references/beraito-exact-frontend-v5/** assets,docs/references/beraito-exact-frontend-v5/assets/wsb-media/او-تی-جی-150x150.webp,file,ARCHIVE_CANDIDATE,docs/archive/references/beraito-exact-frontend-v5/assets/wsb-media/او-تی-جی-150x150.webp,,TRUE,D
docs/references/beraito-exact-frontend-v5/** assets,docs/references/beraito-exact-frontend-v5/assets/wsb-media/او-تی-جی-3-100x100.webp,file,ARCHIVE_CANDIDATE,docs/archive/references/beraito-exact-frontend-v5/assets/wsb-media/او-تی-جی-3-100x100.webp,,TRUE,D
docs/references/beraito-exact-frontend-v5/** assets,docs/references/beraito-exact-frontend-v5/assets/wsb-media/او-تی-جی-3-150x150.webp,file,ARCHIVE_CANDIDATE,docs/archive/references/beraito-exact-frontend-v5/assets/wsb-media/او-تی-جی-3-150x150.webp,,TRUE,D
docs/references/beraito-exact-frontend-v5/** assets,docs/references/beraito-exact-frontend-v5/assets/wsb-media/او-تی-جی-3-300x300.webp,file,ARCHIVE_CANDIDATE,docs/archive/references/beraito-exact-frontend-v5/assets/wsb-media/او-تی-جی-3-300x300.webp,,TRUE,D
docs/references/beraito-exact-frontend-v5/** assets,docs/references/beraito-exact-frontend-v5/assets/wsb-media/او-تی-جی-3-50x50.webp,file,ARCHIVE_CANDIDATE,docs/archive/references/beraito-exact-frontend-v5/assets/wsb-media/او-تی-جی-3-50x50.webp,,TRUE,D
docs/references/beraito-exact-frontend-v5/** assets,docs/references/beraito-exact-frontend-v5/assets/wsb-media/او-تی-جی-3-600x600.webp,file,ARCHIVE_CANDIDATE,docs/archive/references/beraito-exact-frontend-v5/assets/wsb-media/او-تی-جی-3-600x600.webp,,TRUE,D
docs/references/beraito-exact-frontend-v5/** assets,docs/references/beraito-exact-frontend-v5/assets/wsb-media/او-تی-جی-3-768x768.webp,file,ARCHIVE_CANDIDATE,docs/archive/references/beraito-exact-frontend-v5/assets/wsb-media/او-تی-جی-3-768x768.webp,,TRUE,D
docs/references/beraito-exact-frontend-v5/** assets,docs/references/beraito-exact-frontend-v5/assets/wsb-media/او-تی-جی-3.webp,file,ARCHIVE_CANDIDATE,docs/archive/references/beraito-exact-frontend-v5/assets/wsb-media/او-تی-جی-3.webp,,TRUE,D
docs/references/beraito-exact-frontend-v5/** assets,docs/references/beraito-exact-frontend-v5/assets/wsb-media/او-تی-جی-300x300.webp,file,ARCHIVE_CANDIDATE,docs/archive/references/beraito-exact-frontend-v5/assets/wsb-media/او-تی-جی-300x300.webp,,TRUE,D
docs/references/beraito-exact-frontend-v5/** assets,docs/references/beraito-exact-frontend-v5/assets/wsb-media/او-تی-جی-50x50.webp,file,ARCHIVE_CANDIDATE,docs/archive/references/beraito-exact-frontend-v5/assets/wsb-media/او-تی-جی-50x50.webp,,TRUE,D
docs/references/beraito-exact-frontend-v5/** assets,docs/references/beraito-exact-frontend-v5/assets/wsb-media/او-تی-جی-600x600.webp,file,ARCHIVE_CANDIDATE,docs/archive/references/beraito-exact-frontend-v5/assets/wsb-media/او-تی-جی-600x600.webp,,TRUE,D
docs/references/beraito-exact-frontend-v5/** assets,docs/references/beraito-exact-frontend-v5/assets/wsb-media/او-تی-جی-768x768.webp,file,ARCHIVE_CANDIDATE,docs/archive/references/beraito-exact-frontend-v5/assets/wsb-media/او-تی-جی-768x768.webp,,TRUE,D
docs/references/beraito-exact-frontend-v5/** assets,docs/references/beraito-exact-frontend-v5/assets/wsb-media/او-تی-جی.webp,file,ARCHIVE_CANDIDATE,docs/archive/references/beraito-exact-frontend-v5/assets/wsb-media/او-تی-جی.webp,,TRUE,D
docs/references/beraito-exact-frontend-v5/** assets,docs/references/beraito-exact-frontend-v5/assets/wsb-media/ای-نماد.webp,file,ARCHIVE_CANDIDATE,docs/archive/references/beraito-exact-frontend-v5/assets/wsb-media/ای-نماد.webp,,TRUE,D
docs/references/beraito-exact-frontend-v5/** assets,docs/references/beraito-exact-frontend-v5/assets/wsb-media/بازی-فکری-میکرو-ماکرو-1-شهر-جنایت-Micro-Macro-1-100x100.webp,file,ARCHIVE_CANDIDATE,docs/archive/references/beraito-exact-frontend-v5/assets/wsb-media/بازی-فکری-میکرو-ماکرو-1-شهر-جنایت-Micro-Macro-1-100x100.webp,,TRUE,D
docs/references/beraito-exact-frontend-v5/** assets,docs/references/beraito-exact-frontend-v5/assets/wsb-media/بازی-فکری-میکرو-ماکرو-1-شهر-جنایت-Micro-Macro-1-150x150.webp,file,ARCHIVE_CANDIDATE,docs/archive/references/beraito-exact-frontend-v5/assets/wsb-media/بازی-فکری-میکرو-ماکرو-1-شهر-جنایت-Micro-Macro-1-150x150.webp,,TRUE,D
docs/references/beraito-exact-frontend-v5/** assets,docs/references/beraito-exact-frontend-v5/assets/wsb-media/بازی-فکری-میکرو-ماکرو-1-شهر-جنایت-Micro-Macro-1-300x300.webp,file,ARCHIVE_CANDIDATE,docs/archive/references/beraito-exact-frontend-v5/assets/wsb-media/بازی-فکری-میکرو-ماکرو-1-شهر-جنایت-Micro-Macro-1-300x300.webp,,TRUE,D
docs/references/beraito-exact-frontend-v5/** assets,docs/references/beraito-exact-frontend-v5/assets/wsb-media/بازی-فکری-میکرو-ماکرو-1-شهر-جنایت-Micro-Macro-1-50x50.webp,file,ARCHIVE_CANDIDATE,docs/archive/references/beraito-exact-frontend-v5/assets/wsb-media/بازی-فکری-میکرو-ماکرو-1-شهر-جنایت-Micro-Macro-1-50x50.webp,,TRUE,D
docs/references/beraito-exact-frontend-v5/** assets,docs/references/beraito-exact-frontend-v5/assets/wsb-media/بازی-فکری-میکرو-ماکرو-1-شهر-جنایت-Micro-Macro-1-600x600.webp,file,ARCHIVE_CANDIDATE,docs/archive/references/beraito-exact-frontend-v5/assets/wsb-media/بازی-فکری-میکرو-ماکرو-1-شهر-جنایت-Micro-Macro-1-600x600.webp,,TRUE,D
docs/references/beraito-exact-frontend-v5/** assets,docs/references/beraito-exact-frontend-v5/assets/wsb-media/بازی-فکری-میکرو-ماکرو-1-شهر-جنایت-Micro-Macro-1-768x768.webp,file,ARCHIVE_CANDIDATE,docs/archive/references/beraito-exact-frontend-v5/assets/wsb-media/بازی-فکری-میکرو-ماکرو-1-شهر-جنایت-Micro-Macro-1-768x768.webp,,TRUE,D
docs/references/beraito-exact-frontend-v5/** assets,docs/references/beraito-exact-frontend-v5/assets/wsb-media/بازی-فکری-میکرو-ماکرو-1-شهر-جنایت-Micro-Macro-1.webp,file,ARCHIVE_CANDIDATE,docs/archive/references/beraito-exact-frontend-v5/assets/wsb-media/بازی-فکری-میکرو-ماکرو-1-شهر-جنایت-Micro-Macro-1.webp,,TRUE,D
docs/references/beraito-exact-frontend-v5/** assets,docs/references/beraito-exact-frontend-v5/assets/wsb-media/بازی-فکری-هدبند-مدل-بازیتا-100x100.webp,file,ARCHIVE_CANDIDATE,docs/archive/references/beraito-exact-frontend-v5/assets/wsb-media/بازی-فکری-هدبند-مدل-بازیتا-100x100.webp,,TRUE,D
docs/references/beraito-exact-frontend-v5/** assets,docs/references/beraito-exact-frontend-v5/assets/wsb-media/بازی-فکری-هدبند-مدل-بازیتا-150x150.webp,file,ARCHIVE_CANDIDATE,docs/archive/references/beraito-exact-frontend-v5/assets/wsb-media/بازی-فکری-هدبند-مدل-بازیتا-150x150.webp,,TRUE,D
docs/references/beraito-exact-frontend-v5/** assets,docs/references/beraito-exact-frontend-v5/assets/wsb-media/بازی-فکری-هدبند-مدل-بازیتا-2-100x100.webp,file,ARCHIVE_CANDIDATE,docs/archive/references/beraito-exact-frontend-v5/assets/wsb-media/بازی-فکری-هدبند-مدل-بازیتا-2-100x100.webp,,TRUE,D
docs/references/beraito-exact-frontend-v5/** assets,docs/references/beraito-exact-frontend-v5/assets/wsb-media/بازی-فکری-هدبند-مدل-بازیتا-2-150x150.webp,file,ARCHIVE_CANDIDATE,docs/archive/references/beraito-exact-frontend-v5/assets/wsb-media/بازی-فکری-هدبند-مدل-بازیتا-2-150x150.webp,,TRUE,D
docs/references/beraito-exact-frontend-v5/** assets,docs/references/beraito-exact-frontend-v5/assets/wsb-media/بازی-فکری-هدبند-مدل-بازیتا-2-300x300.webp,file,ARCHIVE_CANDIDATE,docs/archive/references/beraito-exact-frontend-v5/assets/wsb-media/بازی-فکری-هدبند-مدل-بازیتا-2-300x300.webp,,TRUE,D
docs/references/beraito-exact-frontend-v5/** assets,docs/references/beraito-exact-frontend-v5/assets/wsb-media/بازی-فکری-هدبند-مدل-بازیتا-2-50x50.webp,file,ARCHIVE_CANDIDATE,docs/archive/references/beraito-exact-frontend-v5/assets/wsb-media/بازی-فکری-هدبند-مدل-بازیتا-2-50x50.webp,,TRUE,D
docs/references/beraito-exact-frontend-v5/** assets,docs/references/beraito-exact-frontend-v5/assets/wsb-media/بازی-فکری-هدبند-مدل-بازیتا-2-600x600.webp,file,ARCHIVE_CANDIDATE,docs/archive/references/beraito-exact-frontend-v5/assets/wsb-media/بازی-فکری-هدبند-مدل-بازیتا-2-600x600.webp,,TRUE,D
docs/references/beraito-exact-frontend-v5/** assets,docs/references/beraito-exact-frontend-v5/assets/wsb-media/بازی-فکری-هدبند-مدل-بازیتا-2-768x768.webp,file,ARCHIVE_CANDIDATE,docs/archive/references/beraito-exact-frontend-v5/assets/wsb-media/بازی-فکری-هدبند-مدل-بازیتا-2-768x768.webp,,TRUE,D
docs/references/beraito-exact-frontend-v5/** assets,docs/references/beraito-exact-frontend-v5/assets/wsb-media/بازی-فکری-هدبند-مدل-بازیتا-2.webp,file,ARCHIVE_CANDIDATE,docs/archive/references/beraito-exact-frontend-v5/assets/wsb-media/بازی-فکری-هدبند-مدل-بازیتا-2.webp,,TRUE,D
docs/references/beraito-exact-frontend-v5/** assets,docs/references/beraito-exact-frontend-v5/assets/wsb-media/بازی-فکری-هدبند-مدل-بازیتا-300x300.webp,file,ARCHIVE_CANDIDATE,docs/archive/references/beraito-exact-frontend-v5/assets/wsb-media/بازی-فکری-هدبند-مدل-بازیتا-300x300.webp,,TRUE,D
docs/references/beraito-exact-frontend-v5/** assets,docs/references/beraito-exact-frontend-v5/assets/wsb-media/بازی-فکری-هدبند-مدل-بازیتا-50x50.webp,file,ARCHIVE_CANDIDATE,docs/archive/references/beraito-exact-frontend-v5/assets/wsb-media/بازی-فکری-هدبند-مدل-بازیتا-50x50.webp,,TRUE,D
docs/references/beraito-exact-frontend-v5/** assets,docs/references/beraito-exact-frontend-v5/assets/wsb-media/بازی-فکری-هدبند-مدل-بازیتا-600x600.webp,file,ARCHIVE_CANDIDATE,docs/archive/references/beraito-exact-frontend-v5/assets/wsb-media/بازی-فکری-هدبند-مدل-بازیتا-600x600.webp,,TRUE,D
docs/references/beraito-exact-frontend-v5/** assets,docs/references/beraito-exact-frontend-v5/assets/wsb-media/بازی-فکری-هدبند-مدل-بازیتا-768x768.webp,file,ARCHIVE_CANDIDATE,docs/archive/references/beraito-exact-frontend-v5/assets/wsb-media/بازی-فکری-هدبند-مدل-بازیتا-768x768.webp,,TRUE,D
docs/references/beraito-exact-frontend-v5/** assets,docs/references/beraito-exact-frontend-v5/assets/wsb-media/بازی-فکری-هدبند-مدل-بازیتا.webp,file,ARCHIVE_CANDIDATE,docs/archive/references/beraito-exact-frontend-v5/assets/wsb-media/بازی-فکری-هدبند-مدل-بازیتا.webp,,TRUE,D
docs/references/beraito-exact-frontend-v5/** assets,docs/references/beraito-exact-frontend-v5/assets/wsb-media/برایتو-1700-1.webp,file,ARCHIVE_CANDIDATE,docs/archive/references/beraito-exact-frontend-v5/assets/wsb-media/برایتو-1700-1.webp,,TRUE,D
docs/references/beraito-exact-frontend-v5/** assets,docs/references/beraito-exact-frontend-v5/assets/wsb-media/برایتو-آیکن-1-1-1.webp,file,ARCHIVE_CANDIDATE,docs/archive/references/beraito-exact-frontend-v5/assets/wsb-media/برایتو-آیکن-1-1-1.webp,,TRUE,D
docs/references/beraito-exact-frontend-v5/** assets,docs/references/beraito-exact-frontend-v5/assets/wsb-media/برایتو-آیکن-1-1-2.webp,file,ARCHIVE_CANDIDATE,docs/archive/references/beraito-exact-frontend-v5/assets/wsb-media/برایتو-آیکن-1-1-2.webp,,TRUE,D
docs/references/beraito-exact-frontend-v5/** assets,docs/references/beraito-exact-frontend-v5/assets/wsb-media/برایتو-آیکن-2-1.webp,file,ARCHIVE_CANDIDATE,docs/archive/references/beraito-exact-frontend-v5/assets/wsb-media/برایتو-آیکن-2-1.webp,,TRUE,D
docs/references/beraito-exact-frontend-v5/** assets,docs/references/beraito-exact-frontend-v5/assets/wsb-media/برایتو-آیکن-2-2-1.webp,file,ARCHIVE_CANDIDATE,docs/archive/references/beraito-exact-frontend-v5/assets/wsb-media/برایتو-آیکن-2-2-1.webp,,TRUE,D
docs/references/beraito-exact-frontend-v5/** assets,docs/references/beraito-exact-frontend-v5/assets/wsb-media/برایتو-آیکن-3-1.webp,file,ARCHIVE_CANDIDATE,docs/archive/references/beraito-exact-frontend-v5/assets/wsb-media/برایتو-آیکن-3-1.webp,,TRUE,D
docs/references/beraito-exact-frontend-v5/** assets,docs/references/beraito-exact-frontend-v5/assets/wsb-media/برایتو-آیکن-3-3-1.webp,file,ARCHIVE_CANDIDATE,docs/archive/references/beraito-exact-frontend-v5/assets/wsb-media/برایتو-آیکن-3-3-1.webp,,TRUE,D
docs/references/beraito-exact-frontend-v5/** assets,docs/references/beraito-exact-frontend-v5/assets/wsb-media/برایتو-آیکن-4-1.webp,file,ARCHIVE_CANDIDATE,docs/archive/references/beraito-exact-frontend-v5/assets/wsb-media/برایتو-آیکن-4-1.webp,,TRUE,D
docs/references/beraito-exact-frontend-v5/** assets,docs/references/beraito-exact-frontend-v5/assets/wsb-media/برایتو-آیکن-4-4-1.webp,file,ARCHIVE_CANDIDATE,docs/archive/references/beraito-exact-frontend-v5/assets/wsb-media/برایتو-آیکن-4-4-1.webp,,TRUE,D
docs/references/beraito-exact-frontend-v5/** assets,docs/references/beraito-exact-frontend-v5/assets/wsb-media/برایتو-آیکن-5-1.webp,file,ARCHIVE_CANDIDATE,docs/archive/references/beraito-exact-frontend-v5/assets/wsb-media/برایتو-آیکن-5-1.webp,,TRUE,D
docs/references/beraito-exact-frontend-v5/** assets,docs/references/beraito-exact-frontend-v5/assets/wsb-media/برایتو-آیکن-5-5-1.webp,file,ARCHIVE_CANDIDATE,docs/archive/references/beraito-exact-frontend-v5/assets/wsb-media/برایتو-آیکن-5-5-1.webp,,TRUE,D
docs/references/beraito-exact-frontend-v5/** assets,docs/references/beraito-exact-frontend-v5/assets/wsb-media/برایتو-پست1.webp,file,ARCHIVE_CANDIDATE,docs/archive/references/beraito-exact-frontend-v5/assets/wsb-media/برایتو-پست1.webp,,TRUE,D
docs/references/beraito-exact-frontend-v5/** assets,docs/references/beraito-exact-frontend-v5/assets/wsb-media/برچسب-39-100x100.webp,file,ARCHIVE_CANDIDATE,docs/archive/references/beraito-exact-frontend-v5/assets/wsb-media/برچسب-39-100x100.webp,,TRUE,D
docs/references/beraito-exact-frontend-v5/** assets,docs/references/beraito-exact-frontend-v5/assets/wsb-media/برچسب-39-150x150.webp,file,ARCHIVE_CANDIDATE,docs/archive/references/beraito-exact-frontend-v5/assets/wsb-media/برچسب-39-150x150.webp,,TRUE,D
docs/references/beraito-exact-frontend-v5/** assets,docs/references/beraito-exact-frontend-v5/assets/wsb-media/برچسب-39-300x300.webp,file,ARCHIVE_CANDIDATE,docs/archive/references/beraito-exact-frontend-v5/assets/wsb-media/برچسب-39-300x300.webp,,TRUE,D
docs/references/beraito-exact-frontend-v5/** assets,docs/references/beraito-exact-frontend-v5/assets/wsb-media/برچسب-39-50x50.webp,file,ARCHIVE_CANDIDATE,docs/archive/references/beraito-exact-frontend-v5/assets/wsb-media/برچسب-39-50x50.webp,,TRUE,D
docs/references/beraito-exact-frontend-v5/** assets,docs/references/beraito-exact-frontend-v5/assets/wsb-media/برچسب-39-600x600.webp,file,ARCHIVE_CANDIDATE,docs/archive/references/beraito-exact-frontend-v5/assets/wsb-media/برچسب-39-600x600.webp,,TRUE,D
docs/references/beraito-exact-frontend-v5/** assets,docs/references/beraito-exact-frontend-v5/assets/wsb-media/برچسب-39-768x768.webp,file,ARCHIVE_CANDIDATE,docs/archive/references/beraito-exact-frontend-v5/assets/wsb-media/برچسب-39-768x768.webp,,TRUE,D
docs/references/beraito-exact-frontend-v5/** assets,docs/references/beraito-exact-frontend-v5/assets/wsb-media/برچسب-39.webp,file,ARCHIVE_CANDIDATE,docs/archive/references/beraito-exact-frontend-v5/assets/wsb-media/برچسب-39.webp,,TRUE,D
docs/references/beraito-exact-frontend-v5/** assets,docs/references/beraito-exact-frontend-v5/assets/wsb-media/برچسب-برجسته-طرح-وسیله-نقلیه-موتور-یا-ماشین-100x100.webp,file,ARCHIVE_CANDIDATE,docs/archive/references/beraito-exact-frontend-v5/assets/wsb-media/برچسب-برجسته-طرح-وسیله-نقلیه-موتور-یا-ماشین-100x100.webp,,TRUE,D
docs/references/beraito-exact-frontend-v5/** assets,docs/references/beraito-exact-frontend-v5/assets/wsb-media/برچسب-برجسته-طرح-وسیله-نقلیه-موتور-یا-ماشین-150x150.webp,file,ARCHIVE_CANDIDATE,docs/archive/references/beraito-exact-frontend-v5/assets/wsb-media/برچسب-برجسته-طرح-وسیله-نقلیه-موتور-یا-ماشین-150x150.webp,,TRUE,D
docs/references/beraito-exact-frontend-v5/** assets,docs/references/beraito-exact-frontend-v5/assets/wsb-media/برچسب-برجسته-طرح-وسیله-نقلیه-موتور-یا-ماشین-300x300.webp,file,ARCHIVE_CANDIDATE,docs/archive/references/beraito-exact-frontend-v5/assets/wsb-media/برچسب-برجسته-طرح-وسیله-نقلیه-موتور-یا-ماشین-300x300.webp,,TRUE,D
docs/references/beraito-exact-frontend-v5/** assets,docs/references/beraito-exact-frontend-v5/assets/wsb-media/برچسب-برجسته-طرح-وسیله-نقلیه-موتور-یا-ماشین-50x50.webp,file,ARCHIVE_CANDIDATE,docs/archive/references/beraito-exact-frontend-v5/assets/wsb-media/برچسب-برجسته-طرح-وسیله-نقلیه-موتور-یا-ماشین-50x50.webp,,TRUE,D
docs/references/beraito-exact-frontend-v5/** assets,docs/references/beraito-exact-frontend-v5/assets/wsb-media/برچسب-برجسته-طرح-وسیله-نقلیه-موتور-یا-ماشین-600x600.webp,file,ARCHIVE_CANDIDATE,docs/archive/references/beraito-exact-frontend-v5/assets/wsb-media/برچسب-برجسته-طرح-وسیله-نقلیه-موتور-یا-ماشین-600x600.webp,,TRUE,D
docs/references/beraito-exact-frontend-v5/** assets,docs/references/beraito-exact-frontend-v5/assets/wsb-media/برچسب-برجسته-طرح-وسیله-نقلیه-موتور-یا-ماشین-768x768.webp,file,ARCHIVE_CANDIDATE,docs/archive/references/beraito-exact-frontend-v5/assets/wsb-media/برچسب-برجسته-طرح-وسیله-نقلیه-موتور-یا-ماشین-768x768.webp,,TRUE,D
docs/references/beraito-exact-frontend-v5/** assets,docs/references/beraito-exact-frontend-v5/assets/wsb-media/برچسب-برجسته-طرح-وسیله-نقلیه-موتور-یا-ماشین.webp,file,ARCHIVE_CANDIDATE,docs/archive/references/beraito-exact-frontend-v5/assets/wsb-media/برچسب-برجسته-طرح-وسیله-نقلیه-موتور-یا-ماشین.webp,,TRUE,D
docs/references/beraito-exact-frontend-v5/** assets,docs/references/beraito-exact-frontend-v5/assets/wsb-media/بنر۲-برایتو-۱۰۰۰-1.webp,file,ARCHIVE_CANDIDATE,docs/archive/references/beraito-exact-frontend-v5/assets/wsb-media/بنر۲-برایتو-۱۰۰۰-1.webp,,TRUE,D
docs/references/beraito-exact-frontend-v5/** assets,docs/references/beraito-exact-frontend-v5/assets/wsb-media/بهترین-مداد-رنگی-برای-مدرسه.jpg-100x100.webp,file,ARCHIVE_CANDIDATE,docs/archive/references/beraito-exact-frontend-v5/assets/wsb-media/بهترین-مداد-رنگی-برای-مدرسه.jpg-100x100.webp,,TRUE,D
docs/references/beraito-exact-frontend-v5/** assets,docs/references/beraito-exact-frontend-v5/assets/wsb-media/بهترین-مداد-رنگی-برای-مدرسه.jpg-150x150.webp,file,ARCHIVE_CANDIDATE,docs/archive/references/beraito-exact-frontend-v5/assets/wsb-media/بهترین-مداد-رنگی-برای-مدرسه.jpg-150x150.webp,,TRUE,D
docs/references/beraito-exact-frontend-v5/** assets,docs/references/beraito-exact-frontend-v5/assets/wsb-media/بهترین-مداد-رنگی-برای-مدرسه.jpg-300x300.webp,file,ARCHIVE_CANDIDATE,docs/archive/references/beraito-exact-frontend-v5/assets/wsb-media/بهترین-مداد-رنگی-برای-مدرسه.jpg-300x300.webp,,TRUE,D
docs/references/beraito-exact-frontend-v5/** assets,docs/references/beraito-exact-frontend-v5/assets/wsb-media/بهترین-مداد-رنگی-برای-مدرسه.jpg-50x50.webp,file,ARCHIVE_CANDIDATE,docs/archive/references/beraito-exact-frontend-v5/assets/wsb-media/بهترین-مداد-رنگی-برای-مدرسه.jpg-50x50.webp,,TRUE,D
docs/references/beraito-exact-frontend-v5/** assets,docs/references/beraito-exact-frontend-v5/assets/wsb-media/تقویم-1405.webp,file,ARCHIVE_CANDIDATE,docs/archive/references/beraito-exact-frontend-v5/assets/wsb-media/تقویم-1405.webp,,TRUE,D
docs/references/beraito-exact-frontend-v5/** assets,docs/references/beraito-exact-frontend-v5/assets/wsb-media/تپه-ندیده-100x100.webp,file,ARCHIVE_CANDIDATE,docs/archive/references/beraito-exact-frontend-v5/assets/wsb-media/تپه-ندیده-100x100.webp,,TRUE,D
docs/references/beraito-exact-frontend-v5/** assets,docs/references/beraito-exact-frontend-v5/assets/wsb-media/تپه-ندیده-150x150.webp,file,ARCHIVE_CANDIDATE,docs/archive/references/beraito-exact-frontend-v5/assets/wsb-media/تپه-ندیده-150x150.webp,,TRUE,D
docs/references/beraito-exact-frontend-v5/** assets,docs/references/beraito-exact-frontend-v5/assets/wsb-media/تپه-ندیده-3-100x100.webp,file,ARCHIVE_CANDIDATE,docs/archive/references/beraito-exact-frontend-v5/assets/wsb-media/تپه-ندیده-3-100x100.webp,,TRUE,D
docs/references/beraito-exact-frontend-v5/** assets,docs/references/beraito-exact-frontend-v5/assets/wsb-media/تپه-ندیده-3-150x150.webp,file,ARCHIVE_CANDIDATE,docs/archive/references/beraito-exact-frontend-v5/assets/wsb-media/تپه-ندیده-3-150x150.webp,,TRUE,D
docs/references/beraito-exact-frontend-v5/** assets,docs/references/beraito-exact-frontend-v5/assets/wsb-media/تپه-ندیده-3-300x300.webp,file,ARCHIVE_CANDIDATE,docs/archive/references/beraito-exact-frontend-v5/assets/wsb-media/تپه-ندیده-3-300x300.webp,,TRUE,D
docs/references/beraito-exact-frontend-v5/** assets,docs/references/beraito-exact-frontend-v5/assets/wsb-media/تپه-ندیده-3-50x50.webp,file,ARCHIVE_CANDIDATE,docs/archive/references/beraito-exact-frontend-v5/assets/wsb-media/تپه-ندیده-3-50x50.webp,,TRUE,D
docs/references/beraito-exact-frontend-v5/** assets,docs/references/beraito-exact-frontend-v5/assets/wsb-media/تپه-ندیده-3-600x600.webp,file,ARCHIVE_CANDIDATE,docs/archive/references/beraito-exact-frontend-v5/assets/wsb-media/تپه-ندیده-3-600x600.webp,,TRUE,D
docs/references/beraito-exact-frontend-v5/** assets,docs/references/beraito-exact-frontend-v5/assets/wsb-media/تپه-ندیده-3-768x768.webp,file,ARCHIVE_CANDIDATE,docs/archive/references/beraito-exact-frontend-v5/assets/wsb-media/تپه-ندیده-3-768x768.webp,,TRUE,D
docs/references/beraito-exact-frontend-v5/** assets,docs/references/beraito-exact-frontend-v5/assets/wsb-media/تپه-ندیده-3.webp,file,ARCHIVE_CANDIDATE,docs/archive/references/beraito-exact-frontend-v5/assets/wsb-media/تپه-ندیده-3.webp,,TRUE,D
docs/references/beraito-exact-frontend-v5/** assets,docs/references/beraito-exact-frontend-v5/assets/wsb-media/تپه-ندیده-300x300.webp,file,ARCHIVE_CANDIDATE,docs/archive/references/beraito-exact-frontend-v5/assets/wsb-media/تپه-ندیده-300x300.webp,,TRUE,D
docs/references/beraito-exact-frontend-v5/** assets,docs/references/beraito-exact-frontend-v5/assets/wsb-media/تپه-ندیده-50x50.webp,file,ARCHIVE_CANDIDATE,docs/archive/references/beraito-exact-frontend-v5/assets/wsb-media/تپه-ندیده-50x50.webp,,TRUE,D
docs/references/beraito-exact-frontend-v5/** assets,docs/references/beraito-exact-frontend-v5/assets/wsb-media/تپه-ندیده-600x600.webp,file,ARCHIVE_CANDIDATE,docs/archive/references/beraito-exact-frontend-v5/assets/wsb-media/تپه-ندیده-600x600.webp,,TRUE,D
docs/references/beraito-exact-frontend-v5/** assets,docs/references/beraito-exact-frontend-v5/assets/wsb-media/تپه-ندیده-768x768.webp,file,ARCHIVE_CANDIDATE,docs/archive/references/beraito-exact-frontend-v5/assets/wsb-media/تپه-ندیده-768x768.webp,,TRUE,D
docs/references/beraito-exact-frontend-v5/** assets,docs/references/beraito-exact-frontend-v5/assets/wsb-media/تپه-ندیده.webp,file,ARCHIVE_CANDIDATE,docs/archive/references/beraito-exact-frontend-v5/assets/wsb-media/تپه-ندیده.webp,,TRUE,D
docs/references/beraito-exact-frontend-v5/** assets,docs/references/beraito-exact-frontend-v5/assets/wsb-media/جنگل-مخوف-100x100.webp,file,ARCHIVE_CANDIDATE,docs/archive/references/beraito-exact-frontend-v5/assets/wsb-media/جنگل-مخوف-100x100.webp,,TRUE,D
docs/references/beraito-exact-frontend-v5/** assets,docs/references/beraito-exact-frontend-v5/assets/wsb-media/جنگل-مخوف-150x150.webp,file,ARCHIVE_CANDIDATE,docs/archive/references/beraito-exact-frontend-v5/assets/wsb-media/جنگل-مخوف-150x150.webp,,TRUE,D
docs/references/beraito-exact-frontend-v5/** assets,docs/references/beraito-exact-frontend-v5/assets/wsb-media/جنگل-مخوف-3-100x100.webp,file,ARCHIVE_CANDIDATE,docs/archive/references/beraito-exact-frontend-v5/assets/wsb-media/جنگل-مخوف-3-100x100.webp,,TRUE,D
docs/references/beraito-exact-frontend-v5/** assets,docs/references/beraito-exact-frontend-v5/assets/wsb-media/جنگل-مخوف-3-150x150.webp,file,ARCHIVE_CANDIDATE,docs/archive/references/beraito-exact-frontend-v5/assets/wsb-media/جنگل-مخوف-3-150x150.webp,,TRUE,D
docs/references/beraito-exact-frontend-v5/** assets,docs/references/beraito-exact-frontend-v5/assets/wsb-media/جنگل-مخوف-3-300x300.webp,file,ARCHIVE_CANDIDATE,docs/archive/references/beraito-exact-frontend-v5/assets/wsb-media/جنگل-مخوف-3-300x300.webp,,TRUE,D
docs/references/beraito-exact-frontend-v5/** assets,docs/references/beraito-exact-frontend-v5/assets/wsb-media/جنگل-مخوف-3-50x50.webp,file,ARCHIVE_CANDIDATE,docs/archive/references/beraito-exact-frontend-v5/assets/wsb-media/جنگل-مخوف-3-50x50.webp,,TRUE,D
docs/references/beraito-exact-frontend-v5/** assets,docs/references/beraito-exact-frontend-v5/assets/wsb-media/جنگل-مخوف-3-600x600.webp,file,ARCHIVE_CANDIDATE,docs/archive/references/beraito-exact-frontend-v5/assets/wsb-media/جنگل-مخوف-3-600x600.webp,,TRUE,D
docs/references/beraito-exact-frontend-v5/** assets,docs/references/beraito-exact-frontend-v5/assets/wsb-media/جنگل-مخوف-3-768x768.webp,file,ARCHIVE_CANDIDATE,docs/archive/references/beraito-exact-frontend-v5/assets/wsb-media/جنگل-مخوف-3-768x768.webp,,TRUE,D
docs/references/beraito-exact-frontend-v5/** assets,docs/references/beraito-exact-frontend-v5/assets/wsb-media/جنگل-مخوف-3.webp,file,ARCHIVE_CANDIDATE,docs/archive/references/beraito-exact-frontend-v5/assets/wsb-media/جنگل-مخوف-3.webp,,TRUE,D
docs/references/beraito-exact-frontend-v5/** assets,docs/references/beraito-exact-frontend-v5/assets/wsb-media/جنگل-مخوف-300x300.webp,file,ARCHIVE_CANDIDATE,docs/archive/references/beraito-exact-frontend-v5/assets/wsb-media/جنگل-مخوف-300x300.webp,,TRUE,D
docs/references/beraito-exact-frontend-v5/** assets,docs/references/beraito-exact-frontend-v5/assets/wsb-media/جنگل-مخوف-50x50.webp,file,ARCHIVE_CANDIDATE,docs/archive/references/beraito-exact-frontend-v5/assets/wsb-media/جنگل-مخوف-50x50.webp,,TRUE,D
docs/references/beraito-exact-frontend-v5/** assets,docs/references/beraito-exact-frontend-v5/assets/wsb-media/جنگل-مخوف-600x600.webp,file,ARCHIVE_CANDIDATE,docs/archive/references/beraito-exact-frontend-v5/assets/wsb-media/جنگل-مخوف-600x600.webp,,TRUE,D
docs/references/beraito-exact-frontend-v5/** assets,docs/references/beraito-exact-frontend-v5/assets/wsb-media/جنگل-مخوف-768x768.webp,file,ARCHIVE_CANDIDATE,docs/archive/references/beraito-exact-frontend-v5/assets/wsb-media/جنگل-مخوف-768x768.webp,,TRUE,D
docs/references/beraito-exact-frontend-v5/** assets,docs/references/beraito-exact-frontend-v5/assets/wsb-media/جنگل-مخوف.webp,file,ARCHIVE_CANDIDATE,docs/archive/references/beraito-exact-frontend-v5/assets/wsb-media/جنگل-مخوف.webp,,TRUE,D
docs/references/beraito-exact-frontend-v5/** assets,docs/references/beraito-exact-frontend-v5/assets/wsb-media/خاطرات.webp,file,ARCHIVE_CANDIDATE,docs/archive/references/beraito-exact-frontend-v5/assets/wsb-media/خاطرات.webp,,TRUE,D
docs/references/beraito-exact-frontend-v5/** assets,docs/references/beraito-exact-frontend-v5/assets/wsb-media/خمیر-مجسمه-سازی-ایرانی-100x100.webp,file,ARCHIVE_CANDIDATE,docs/archive/references/beraito-exact-frontend-v5/assets/wsb-media/خمیر-مجسمه-سازی-ایرانی-100x100.webp,,TRUE,D
docs/references/beraito-exact-frontend-v5/** assets,docs/references/beraito-exact-frontend-v5/assets/wsb-media/خمیر-مجسمه-سازی-ایرانی-150x150.webp,file,ARCHIVE_CANDIDATE,docs/archive/references/beraito-exact-frontend-v5/assets/wsb-media/خمیر-مجسمه-سازی-ایرانی-150x150.webp,,TRUE,D
docs/references/beraito-exact-frontend-v5/** assets,docs/references/beraito-exact-frontend-v5/assets/wsb-media/خمیر-مجسمه-سازی-ایرانی-2-100x100.webp,file,ARCHIVE_CANDIDATE,docs/archive/references/beraito-exact-frontend-v5/assets/wsb-media/خمیر-مجسمه-سازی-ایرانی-2-100x100.webp,,TRUE,D
docs/references/beraito-exact-frontend-v5/** assets,docs/references/beraito-exact-frontend-v5/assets/wsb-media/خمیر-مجسمه-سازی-ایرانی-2-150x150.webp,file,ARCHIVE_CANDIDATE,docs/archive/references/beraito-exact-frontend-v5/assets/wsb-media/خمیر-مجسمه-سازی-ایرانی-2-150x150.webp,,TRUE,D
docs/references/beraito-exact-frontend-v5/** assets,docs/references/beraito-exact-frontend-v5/assets/wsb-media/خمیر-مجسمه-سازی-ایرانی-2-300x300.webp,file,ARCHIVE_CANDIDATE,docs/archive/references/beraito-exact-frontend-v5/assets/wsb-media/خمیر-مجسمه-سازی-ایرانی-2-300x300.webp,,TRUE,D
docs/references/beraito-exact-frontend-v5/** assets,docs/references/beraito-exact-frontend-v5/assets/wsb-media/خمیر-مجسمه-سازی-ایرانی-2-50x50.webp,file,ARCHIVE_CANDIDATE,docs/archive/references/beraito-exact-frontend-v5/assets/wsb-media/خمیر-مجسمه-سازی-ایرانی-2-50x50.webp,,TRUE,D
docs/references/beraito-exact-frontend-v5/** assets,docs/references/beraito-exact-frontend-v5/assets/wsb-media/خمیر-مجسمه-سازی-ایرانی-2-600x600.webp,file,ARCHIVE_CANDIDATE,docs/archive/references/beraito-exact-frontend-v5/assets/wsb-media/خمیر-مجسمه-سازی-ایرانی-2-600x600.webp,,TRUE,D
docs/references/beraito-exact-frontend-v5/** assets,docs/references/beraito-exact-frontend-v5/assets/wsb-media/خمیر-مجسمه-سازی-ایرانی-2-768x768.webp,file,ARCHIVE_CANDIDATE,docs/archive/references/beraito-exact-frontend-v5/assets/wsb-media/خمیر-مجسمه-سازی-ایرانی-2-768x768.webp,,TRUE,D
docs/references/beraito-exact-frontend-v5/** assets,docs/references/beraito-exact-frontend-v5/assets/wsb-media/خمیر-مجسمه-سازی-ایرانی-2.webp,file,ARCHIVE_CANDIDATE,docs/archive/references/beraito-exact-frontend-v5/assets/wsb-media/خمیر-مجسمه-سازی-ایرانی-2.webp,,TRUE,D
docs/references/beraito-exact-frontend-v5/** assets,docs/references/beraito-exact-frontend-v5/assets/wsb-media/خمیر-مجسمه-سازی-ایرانی-300x300.webp,file,ARCHIVE_CANDIDATE,docs/archive/references/beraito-exact-frontend-v5/assets/wsb-media/خمیر-مجسمه-سازی-ایرانی-300x300.webp,,TRUE,D
docs/references/beraito-exact-frontend-v5/** assets,docs/references/beraito-exact-frontend-v5/assets/wsb-media/خمیر-مجسمه-سازی-ایرانی-50x50.webp,file,ARCHIVE_CANDIDATE,docs/archive/references/beraito-exact-frontend-v5/assets/wsb-media/خمیر-مجسمه-سازی-ایرانی-50x50.webp,,TRUE,D
docs/references/beraito-exact-frontend-v5/** assets,docs/references/beraito-exact-frontend-v5/assets/wsb-media/خمیر-مجسمه-سازی-ایرانی-600x600.webp,file,ARCHIVE_CANDIDATE,docs/archive/references/beraito-exact-frontend-v5/assets/wsb-media/خمیر-مجسمه-سازی-ایرانی-600x600.webp,,TRUE,D
docs/references/beraito-exact-frontend-v5/** assets,docs/references/beraito-exact-frontend-v5/assets/wsb-media/خمیر-مجسمه-سازی-ایرانی-768x768.webp,file,ARCHIVE_CANDIDATE,docs/archive/references/beraito-exact-frontend-v5/assets/wsb-media/خمیر-مجسمه-سازی-ایرانی-768x768.webp,,TRUE,D
docs/references/beraito-exact-frontend-v5/** assets,docs/references/beraito-exact-frontend-v5/assets/wsb-media/خمیر-مجسمه-سازی-ایرانی.webp,file,ARCHIVE_CANDIDATE,docs/archive/references/beraito-exact-frontend-v5/assets/wsb-media/خمیر-مجسمه-سازی-ایرانی.webp,,TRUE,D
docs/references/beraito-exact-frontend-v5/** assets,docs/references/beraito-exact-frontend-v5/assets/wsb-media/خودکار-و-خودنویس.webp,file,ARCHIVE_CANDIDATE,docs/archive/references/beraito-exact-frontend-v5/assets/wsb-media/خودکار-و-خودنویس.webp,,TRUE,D
docs/references/beraito-exact-frontend-v5/** assets,docs/references/beraito-exact-frontend-v5/assets/wsb-media/خودکار.webp,file,ARCHIVE_CANDIDATE,docs/archive/references/beraito-exact-frontend-v5/assets/wsb-media/خودکار.webp,,TRUE,D
docs/references/beraito-exact-frontend-v5/** assets,docs/references/beraito-exact-frontend-v5/assets/wsb-media/دفتر-مشق-60-برگ-سیمی-جلد-دار-مجلد-نهال-مکث-طرح-فانتزی-کد-9614-100x100.webp,file,ARCHIVE_CANDIDATE,docs/archive/references/beraito-exact-frontend-v5/assets/wsb-media/دفتر-مشق-60-برگ-سیمی-جلد-دار-مجلد-نهال-مکث-طرح-فانتزی-کد-9614-100x100.webp,,TRUE,D
docs/references/beraito-exact-frontend-v5/** assets,docs/references/beraito-exact-frontend-v5/assets/wsb-media/دفتر-مشق-60-برگ-سیمی-جلد-دار-مجلد-نهال-مکث-طرح-فانتزی-کد-9614-150x150.webp,file,ARCHIVE_CANDIDATE,docs/archive/references/beraito-exact-frontend-v5/assets/wsb-media/دفتر-مشق-60-برگ-سیمی-جلد-دار-مجلد-نهال-مکث-طرح-فانتزی-کد-9614-150x150.webp,,TRUE,D
docs/references/beraito-exact-frontend-v5/** assets,docs/references/beraito-exact-frontend-v5/assets/wsb-media/دفتر-مشق-60-برگ-سیمی-جلد-دار-مجلد-نهال-مکث-طرح-فانتزی-کد-9614-2-100x100.webp,file,ARCHIVE_CANDIDATE,docs/archive/references/beraito-exact-frontend-v5/assets/wsb-media/دفتر-مشق-60-برگ-سیمی-جلد-دار-مجلد-نهال-مکث-طرح-فانتزی-کد-9614-2-100x100.webp,,TRUE,D
docs/references/beraito-exact-frontend-v5/** assets,docs/references/beraito-exact-frontend-v5/assets/wsb-media/دفتر-مشق-60-برگ-سیمی-جلد-دار-مجلد-نهال-مکث-طرح-فانتزی-کد-9614-2-150x150.webp,file,ARCHIVE_CANDIDATE,docs/archive/references/beraito-exact-frontend-v5/assets/wsb-media/دفتر-مشق-60-برگ-سیمی-جلد-دار-مجلد-نهال-مکث-طرح-فانتزی-کد-9614-2-150x150.webp,,TRUE,D
docs/references/beraito-exact-frontend-v5/** assets,docs/references/beraito-exact-frontend-v5/assets/wsb-media/دفتر-مشق-60-برگ-سیمی-جلد-دار-مجلد-نهال-مکث-طرح-فانتزی-کد-9614-2-300x300.webp,file,ARCHIVE_CANDIDATE,docs/archive/references/beraito-exact-frontend-v5/assets/wsb-media/دفتر-مشق-60-برگ-سیمی-جلد-دار-مجلد-نهال-مکث-طرح-فانتزی-کد-9614-2-300x300.webp,,TRUE,D
docs/references/beraito-exact-frontend-v5/** assets,docs/references/beraito-exact-frontend-v5/assets/wsb-media/دفتر-مشق-60-برگ-سیمی-جلد-دار-مجلد-نهال-مکث-طرح-فانتزی-کد-9614-2-50x50.webp,file,ARCHIVE_CANDIDATE,docs/archive/references/beraito-exact-frontend-v5/assets/wsb-media/دفتر-مشق-60-برگ-سیمی-جلد-دار-مجلد-نهال-مکث-طرح-فانتزی-کد-9614-2-50x50.webp,,TRUE,D
docs/references/beraito-exact-frontend-v5/** assets,docs/references/beraito-exact-frontend-v5/assets/wsb-media/دفتر-مشق-60-برگ-سیمی-جلد-دار-مجلد-نهال-مکث-طرح-فانتزی-کد-9614-2-600x600.webp,file,ARCHIVE_CANDIDATE,docs/archive/references/beraito-exact-frontend-v5/assets/wsb-media/دفتر-مشق-60-برگ-سیمی-جلد-دار-مجلد-نهال-مکث-طرح-فانتزی-کد-9614-2-600x600.webp,,TRUE,D
docs/references/beraito-exact-frontend-v5/** assets,docs/references/beraito-exact-frontend-v5/assets/wsb-media/دفتر-مشق-60-برگ-سیمی-جلد-دار-مجلد-نهال-مکث-طرح-فانتزی-کد-9614-2-64x64.webp,file,ARCHIVE_CANDIDATE,docs/archive/references/beraito-exact-frontend-v5/assets/wsb-media/دفتر-مشق-60-برگ-سیمی-جلد-دار-مجلد-نهال-مکث-طرح-فانتزی-کد-9614-2-64x64.webp,,TRUE,D
docs/references/beraito-exact-frontend-v5/** assets,docs/references/beraito-exact-frontend-v5/assets/wsb-media/دفتر-مشق-60-برگ-سیمی-جلد-دار-مجلد-نهال-مکث-طرح-فانتزی-کد-9614-2-768x768.webp,file,ARCHIVE_CANDIDATE,docs/archive/references/beraito-exact-frontend-v5/assets/wsb-media/دفتر-مشق-60-برگ-سیمی-جلد-دار-مجلد-نهال-مکث-طرح-فانتزی-کد-9614-2-768x768.webp,,TRUE,D
docs/references/beraito-exact-frontend-v5/** assets,docs/references/beraito-exact-frontend-v5/assets/wsb-media/دفتر-مشق-60-برگ-سیمی-جلد-دار-مجلد-نهال-مکث-طرح-فانتزی-کد-9614-2.webp,file,ARCHIVE_CANDIDATE,docs/archive/references/beraito-exact-frontend-v5/assets/wsb-media/دفتر-مشق-60-برگ-سیمی-جلد-دار-مجلد-نهال-مکث-طرح-فانتزی-کد-9614-2.webp,,TRUE,D
docs/references/beraito-exact-frontend-v5/** assets,docs/references/beraito-exact-frontend-v5/assets/wsb-media/دفتر-مشق-60-برگ-سیمی-جلد-دار-مجلد-نهال-مکث-طرح-فانتزی-کد-9614-300x300.webp,file,ARCHIVE_CANDIDATE,docs/archive/references/beraito-exact-frontend-v5/assets/wsb-media/دفتر-مشق-60-برگ-سیمی-جلد-دار-مجلد-نهال-مکث-طرح-فانتزی-کد-9614-300x300.webp,,TRUE,D
docs/references/beraito-exact-frontend-v5/** assets,docs/references/beraito-exact-frontend-v5/assets/wsb-media/دفتر-مشق-60-برگ-سیمی-جلد-دار-مجلد-نهال-مکث-طرح-فانتزی-کد-9614-50x50.webp,file,ARCHIVE_CANDIDATE,docs/archive/references/beraito-exact-frontend-v5/assets/wsb-media/دفتر-مشق-60-برگ-سیمی-جلد-دار-مجلد-نهال-مکث-طرح-فانتزی-کد-9614-50x50.webp,,TRUE,D
docs/references/beraito-exact-frontend-v5/** assets,docs/references/beraito-exact-frontend-v5/assets/wsb-media/دفتر-مشق-60-برگ-سیمی-جلد-دار-مجلد-نهال-مکث-طرح-فانتزی-کد-9614-600x600.webp,file,ARCHIVE_CANDIDATE,docs/archive/references/beraito-exact-frontend-v5/assets/wsb-media/دفتر-مشق-60-برگ-سیمی-جلد-دار-مجلد-نهال-مکث-طرح-فانتزی-کد-9614-600x600.webp,,TRUE,D
docs/references/beraito-exact-frontend-v5/** assets,docs/references/beraito-exact-frontend-v5/assets/wsb-media/دفتر-مشق-60-برگ-سیمی-جلد-دار-مجلد-نهال-مکث-طرح-فانتزی-کد-9614-64x64.webp,file,ARCHIVE_CANDIDATE,docs/archive/references/beraito-exact-frontend-v5/assets/wsb-media/دفتر-مشق-60-برگ-سیمی-جلد-دار-مجلد-نهال-مکث-طرح-فانتزی-کد-9614-64x64.webp,,TRUE,D
docs/references/beraito-exact-frontend-v5/** assets,docs/references/beraito-exact-frontend-v5/assets/wsb-media/دفتر-مشق-60-برگ-سیمی-جلد-دار-مجلد-نهال-مکث-طرح-فانتزی-کد-9614-768x768.webp,file,ARCHIVE_CANDIDATE,docs/archive/references/beraito-exact-frontend-v5/assets/wsb-media/دفتر-مشق-60-برگ-سیمی-جلد-دار-مجلد-نهال-مکث-طرح-فانتزی-کد-9614-768x768.webp,,TRUE,D
docs/references/beraito-exact-frontend-v5/** assets,docs/references/beraito-exact-frontend-v5/assets/wsb-media/دفتر-مشق-60-برگ-سیمی-جلد-دار-مجلد-نهال-مکث-طرح-فانتزی-کد-9614.webp,file,ARCHIVE_CANDIDATE,docs/archive/references/beraito-exact-frontend-v5/assets/wsb-media/دفتر-مشق-60-برگ-سیمی-جلد-دار-مجلد-نهال-مکث-طرح-فانتزی-کد-9614.webp,,TRUE,D
docs/references/beraito-exact-frontend-v5/** assets,docs/references/beraito-exact-frontend-v5/assets/wsb-media/دفتر-نقاشی-دخترانه-50-برگ-فانتزی-سیمی-طلقی-سایز-وزیری-100x100.webp,file,ARCHIVE_CANDIDATE,docs/archive/references/beraito-exact-frontend-v5/assets/wsb-media/دفتر-نقاشی-دخترانه-50-برگ-فانتزی-سیمی-طلقی-سایز-وزیری-100x100.webp,,TRUE,D
docs/references/beraito-exact-frontend-v5/** assets,docs/references/beraito-exact-frontend-v5/assets/wsb-media/دفتر-نقاشی-دخترانه-50-برگ-فانتزی-سیمی-طلقی-سایز-وزیری-150x150.webp,file,ARCHIVE_CANDIDATE,docs/archive/references/beraito-exact-frontend-v5/assets/wsb-media/دفتر-نقاشی-دخترانه-50-برگ-فانتزی-سیمی-طلقی-سایز-وزیری-150x150.webp,,TRUE,D
docs/references/beraito-exact-frontend-v5/** assets,docs/references/beraito-exact-frontend-v5/assets/wsb-media/دفتر-نقاشی-دخترانه-50-برگ-فانتزی-سیمی-طلقی-سایز-وزیری-300x300.webp,file,ARCHIVE_CANDIDATE,docs/archive/references/beraito-exact-frontend-v5/assets/wsb-media/دفتر-نقاشی-دخترانه-50-برگ-فانتزی-سیمی-طلقی-سایز-وزیری-300x300.webp,,TRUE,D
docs/references/beraito-exact-frontend-v5/** assets,docs/references/beraito-exact-frontend-v5/assets/wsb-media/دفتر-نقاشی-دخترانه-50-برگ-فانتزی-سیمی-طلقی-سایز-وزیری-50x50.webp,file,ARCHIVE_CANDIDATE,docs/archive/references/beraito-exact-frontend-v5/assets/wsb-media/دفتر-نقاشی-دخترانه-50-برگ-فانتزی-سیمی-طلقی-سایز-وزیری-50x50.webp,,TRUE,D
docs/references/beraito-exact-frontend-v5/** assets,docs/references/beraito-exact-frontend-v5/assets/wsb-media/دفتر-نقاشی-دخترانه-50-برگ-فانتزی-سیمی-طلقی-سایز-وزیری-600x600.webp,file,ARCHIVE_CANDIDATE,docs/archive/references/beraito-exact-frontend-v5/assets/wsb-media/دفتر-نقاشی-دخترانه-50-برگ-فانتزی-سیمی-طلقی-سایز-وزیری-600x600.webp,,TRUE,D
docs/references/beraito-exact-frontend-v5/** assets,docs/references/beraito-exact-frontend-v5/assets/wsb-media/دفتر-نقاشی-دخترانه-50-برگ-فانتزی-سیمی-طلقی-سایز-وزیری-768x768.webp,file,ARCHIVE_CANDIDATE,docs/archive/references/beraito-exact-frontend-v5/assets/wsb-media/دفتر-نقاشی-دخترانه-50-برگ-فانتزی-سیمی-طلقی-سایز-وزیری-768x768.webp,,TRUE,D
docs/references/beraito-exact-frontend-v5/** assets,docs/references/beraito-exact-frontend-v5/assets/wsb-media/دفتر-نقاشی-دخترانه-50-برگ-فانتزی-سیمی-طلقی-سایز-وزیری.webp,file,ARCHIVE_CANDIDATE,docs/archive/references/beraito-exact-frontend-v5/assets/wsb-media/دفتر-نقاشی-دخترانه-50-برگ-فانتزی-سیمی-طلقی-سایز-وزیری.webp,,TRUE,D
docs/references/beraito-exact-frontend-v5/** assets,docs/references/beraito-exact-frontend-v5/assets/wsb-media/ست-رو-میزی.webp,file,ARCHIVE_CANDIDATE,docs/archive/references/beraito-exact-frontend-v5/assets/wsb-media/ست-رو-میزی.webp,,TRUE,D
docs/references/beraito-exact-frontend-v5/** assets,docs/references/beraito-exact-frontend-v5/assets/wsb-media/سی-دی.webp,file,ARCHIVE_CANDIDATE,docs/archive/references/beraito-exact-frontend-v5/assets/wsb-media/سی-دی.webp,,TRUE,D
docs/references/beraito-exact-frontend-v5/** assets,docs/references/beraito-exact-frontend-v5/assets/wsb-media/لوکیشن-برایتو-300x102.webp,file,ARCHIVE_CANDIDATE,docs/archive/references/beraito-exact-frontend-v5/assets/wsb-media/لوکیشن-برایتو-300x102.webp,,TRUE,D
docs/references/beraito-exact-frontend-v5/** assets,docs/references/beraito-exact-frontend-v5/assets/wsb-media/لوکیشن-برایتو-64x22.webp,file,ARCHIVE_CANDIDATE,docs/archive/references/beraito-exact-frontend-v5/assets/wsb-media/لوکیشن-برایتو-64x22.webp,,TRUE,D
docs/references/beraito-exact-frontend-v5/** assets,docs/references/beraito-exact-frontend-v5/assets/wsb-media/لوکیشن-برایتو.webp,file,ARCHIVE_CANDIDATE,docs/archive/references/beraito-exact-frontend-v5/assets/wsb-media/لوکیشن-برایتو.webp,,TRUE,D
docs/references/beraito-exact-frontend-v5/** assets,docs/references/beraito-exact-frontend-v5/assets/wsb-media/ماژیک.webp,file,ARCHIVE_CANDIDATE,docs/archive/references/beraito-exact-frontend-v5/assets/wsb-media/ماژیک.webp,,TRUE,D
docs/references/beraito-exact-frontend-v5/** assets,docs/references/beraito-exact-frontend-v5/assets/wsb-media/میکرو-ماکرو-یک-1-100x100.webp,file,ARCHIVE_CANDIDATE,docs/archive/references/beraito-exact-frontend-v5/assets/wsb-media/میکرو-ماکرو-یک-1-100x100.webp,,TRUE,D
docs/references/beraito-exact-frontend-v5/** assets,docs/references/beraito-exact-frontend-v5/assets/wsb-media/میکرو-ماکرو-یک-1-150x150.webp,file,ARCHIVE_CANDIDATE,docs/archive/references/beraito-exact-frontend-v5/assets/wsb-media/میکرو-ماکرو-یک-1-150x150.webp,,TRUE,D
docs/references/beraito-exact-frontend-v5/** assets,docs/references/beraito-exact-frontend-v5/assets/wsb-media/میکرو-ماکرو-یک-1-300x300.webp,file,ARCHIVE_CANDIDATE,docs/archive/references/beraito-exact-frontend-v5/assets/wsb-media/میکرو-ماکرو-یک-1-300x300.webp,,TRUE,D
docs/references/beraito-exact-frontend-v5/** assets,docs/references/beraito-exact-frontend-v5/assets/wsb-media/میکرو-ماکرو-یک-1-50x50.webp,file,ARCHIVE_CANDIDATE,docs/archive/references/beraito-exact-frontend-v5/assets/wsb-media/میکرو-ماکرو-یک-1-50x50.webp,,TRUE,D
docs/references/beraito-exact-frontend-v5/** assets,docs/references/beraito-exact-frontend-v5/assets/wsb-media/میکرو-ماکرو-یک-1-600x600.webp,file,ARCHIVE_CANDIDATE,docs/archive/references/beraito-exact-frontend-v5/assets/wsb-media/میکرو-ماکرو-یک-1-600x600.webp,,TRUE,D
docs/references/beraito-exact-frontend-v5/** assets,docs/references/beraito-exact-frontend-v5/assets/wsb-media/میکرو-ماکرو-یک-1-768x768.webp,file,ARCHIVE_CANDIDATE,docs/archive/references/beraito-exact-frontend-v5/assets/wsb-media/میکرو-ماکرو-یک-1-768x768.webp,,TRUE,D
docs/references/beraito-exact-frontend-v5/** assets,docs/references/beraito-exact-frontend-v5/assets/wsb-media/میکرو-ماکرو-یک-1.webp,file,ARCHIVE_CANDIDATE,docs/archive/references/beraito-exact-frontend-v5/assets/wsb-media/میکرو-ماکرو-یک-1.webp,,TRUE,D
docs/references/beraito-exact-frontend-v5/** assets,docs/references/beraito-exact-frontend-v5/assets/wsb-media/پشت-کوله-پشتی-لپ-تاپ-دو-خانه-2-100x100.webp,file,ARCHIVE_CANDIDATE,docs/archive/references/beraito-exact-frontend-v5/assets/wsb-media/پشت-کوله-پشتی-لپ-تاپ-دو-خانه-2-100x100.webp,,TRUE,D
docs/references/beraito-exact-frontend-v5/** assets,docs/references/beraito-exact-frontend-v5/assets/wsb-media/پشت-کوله-پشتی-لپ-تاپ-دو-خانه-2-150x150.webp,file,ARCHIVE_CANDIDATE,docs/archive/references/beraito-exact-frontend-v5/assets/wsb-media/پشت-کوله-پشتی-لپ-تاپ-دو-خانه-2-150x150.webp,,TRUE,D
docs/references/beraito-exact-frontend-v5/** assets,docs/references/beraito-exact-frontend-v5/assets/wsb-media/پشت-کوله-پشتی-لپ-تاپ-دو-خانه-2-300x300.webp,file,ARCHIVE_CANDIDATE,docs/archive/references/beraito-exact-frontend-v5/assets/wsb-media/پشت-کوله-پشتی-لپ-تاپ-دو-خانه-2-300x300.webp,,TRUE,D
docs/references/beraito-exact-frontend-v5/** assets,docs/references/beraito-exact-frontend-v5/assets/wsb-media/پشت-کوله-پشتی-لپ-تاپ-دو-خانه-2-50x50.webp,file,ARCHIVE_CANDIDATE,docs/archive/references/beraito-exact-frontend-v5/assets/wsb-media/پشت-کوله-پشتی-لپ-تاپ-دو-خانه-2-50x50.webp,,TRUE,D
docs/references/beraito-exact-frontend-v5/** assets,docs/references/beraito-exact-frontend-v5/assets/wsb-media/پشت-کوله-پشتی-لپ-تاپ-دو-خانه-2-600x600.webp,file,ARCHIVE_CANDIDATE,docs/archive/references/beraito-exact-frontend-v5/assets/wsb-media/پشت-کوله-پشتی-لپ-تاپ-دو-خانه-2-600x600.webp,,TRUE,D
docs/references/beraito-exact-frontend-v5/** assets,docs/references/beraito-exact-frontend-v5/assets/wsb-media/پشت-کوله-پشتی-لپ-تاپ-دو-خانه-2-768x768.webp,file,ARCHIVE_CANDIDATE,docs/archive/references/beraito-exact-frontend-v5/assets/wsb-media/پشت-کوله-پشتی-لپ-تاپ-دو-خانه-2-768x768.webp,,TRUE,D
docs/references/beraito-exact-frontend-v5/** assets,docs/references/beraito-exact-frontend-v5/assets/wsb-media/پشت-کوله-پشتی-لپ-تاپ-دو-خانه-2.webp,file,ARCHIVE_CANDIDATE,docs/archive/references/beraito-exact-frontend-v5/assets/wsb-media/پشت-کوله-پشتی-لپ-تاپ-دو-خانه-2.webp,,TRUE,D
docs/references/beraito-exact-frontend-v5/** assets,docs/references/beraito-exact-frontend-v5/assets/wsb-media/چراغ-شارژی-ویداسی.jpg-1-100x100.webp,file,ARCHIVE_CANDIDATE,docs/archive/references/beraito-exact-frontend-v5/assets/wsb-media/چراغ-شارژی-ویداسی.jpg-1-100x100.webp,,TRUE,D
docs/references/beraito-exact-frontend-v5/** assets,docs/references/beraito-exact-frontend-v5/assets/wsb-media/چراغ-شارژی-ویداسی.jpg-1-150x150.webp,file,ARCHIVE_CANDIDATE,docs/archive/references/beraito-exact-frontend-v5/assets/wsb-media/چراغ-شارژی-ویداسی.jpg-1-150x150.webp,,TRUE,D
docs/references/beraito-exact-frontend-v5/** assets,docs/references/beraito-exact-frontend-v5/assets/wsb-media/چراغ-شارژی-ویداسی.jpg-1-300x300.webp,file,ARCHIVE_CANDIDATE,docs/archive/references/beraito-exact-frontend-v5/assets/wsb-media/چراغ-شارژی-ویداسی.jpg-1-300x300.webp,,TRUE,D
docs/references/beraito-exact-frontend-v5/** assets,docs/references/beraito-exact-frontend-v5/assets/wsb-media/چراغ-شارژی-ویداسی.jpg-1-50x50.webp,file,ARCHIVE_CANDIDATE,docs/archive/references/beraito-exact-frontend-v5/assets/wsb-media/چراغ-شارژی-ویداسی.jpg-1-50x50.webp,,TRUE,D
docs/references/beraito-exact-frontend-v5/** assets,docs/references/beraito-exact-frontend-v5/assets/wsb-media/چراغ-شارژی-ویداسی.jpg-1-600x600.webp,file,ARCHIVE_CANDIDATE,docs/archive/references/beraito-exact-frontend-v5/assets/wsb-media/چراغ-شارژی-ویداسی.jpg-1-600x600.webp,,TRUE,D
docs/references/beraito-exact-frontend-v5/** assets,docs/references/beraito-exact-frontend-v5/assets/wsb-media/چراغ-شارژی-ویداسی.jpg-1-768x768.webp,file,ARCHIVE_CANDIDATE,docs/archive/references/beraito-exact-frontend-v5/assets/wsb-media/چراغ-شارژی-ویداسی.jpg-1-768x768.webp,,TRUE,D
docs/references/beraito-exact-frontend-v5/** assets,docs/references/beraito-exact-frontend-v5/assets/wsb-media/چراغ-شارژی-ویداسی.jpg-1.webp,file,ARCHIVE_CANDIDATE,docs/archive/references/beraito-exact-frontend-v5/assets/wsb-media/چراغ-شارژی-ویداسی.jpg-1.webp,,TRUE,D
docs/references/beraito-exact-frontend-v5/** assets,docs/references/beraito-exact-frontend-v5/assets/wsb-media/کاغذ-یدک-4-سوراخ-سایز-A4-خط-دار-بسته-100-برگی-100x100.webp,file,ARCHIVE_CANDIDATE,docs/archive/references/beraito-exact-frontend-v5/assets/wsb-media/کاغذ-یدک-4-سوراخ-سایز-A4-خط-دار-بسته-100-برگی-100x100.webp,,TRUE,D
docs/references/beraito-exact-frontend-v5/** assets,docs/references/beraito-exact-frontend-v5/assets/wsb-media/کاغذ-یدک-4-سوراخ-سایز-A4-خط-دار-بسته-100-برگی-150x150.webp,file,ARCHIVE_CANDIDATE,docs/archive/references/beraito-exact-frontend-v5/assets/wsb-media/کاغذ-یدک-4-سوراخ-سایز-A4-خط-دار-بسته-100-برگی-150x150.webp,,TRUE,D
docs/references/beraito-exact-frontend-v5/** assets,docs/references/beraito-exact-frontend-v5/assets/wsb-media/کاغذ-یدک-4-سوراخ-سایز-A4-خط-دار-بسته-100-برگی-300x300.webp,file,ARCHIVE_CANDIDATE,docs/archive/references/beraito-exact-frontend-v5/assets/wsb-media/کاغذ-یدک-4-سوراخ-سایز-A4-خط-دار-بسته-100-برگی-300x300.webp,,TRUE,D
docs/references/beraito-exact-frontend-v5/** assets,docs/references/beraito-exact-frontend-v5/assets/wsb-media/کاغذ-یدک-4-سوراخ-سایز-A4-خط-دار-بسته-100-برگی-50x50.webp,file,ARCHIVE_CANDIDATE,docs/archive/references/beraito-exact-frontend-v5/assets/wsb-media/کاغذ-یدک-4-سوراخ-سایز-A4-خط-دار-بسته-100-برگی-50x50.webp,,TRUE,D
docs/references/beraito-exact-frontend-v5/** assets,docs/references/beraito-exact-frontend-v5/assets/wsb-media/کاغذ-یدک-4-سوراخ-سایز-A4-خط-دار-بسته-100-برگی-600x600.webp,file,ARCHIVE_CANDIDATE,docs/archive/references/beraito-exact-frontend-v5/assets/wsb-media/کاغذ-یدک-4-سوراخ-سایز-A4-خط-دار-بسته-100-برگی-600x600.webp,,TRUE,D
docs/references/beraito-exact-frontend-v5/** assets,docs/references/beraito-exact-frontend-v5/assets/wsb-media/کاغذ-یدک-4-سوراخ-سایز-A4-خط-دار-بسته-100-برگی-768x768.webp,file,ARCHIVE_CANDIDATE,docs/archive/references/beraito-exact-frontend-v5/assets/wsb-media/کاغذ-یدک-4-سوراخ-سایز-A4-خط-دار-بسته-100-برگی-768x768.webp,,TRUE,D
docs/references/beraito-exact-frontend-v5/** assets,docs/references/beraito-exact-frontend-v5/assets/wsb-media/کاغذ-یدک-4-سوراخ-سایز-A4-خط-دار-بسته-100-برگی.webp,file,ARCHIVE_CANDIDATE,docs/archive/references/beraito-exact-frontend-v5/assets/wsb-media/کاغذ-یدک-4-سوراخ-سایز-A4-خط-دار-بسته-100-برگی.webp,,TRUE,D
docs/references/beraito-exact-frontend-v5/** assets,docs/references/beraito-exact-frontend-v5/assets/wsb-media/کتابیار-2-100x100.webp,file,ARCHIVE_CANDIDATE,docs/archive/references/beraito-exact-frontend-v5/assets/wsb-media/کتابیار-2-100x100.webp,,TRUE,D
docs/references/beraito-exact-frontend-v5/** assets,docs/references/beraito-exact-frontend-v5/assets/wsb-media/کتابیار-2-150x150.webp,file,ARCHIVE_CANDIDATE,docs/archive/references/beraito-exact-frontend-v5/assets/wsb-media/کتابیار-2-150x150.webp,,TRUE,D
docs/references/beraito-exact-frontend-v5/** assets,docs/references/beraito-exact-frontend-v5/assets/wsb-media/کتابیار-2-300x300.webp,file,ARCHIVE_CANDIDATE,docs/archive/references/beraito-exact-frontend-v5/assets/wsb-media/کتابیار-2-300x300.webp,,TRUE,D
docs/references/beraito-exact-frontend-v5/** assets,docs/references/beraito-exact-frontend-v5/assets/wsb-media/کتابیار-2-50x50.webp,file,ARCHIVE_CANDIDATE,docs/archive/references/beraito-exact-frontend-v5/assets/wsb-media/کتابیار-2-50x50.webp,,TRUE,D
docs/references/beraito-exact-frontend-v5/** assets,docs/references/beraito-exact-frontend-v5/assets/wsb-media/کتابیار-2-600x600.webp,file,ARCHIVE_CANDIDATE,docs/archive/references/beraito-exact-frontend-v5/assets/wsb-media/کتابیار-2-600x600.webp,,TRUE,D
docs/references/beraito-exact-frontend-v5/** assets,docs/references/beraito-exact-frontend-v5/assets/wsb-media/کتابیار-2-768x768.webp,file,ARCHIVE_CANDIDATE,docs/archive/references/beraito-exact-frontend-v5/assets/wsb-media/کتابیار-2-768x768.webp,,TRUE,D
docs/references/beraito-exact-frontend-v5/** assets,docs/references/beraito-exact-frontend-v5/assets/wsb-media/کتابیار-2.webp,file,ARCHIVE_CANDIDATE,docs/archive/references/beraito-exact-frontend-v5/assets/wsb-media/کتابیار-2.webp,,TRUE,D
docs/references/beraito-exact-frontend-v5/** assets,docs/references/beraito-exact-frontend-v5/assets/wsb-media/کتابیار-4-100x100.webp,file,ARCHIVE_CANDIDATE,docs/archive/references/beraito-exact-frontend-v5/assets/wsb-media/کتابیار-4-100x100.webp,,TRUE,D
docs/references/beraito-exact-frontend-v5/** assets,docs/references/beraito-exact-frontend-v5/assets/wsb-media/کتابیار-4-150x150.webp,file,ARCHIVE_CANDIDATE,docs/archive/references/beraito-exact-frontend-v5/assets/wsb-media/کتابیار-4-150x150.webp,,TRUE,D
docs/references/beraito-exact-frontend-v5/** assets,docs/references/beraito-exact-frontend-v5/assets/wsb-media/کتابیار-4-300x300.webp,file,ARCHIVE_CANDIDATE,docs/archive/references/beraito-exact-frontend-v5/assets/wsb-media/کتابیار-4-300x300.webp,,TRUE,D
docs/references/beraito-exact-frontend-v5/** assets,docs/references/beraito-exact-frontend-v5/assets/wsb-media/کتابیار-4-50x50.webp,file,ARCHIVE_CANDIDATE,docs/archive/references/beraito-exact-frontend-v5/assets/wsb-media/کتابیار-4-50x50.webp,,TRUE,D
docs/references/beraito-exact-frontend-v5/** assets,docs/references/beraito-exact-frontend-v5/assets/wsb-media/کتابیار-4-600x600.webp,file,ARCHIVE_CANDIDATE,docs/archive/references/beraito-exact-frontend-v5/assets/wsb-media/کتابیار-4-600x600.webp,,TRUE,D
docs/references/beraito-exact-frontend-v5/** assets,docs/references/beraito-exact-frontend-v5/assets/wsb-media/کتابیار-4-768x768.webp,file,ARCHIVE_CANDIDATE,docs/archive/references/beraito-exact-frontend-v5/assets/wsb-media/کتابیار-4-768x768.webp,,TRUE,D
docs/references/beraito-exact-frontend-v5/** assets,docs/references/beraito-exact-frontend-v5/assets/wsb-media/کتابیار-4.webp,file,ARCHIVE_CANDIDATE,docs/archive/references/beraito-exact-frontend-v5/assets/wsb-media/کتابیار-4.webp,,TRUE,D
docs/references/beraito-exact-frontend-v5/** assets,docs/references/beraito-exact-frontend-v5/assets/wsb-media/کره-جغرافیایی-سایز-30-چراغ-دار-دکوراتیو-پایه-فلزی-مدل-ایده-129-100x100.webp,file,ARCHIVE_CANDIDATE,docs/archive/references/beraito-exact-frontend-v5/assets/wsb-media/کره-جغرافیایی-سایز-30-چراغ-دار-دکوراتیو-پایه-فلزی-مدل-ایده-129-100x100.webp,,TRUE,D
docs/references/beraito-exact-frontend-v5/** assets,docs/references/beraito-exact-frontend-v5/assets/wsb-media/کره-جغرافیایی-سایز-30-چراغ-دار-دکوراتیو-پایه-فلزی-مدل-ایده-129-150x150.webp,file,ARCHIVE_CANDIDATE,docs/archive/references/beraito-exact-frontend-v5/assets/wsb-media/کره-جغرافیایی-سایز-30-چراغ-دار-دکوراتیو-پایه-فلزی-مدل-ایده-129-150x150.webp,,TRUE,D
docs/references/beraito-exact-frontend-v5/** assets,docs/references/beraito-exact-frontend-v5/assets/wsb-media/کره-جغرافیایی-سایز-30-چراغ-دار-دکوراتیو-پایه-فلزی-مدل-ایده-129-300x300.webp,file,ARCHIVE_CANDIDATE,docs/archive/references/beraito-exact-frontend-v5/assets/wsb-media/کره-جغرافیایی-سایز-30-چراغ-دار-دکوراتیو-پایه-فلزی-مدل-ایده-129-300x300.webp,,TRUE,D
docs/references/beraito-exact-frontend-v5/** assets,docs/references/beraito-exact-frontend-v5/assets/wsb-media/کره-جغرافیایی-سایز-30-چراغ-دار-دکوراتیو-پایه-فلزی-مدل-ایده-129-50x50.webp,file,ARCHIVE_CANDIDATE,docs/archive/references/beraito-exact-frontend-v5/assets/wsb-media/کره-جغرافیایی-سایز-30-چراغ-دار-دکوراتیو-پایه-فلزی-مدل-ایده-129-50x50.webp,,TRUE,D
docs/references/beraito-exact-frontend-v5/** assets,docs/references/beraito-exact-frontend-v5/assets/wsb-media/کره-جغرافیایی-سایز-30-چراغ-دار-دکوراتیو-پایه-فلزی-مدل-ایده-129-600x600.webp,file,ARCHIVE_CANDIDATE,docs/archive/references/beraito-exact-frontend-v5/assets/wsb-media/کره-جغرافیایی-سایز-30-چراغ-دار-دکوراتیو-پایه-فلزی-مدل-ایده-129-600x600.webp,,TRUE,D
docs/references/beraito-exact-frontend-v5/** assets,docs/references/beraito-exact-frontend-v5/assets/wsb-media/کره-جغرافیایی-سایز-30-چراغ-دار-دکوراتیو-پایه-فلزی-مدل-ایده-129-768x768.webp,file,ARCHIVE_CANDIDATE,docs/archive/references/beraito-exact-frontend-v5/assets/wsb-media/کره-جغرافیایی-سایز-30-چراغ-دار-دکوراتیو-پایه-فلزی-مدل-ایده-129-768x768.webp,,TRUE,D
docs/references/beraito-exact-frontend-v5/** assets,docs/references/beraito-exact-frontend-v5/assets/wsb-media/کره-جغرافیایی-سایز-30-چراغ-دار-دکوراتیو-پایه-فلزی-مدل-ایده-129.webp,file,ARCHIVE_CANDIDATE,docs/archive/references/beraito-exact-frontend-v5/assets/wsb-media/کره-جغرافیایی-سایز-30-چراغ-دار-دکوراتیو-پایه-فلزی-مدل-ایده-129.webp,,TRUE,D
docs/references/beraito-exact-frontend-v5/** assets,docs/references/beraito-exact-frontend-v5/assets/wsb-media/کوله-پشتی-مدرسه-ای-مدل-دخترانه-و-پسرانه-100x100.webp,file,ARCHIVE_CANDIDATE,docs/archive/references/beraito-exact-frontend-v5/assets/wsb-media/کوله-پشتی-مدرسه-ای-مدل-دخترانه-و-پسرانه-100x100.webp,,TRUE,D
docs/references/beraito-exact-frontend-v5/** assets,docs/references/beraito-exact-frontend-v5/assets/wsb-media/کوله-پشتی-مدرسه-ای-مدل-دخترانه-و-پسرانه-150x150.webp,file,ARCHIVE_CANDIDATE,docs/archive/references/beraito-exact-frontend-v5/assets/wsb-media/کوله-پشتی-مدرسه-ای-مدل-دخترانه-و-پسرانه-150x150.webp,,TRUE,D
docs/references/beraito-exact-frontend-v5/** assets,docs/references/beraito-exact-frontend-v5/assets/wsb-media/کوله-پشتی-مدرسه-ای-مدل-دخترانه-و-پسرانه-300x300.webp,file,ARCHIVE_CANDIDATE,docs/archive/references/beraito-exact-frontend-v5/assets/wsb-media/کوله-پشتی-مدرسه-ای-مدل-دخترانه-و-پسرانه-300x300.webp,,TRUE,D
docs/references/beraito-exact-frontend-v5/** assets,docs/references/beraito-exact-frontend-v5/assets/wsb-media/کوله-پشتی-مدرسه-ای-مدل-دخترانه-و-پسرانه-50x50.webp,file,ARCHIVE_CANDIDATE,docs/archive/references/beraito-exact-frontend-v5/assets/wsb-media/کوله-پشتی-مدرسه-ای-مدل-دخترانه-و-پسرانه-50x50.webp,,TRUE,D
docs/references/beraito-exact-frontend-v5/** assets,docs/references/beraito-exact-frontend-v5/assets/wsb-media/کوله-پشتی-مدرسه-ای-مدل-دخترانه-و-پسرانه-600x600.webp,file,ARCHIVE_CANDIDATE,docs/archive/references/beraito-exact-frontend-v5/assets/wsb-media/کوله-پشتی-مدرسه-ای-مدل-دخترانه-و-پسرانه-600x600.webp,,TRUE,D
docs/references/beraito-exact-frontend-v5/** assets,docs/references/beraito-exact-frontend-v5/assets/wsb-media/کوله-پشتی-مدرسه-ای-مدل-دخترانه-و-پسرانه-768x768.webp,file,ARCHIVE_CANDIDATE,docs/archive/references/beraito-exact-frontend-v5/assets/wsb-media/کوله-پشتی-مدرسه-ای-مدل-دخترانه-و-پسرانه-768x768.webp,,TRUE,D
docs/references/beraito-exact-frontend-v5/** assets,docs/references/beraito-exact-frontend-v5/assets/wsb-media/کوله-پشتی-مدرسه-ای-مدل-دخترانه-و-پسرانه.webp,file,ARCHIVE_CANDIDATE,docs/archive/references/beraito-exact-frontend-v5/assets/wsb-media/کوله-پشتی-مدرسه-ای-مدل-دخترانه-و-پسرانه.webp,,TRUE,D
docs/references/beraito-exact-frontend-v5/** assets,docs/references/beraito-exact-frontend-v5/exact-v4.css,file,ARCHIVE_CANDIDATE,docs/archive/references/beraito-exact-frontend-v5/exact-v4.css,,TRUE,D
docs/references/beraito-exact-frontend-v5/** assets,docs/references/beraito-exact-frontend-v5/exact-v4.js,file,ARCHIVE_CANDIDATE,docs/archive/references/beraito-exact-frontend-v5/exact-v4.js,,TRUE,D
docs/references/beraito-exact-frontend-v5/** assets,docs/references/beraito-exact-frontend-v5/exact-v5.css,file,ARCHIVE_CANDIDATE,docs/archive/references/beraito-exact-frontend-v5/exact-v5.css,,TRUE,D
docs/references/beraito-exact-frontend-v5/** assets,docs/references/beraito-exact-frontend-v5/index.html,file,ARCHIVE_CANDIDATE,docs/archive/references/beraito-exact-frontend-v5/index.html,,TRUE,D
docs/references/beraito-exact-frontend-v5/** assets,docs/references/beraito-exact-frontend-v5/offline-patch.js,file,ARCHIVE_CANDIDATE,docs/archive/references/beraito-exact-frontend-v5/offline-patch.js,,TRUE,D
docs/references/beraito-exact-frontend-v5/** assets,docs/references/beraito-exact-frontend-v5/product/assets/css/0528f5cdfca33b0d8a94.css,file,ARCHIVE_CANDIDATE,docs/archive/references/beraito-exact-frontend-v5/product/assets/css/0528f5cdfca33b0d8a94.css,,TRUE,D
docs/references/beraito-exact-frontend-v5/** assets,docs/references/beraito-exact-frontend-v5/product/assets/css/106197ff7626140ec495.css,file,ARCHIVE_CANDIDATE,docs/archive/references/beraito-exact-frontend-v5/product/assets/css/106197ff7626140ec495.css,,TRUE,D
docs/references/beraito-exact-frontend-v5/** assets,docs/references/beraito-exact-frontend-v5/product/assets/css/15273de92d3182047701.css,file,ARCHIVE_CANDIDATE,docs/archive/references/beraito-exact-frontend-v5/product/assets/css/15273de92d3182047701.css,,TRUE,D
docs/references/beraito-exact-frontend-v5/** assets,docs/references/beraito-exact-frontend-v5/product/assets/css/17b410d0fee165827676.css,file,ARCHIVE_CANDIDATE,docs/archive/references/beraito-exact-frontend-v5/product/assets/css/17b410d0fee165827676.css,,TRUE,D
docs/references/beraito-exact-frontend-v5/** assets,docs/references/beraito-exact-frontend-v5/product/assets/css/1c2f36fc6586c4ca0b4d.css,file,ARCHIVE_CANDIDATE,docs/archive/references/beraito-exact-frontend-v5/product/assets/css/1c2f36fc6586c4ca0b4d.css,,TRUE,D
docs/references/beraito-exact-frontend-v5/** assets,docs/references/beraito-exact-frontend-v5/product/assets/css/1ca71fd9b3c04a6ccb7b.css,file,ARCHIVE_CANDIDATE,docs/archive/references/beraito-exact-frontend-v5/product/assets/css/1ca71fd9b3c04a6ccb7b.css,,TRUE,D
docs/references/beraito-exact-frontend-v5/** assets,docs/references/beraito-exact-frontend-v5/product/assets/css/1f4ebf73e8c8a07b5047.css,file,ARCHIVE_CANDIDATE,docs/archive/references/beraito-exact-frontend-v5/product/assets/css/1f4ebf73e8c8a07b5047.css,,TRUE,D
docs/references/beraito-exact-frontend-v5/** assets,docs/references/beraito-exact-frontend-v5/product/assets/css/31de4fbe36aa54ede3f7.css,file,ARCHIVE_CANDIDATE,docs/archive/references/beraito-exact-frontend-v5/product/assets/css/31de4fbe36aa54ede3f7.css,,TRUE,D
docs/references/beraito-exact-frontend-v5/** assets,docs/references/beraito-exact-frontend-v5/product/assets/css/4d6cf6527cf70d5159bf.css,file,ARCHIVE_CANDIDATE,docs/archive/references/beraito-exact-frontend-v5/product/assets/css/4d6cf6527cf70d5159bf.css,,TRUE,D
docs/references/beraito-exact-frontend-v5/** assets,docs/references/beraito-exact-frontend-v5/product/assets/css/55a619f0568d4a910295.css,file,ARCHIVE_CANDIDATE,docs/archive/references/beraito-exact-frontend-v5/product/assets/css/55a619f0568d4a910295.css,,TRUE,D
docs/references/beraito-exact-frontend-v5/** assets,docs/references/beraito-exact-frontend-v5/product/assets/css/5949208c003a7c0d1812.css,file,ARCHIVE_CANDIDATE,docs/archive/references/beraito-exact-frontend-v5/product/assets/css/5949208c003a7c0d1812.css,,TRUE,D
docs/references/beraito-exact-frontend-v5/** assets,docs/references/beraito-exact-frontend-v5/product/assets/css/5a6322450e7c451e12ad.css,file,ARCHIVE_CANDIDATE,docs/archive/references/beraito-exact-frontend-v5/product/assets/css/5a6322450e7c451e12ad.css,,TRUE,D
docs/references/beraito-exact-frontend-v5/** assets,docs/references/beraito-exact-frontend-v5/product/assets/css/5c3a903d1cf39b19f288.css,file,ARCHIVE_CANDIDATE,docs/archive/references/beraito-exact-frontend-v5/product/assets/css/5c3a903d1cf39b19f288.css,,TRUE,D
docs/references/beraito-exact-frontend-v5/** assets,docs/references/beraito-exact-frontend-v5/product/assets/css/68c37c04714c7d4f84b8.css,file,ARCHIVE_CANDIDATE,docs/archive/references/beraito-exact-frontend-v5/product/assets/css/68c37c04714c7d4f84b8.css,,TRUE,D
docs/references/beraito-exact-frontend-v5/** assets,docs/references/beraito-exact-frontend-v5/product/assets/css/6f9c25e9a412db2e19e1.css,file,ARCHIVE_CANDIDATE,docs/archive/references/beraito-exact-frontend-v5/product/assets/css/6f9c25e9a412db2e19e1.css,,TRUE,D
docs/references/beraito-exact-frontend-v5/** assets,docs/references/beraito-exact-frontend-v5/product/assets/css/759c2e8dd8893d2235a6.css,file,ARCHIVE_CANDIDATE,docs/archive/references/beraito-exact-frontend-v5/product/assets/css/759c2e8dd8893d2235a6.css,,TRUE,D
docs/references/beraito-exact-frontend-v5/** assets,docs/references/beraito-exact-frontend-v5/product/assets/css/781e26665daaadd8f2a5.css,file,ARCHIVE_CANDIDATE,docs/archive/references/beraito-exact-frontend-v5/product/assets/css/781e26665daaadd8f2a5.css,,TRUE,D
docs/references/beraito-exact-frontend-v5/** assets,docs/references/beraito-exact-frontend-v5/product/assets/css/79c2051ae1c4346dd56c.css,file,ARCHIVE_CANDIDATE,docs/archive/references/beraito-exact-frontend-v5/product/assets/css/79c2051ae1c4346dd56c.css,,TRUE,D
docs/references/beraito-exact-frontend-v5/** assets,docs/references/beraito-exact-frontend-v5/product/assets/css/7c17efbbb33c2b23b4c7.css,file,ARCHIVE_CANDIDATE,docs/archive/references/beraito-exact-frontend-v5/product/assets/css/7c17efbbb33c2b23b4c7.css,,TRUE,D
docs/references/beraito-exact-frontend-v5/** assets,docs/references/beraito-exact-frontend-v5/product/assets/css/80372e90a835d58e6b22.css,file,ARCHIVE_CANDIDATE,docs/archive/references/beraito-exact-frontend-v5/product/assets/css/80372e90a835d58e6b22.css,,TRUE,D
docs/references/beraito-exact-frontend-v5/** assets,docs/references/beraito-exact-frontend-v5/product/assets/css/8fb0629fbd8dcd9cafdf.css,file,ARCHIVE_CANDIDATE,docs/archive/references/beraito-exact-frontend-v5/product/assets/css/8fb0629fbd8dcd9cafdf.css,,TRUE,D
docs/references/beraito-exact-frontend-v5/** assets,docs/references/beraito-exact-frontend-v5/product/assets/css/98c05fd027ec575b7878.css,file,ARCHIVE_CANDIDATE,docs/archive/references/beraito-exact-frontend-v5/product/assets/css/98c05fd027ec575b7878.css,,TRUE,D
docs/references/beraito-exact-frontend-v5/** assets,docs/references/beraito-exact-frontend-v5/product/assets/css/992803ef3ea5c94b6e87.css,file,ARCHIVE_CANDIDATE,docs/archive/references/beraito-exact-frontend-v5/product/assets/css/992803ef3ea5c94b6e87.css,,TRUE,D
docs/references/beraito-exact-frontend-v5/** assets,docs/references/beraito-exact-frontend-v5/product/assets/css/9a51b58843c6afcc9b97.css,file,ARCHIVE_CANDIDATE,docs/archive/references/beraito-exact-frontend-v5/product/assets/css/9a51b58843c6afcc9b97.css,,TRUE,D
docs/references/beraito-exact-frontend-v5/** assets,docs/references/beraito-exact-frontend-v5/product/assets/css/9fb8428e0a0cc347db32.css,file,ARCHIVE_CANDIDATE,docs/archive/references/beraito-exact-frontend-v5/product/assets/css/9fb8428e0a0cc347db32.css,,TRUE,D
docs/references/beraito-exact-frontend-v5/** assets,docs/references/beraito-exact-frontend-v5/product/assets/css/a92be205cdcb3bab7327.css,file,ARCHIVE_CANDIDATE,docs/archive/references/beraito-exact-frontend-v5/product/assets/css/a92be205cdcb3bab7327.css,,TRUE,D
docs/references/beraito-exact-frontend-v5/** assets,docs/references/beraito-exact-frontend-v5/product/assets/css/a930557eb6f5d79a561d.css,file,ARCHIVE_CANDIDATE,docs/archive/references/beraito-exact-frontend-v5/product/assets/css/a930557eb6f5d79a561d.css,,TRUE,D
docs/references/beraito-exact-frontend-v5/** assets,docs/references/beraito-exact-frontend-v5/product/assets/css/a9f0239935a450f85dcd.css,file,ARCHIVE_CANDIDATE,docs/archive/references/beraito-exact-frontend-v5/product/assets/css/a9f0239935a450f85dcd.css,,TRUE,D
docs/references/beraito-exact-frontend-v5/** assets,docs/references/beraito-exact-frontend-v5/product/assets/css/ad1e1e26cd256721ddae.css,file,ARCHIVE_CANDIDATE,docs/archive/references/beraito-exact-frontend-v5/product/assets/css/ad1e1e26cd256721ddae.css,,TRUE,D
docs/references/beraito-exact-frontend-v5/** assets,docs/references/beraito-exact-frontend-v5/product/assets/css/b36d4b1fba40ca7163f6.css,file,ARCHIVE_CANDIDATE,docs/archive/references/beraito-exact-frontend-v5/product/assets/css/b36d4b1fba40ca7163f6.css,,TRUE,D
docs/references/beraito-exact-frontend-v5/** assets,docs/references/beraito-exact-frontend-v5/product/assets/css/c0d0b02f79d4a9418254.css,file,ARCHIVE_CANDIDATE,docs/archive/references/beraito-exact-frontend-v5/product/assets/css/c0d0b02f79d4a9418254.css,,TRUE,D
docs/references/beraito-exact-frontend-v5/** assets,docs/references/beraito-exact-frontend-v5/product/assets/css/c4ef2533c5fe2ff32dfa.css,file,ARCHIVE_CANDIDATE,docs/archive/references/beraito-exact-frontend-v5/product/assets/css/c4ef2533c5fe2ff32dfa.css,,TRUE,D
docs/references/beraito-exact-frontend-v5/** assets,docs/references/beraito-exact-frontend-v5/product/assets/css/c81a26bb5cc5bac0300d.css,file,ARCHIVE_CANDIDATE,docs/archive/references/beraito-exact-frontend-v5/product/assets/css/c81a26bb5cc5bac0300d.css,,TRUE,D
docs/references/beraito-exact-frontend-v5/** assets,docs/references/beraito-exact-frontend-v5/product/assets/css/cb95d8809f4516ea747c.css,file,ARCHIVE_CANDIDATE,docs/archive/references/beraito-exact-frontend-v5/product/assets/css/cb95d8809f4516ea747c.css,,TRUE,D
docs/references/beraito-exact-frontend-v5/** assets,docs/references/beraito-exact-frontend-v5/product/assets/css/cc11f7b7b26bb5ffe15f.css,file,ARCHIVE_CANDIDATE,docs/archive/references/beraito-exact-frontend-v5/product/assets/css/cc11f7b7b26bb5ffe15f.css,,TRUE,D
docs/references/beraito-exact-frontend-v5/** assets,docs/references/beraito-exact-frontend-v5/product/assets/css/d79a2b5f8fddb6730536.css,file,ARCHIVE_CANDIDATE,docs/archive/references/beraito-exact-frontend-v5/product/assets/css/d79a2b5f8fddb6730536.css,,TRUE,D
docs/references/beraito-exact-frontend-v5/** assets,docs/references/beraito-exact-frontend-v5/product/assets/css/daa30eba13c1696d8a69.css,file,ARCHIVE_CANDIDATE,docs/archive/references/beraito-exact-frontend-v5/product/assets/css/daa30eba13c1696d8a69.css,,TRUE,D
docs/references/beraito-exact-frontend-v5/** assets,docs/references/beraito-exact-frontend-v5/product/assets/css/fbbcf4fee8b740c09331.css,file,ARCHIVE_CANDIDATE,docs/archive/references/beraito-exact-frontend-v5/product/assets/css/fbbcf4fee8b740c09331.css,,TRUE,D
docs/references/beraito-exact-frontend-v5/** assets,docs/references/beraito-exact-frontend-v5/product/assets/fonts/4e133b51e4e1908e1aad.ttf,file,ARCHIVE_CANDIDATE,docs/archive/references/beraito-exact-frontend-v5/product/assets/fonts/4e133b51e4e1908e1aad.ttf,,TRUE,D
docs/references/beraito-exact-frontend-v5/** assets,docs/references/beraito-exact-frontend-v5/product/assets/fonts/6370786ed6f0c7297f55.woff2,file,ARCHIVE_CANDIDATE,docs/archive/references/beraito-exact-frontend-v5/product/assets/fonts/6370786ed6f0c7297f55.woff2,,TRUE,D
docs/references/beraito-exact-frontend-v5/** assets,docs/references/beraito-exact-frontend-v5/product/assets/fonts/96063af8b9e5f4777324.woff,file,ARCHIVE_CANDIDATE,docs/archive/references/beraito-exact-frontend-v5/product/assets/fonts/96063af8b9e5f4777324.woff,,TRUE,D
docs/references/beraito-exact-frontend-v5/** assets,docs/references/beraito-exact-frontend-v5/product/assets/fonts/a9ede8352b0651edec23.woff2,file,ARCHIVE_CANDIDATE,docs/archive/references/beraito-exact-frontend-v5/product/assets/fonts/a9ede8352b0651edec23.woff2,,TRUE,D
docs/references/beraito-exact-frontend-v5/** assets,docs/references/beraito-exact-frontend-v5/product/assets/fonts/dff441136474e4a069cb.woff2,file,ARCHIVE_CANDIDATE,docs/archive/references/beraito-exact-frontend-v5/product/assets/fonts/dff441136474e4a069cb.woff2,,TRUE,D
docs/references/beraito-exact-frontend-v5/** assets,docs/references/beraito-exact-frontend-v5/product/assets/fonts/e8f5593353194004435a.woff2,file,ARCHIVE_CANDIDATE,docs/archive/references/beraito-exact-frontend-v5/product/assets/fonts/e8f5593353194004435a.woff2,,TRUE,D
docs/references/beraito-exact-frontend-v5/** assets,docs/references/beraito-exact-frontend-v5/product/assets/images/001d0b9747ac6f556b42.webp,file,ARCHIVE_CANDIDATE,docs/archive/references/beraito-exact-frontend-v5/product/assets/images/001d0b9747ac6f556b42.webp,,TRUE,D
docs/references/beraito-exact-frontend-v5/** assets,docs/references/beraito-exact-frontend-v5/product/assets/images/01a34fe5432800ab73ff.webp,file,ARCHIVE_CANDIDATE,docs/archive/references/beraito-exact-frontend-v5/product/assets/images/01a34fe5432800ab73ff.webp,,TRUE,D
docs/references/beraito-exact-frontend-v5/** assets,docs/references/beraito-exact-frontend-v5/product/assets/images/023ede6a247c1b368c40.webp,file,ARCHIVE_CANDIDATE,docs/archive/references/beraito-exact-frontend-v5/product/assets/images/023ede6a247c1b368c40.webp,,TRUE,D
docs/references/beraito-exact-frontend-v5/** assets,docs/references/beraito-exact-frontend-v5/product/assets/images/02474c806f3cd7c03ac2.webp,file,ARCHIVE_CANDIDATE,docs/archive/references/beraito-exact-frontend-v5/product/assets/images/02474c806f3cd7c03ac2.webp,,TRUE,D
docs/references/beraito-exact-frontend-v5/** assets,docs/references/beraito-exact-frontend-v5/product/assets/images/0316e5781d85e8ce16c5.webp,file,ARCHIVE_CANDIDATE,docs/archive/references/beraito-exact-frontend-v5/product/assets/images/0316e5781d85e8ce16c5.webp,,TRUE,D
docs/references/beraito-exact-frontend-v5/** assets,docs/references/beraito-exact-frontend-v5/product/assets/images/057e388441ed27dfd749.webp,file,ARCHIVE_CANDIDATE,docs/archive/references/beraito-exact-frontend-v5/product/assets/images/057e388441ed27dfd749.webp,,TRUE,D
docs/references/beraito-exact-frontend-v5/** assets,docs/references/beraito-exact-frontend-v5/product/assets/images/0621908b1c8414b49b32.webp,file,ARCHIVE_CANDIDATE,docs/archive/references/beraito-exact-frontend-v5/product/assets/images/0621908b1c8414b49b32.webp,,TRUE,D
docs/references/beraito-exact-frontend-v5/** assets,docs/references/beraito-exact-frontend-v5/product/assets/images/066834e3c1ab7fac28f0.jpg,file,ARCHIVE_CANDIDATE,docs/archive/references/beraito-exact-frontend-v5/product/assets/images/066834e3c1ab7fac28f0.jpg,,TRUE,D
docs/references/beraito-exact-frontend-v5/** assets,docs/references/beraito-exact-frontend-v5/product/assets/images/070aac96bf3e0b2a8bb7.webp,file,ARCHIVE_CANDIDATE,docs/archive/references/beraito-exact-frontend-v5/product/assets/images/070aac96bf3e0b2a8bb7.webp,,TRUE,D
docs/references/beraito-exact-frontend-v5/** assets,docs/references/beraito-exact-frontend-v5/product/assets/images/08a5b83a4c8c75cb4ba2.webp,file,ARCHIVE_CANDIDATE,docs/archive/references/beraito-exact-frontend-v5/product/assets/images/08a5b83a4c8c75cb4ba2.webp,,TRUE,D
docs/references/beraito-exact-frontend-v5/** assets,docs/references/beraito-exact-frontend-v5/product/assets/images/08dcb54a5242e7356dbe.jpg,file,ARCHIVE_CANDIDATE,docs/archive/references/beraito-exact-frontend-v5/product/assets/images/08dcb54a5242e7356dbe.jpg,,TRUE,D
docs/references/beraito-exact-frontend-v5/** assets,docs/references/beraito-exact-frontend-v5/product/assets/images/0a77deacebf0ca2863e5.jpg,file,ARCHIVE_CANDIDATE,docs/archive/references/beraito-exact-frontend-v5/product/assets/images/0a77deacebf0ca2863e5.jpg,,TRUE,D
docs/references/beraito-exact-frontend-v5/** assets,docs/references/beraito-exact-frontend-v5/product/assets/images/0ade36d3e6d95c1b0e64.jpg,file,ARCHIVE_CANDIDATE,docs/archive/references/beraito-exact-frontend-v5/product/assets/images/0ade36d3e6d95c1b0e64.jpg,,TRUE,D
docs/references/beraito-exact-frontend-v5/** assets,docs/references/beraito-exact-frontend-v5/product/assets/images/0ccc3d351f8ef82bc0c1.jpg,file,ARCHIVE_CANDIDATE,docs/archive/references/beraito-exact-frontend-v5/product/assets/images/0ccc3d351f8ef82bc0c1.jpg,,TRUE,D
docs/references/beraito-exact-frontend-v5/** assets,docs/references/beraito-exact-frontend-v5/product/assets/images/0d31724aa4d520018318.svg,file,ARCHIVE_CANDIDATE,docs/archive/references/beraito-exact-frontend-v5/product/assets/images/0d31724aa4d520018318.svg,,TRUE,D
docs/references/beraito-exact-frontend-v5/** assets,docs/references/beraito-exact-frontend-v5/product/assets/images/0d6bd8a89afb9af3fb75.webp,file,ARCHIVE_CANDIDATE,docs/archive/references/beraito-exact-frontend-v5/product/assets/images/0d6bd8a89afb9af3fb75.webp,,TRUE,D
docs/references/beraito-exact-frontend-v5/** assets,docs/references/beraito-exact-frontend-v5/product/assets/images/0ec768f638a2a0f5ef14.jpg,file,ARCHIVE_CANDIDATE,docs/archive/references/beraito-exact-frontend-v5/product/assets/images/0ec768f638a2a0f5ef14.jpg,,TRUE,D
docs/references/beraito-exact-frontend-v5/** assets,docs/references/beraito-exact-frontend-v5/product/assets/images/13827e8427f1304f7f4e.jpg,file,ARCHIVE_CANDIDATE,docs/archive/references/beraito-exact-frontend-v5/product/assets/images/13827e8427f1304f7f4e.jpg,,TRUE,D
docs/references/beraito-exact-frontend-v5/** assets,docs/references/beraito-exact-frontend-v5/product/assets/images/153c28c3e481a67ce3ab.jpg,file,ARCHIVE_CANDIDATE,docs/archive/references/beraito-exact-frontend-v5/product/assets/images/153c28c3e481a67ce3ab.jpg,,TRUE,D
docs/references/beraito-exact-frontend-v5/** assets,docs/references/beraito-exact-frontend-v5/product/assets/images/156e541592f9ee9f7d27.webp,file,ARCHIVE_CANDIDATE,docs/archive/references/beraito-exact-frontend-v5/product/assets/images/156e541592f9ee9f7d27.webp,,TRUE,D
docs/references/beraito-exact-frontend-v5/** assets,docs/references/beraito-exact-frontend-v5/product/assets/images/1589d6d6cce8e8671cc8.jpg,file,ARCHIVE_CANDIDATE,docs/archive/references/beraito-exact-frontend-v5/product/assets/images/1589d6d6cce8e8671cc8.jpg,,TRUE,D
docs/references/beraito-exact-frontend-v5/** assets,docs/references/beraito-exact-frontend-v5/product/assets/images/16ba943f5a9ab02c12e8.webp,file,ARCHIVE_CANDIDATE,docs/archive/references/beraito-exact-frontend-v5/product/assets/images/16ba943f5a9ab02c12e8.webp,,TRUE,D
docs/references/beraito-exact-frontend-v5/** assets,docs/references/beraito-exact-frontend-v5/product/assets/images/1ae2263d6dd601fa2601.webp,file,ARCHIVE_CANDIDATE,docs/archive/references/beraito-exact-frontend-v5/product/assets/images/1ae2263d6dd601fa2601.webp,,TRUE,D
docs/references/beraito-exact-frontend-v5/** assets,docs/references/beraito-exact-frontend-v5/product/assets/images/1d8a130e37a8ab36b502.webp,file,ARCHIVE_CANDIDATE,docs/archive/references/beraito-exact-frontend-v5/product/assets/images/1d8a130e37a8ab36b502.webp,,TRUE,D
docs/references/beraito-exact-frontend-v5/** assets,docs/references/beraito-exact-frontend-v5/product/assets/images/1ea28ec0397715c7cd89.webp,file,ARCHIVE_CANDIDATE,docs/archive/references/beraito-exact-frontend-v5/product/assets/images/1ea28ec0397715c7cd89.webp,,TRUE,D
docs/references/beraito-exact-frontend-v5/** assets,docs/references/beraito-exact-frontend-v5/product/assets/images/1ef5379dae0c743e1a92.webp,file,ARCHIVE_CANDIDATE,docs/archive/references/beraito-exact-frontend-v5/product/assets/images/1ef5379dae0c743e1a92.webp,,TRUE,D
docs/references/beraito-exact-frontend-v5/** assets,docs/references/beraito-exact-frontend-v5/product/assets/images/202b0657a1c178f604a9.jpg,file,ARCHIVE_CANDIDATE,docs/archive/references/beraito-exact-frontend-v5/product/assets/images/202b0657a1c178f604a9.jpg,,TRUE,D
docs/references/beraito-exact-frontend-v5/** assets,docs/references/beraito-exact-frontend-v5/product/assets/images/21d88804ebd2fbdc8677.webp,file,ARCHIVE_CANDIDATE,docs/archive/references/beraito-exact-frontend-v5/product/assets/images/21d88804ebd2fbdc8677.webp,,TRUE,D
docs/references/beraito-exact-frontend-v5/** assets,docs/references/beraito-exact-frontend-v5/product/assets/images/228bbdd8c339de2ac04f.webp,file,ARCHIVE_CANDIDATE,docs/archive/references/beraito-exact-frontend-v5/product/assets/images/228bbdd8c339de2ac04f.webp,,TRUE,D
docs/references/beraito-exact-frontend-v5/** assets,docs/references/beraito-exact-frontend-v5/product/assets/images/22c7031d4bc5d10b7361.webp,file,ARCHIVE_CANDIDATE,docs/archive/references/beraito-exact-frontend-v5/product/assets/images/22c7031d4bc5d10b7361.webp,,TRUE,D
docs/references/beraito-exact-frontend-v5/** assets,docs/references/beraito-exact-frontend-v5/product/assets/images/26271f08b4386a30207a.webp,file,ARCHIVE_CANDIDATE,docs/archive/references/beraito-exact-frontend-v5/product/assets/images/26271f08b4386a30207a.webp,,TRUE,D
docs/references/beraito-exact-frontend-v5/** assets,docs/references/beraito-exact-frontend-v5/product/assets/images/2663e6e00b2090e2006d.jpg,file,ARCHIVE_CANDIDATE,docs/archive/references/beraito-exact-frontend-v5/product/assets/images/2663e6e00b2090e2006d.jpg,,TRUE,D
docs/references/beraito-exact-frontend-v5/** assets,docs/references/beraito-exact-frontend-v5/product/assets/images/26871185bab19891d3a8.webp,file,ARCHIVE_CANDIDATE,docs/archive/references/beraito-exact-frontend-v5/product/assets/images/26871185bab19891d3a8.webp,,TRUE,D
docs/references/beraito-exact-frontend-v5/** assets,docs/references/beraito-exact-frontend-v5/product/assets/images/26de80a1a2b606a2b541.webp,file,ARCHIVE_CANDIDATE,docs/archive/references/beraito-exact-frontend-v5/product/assets/images/26de80a1a2b606a2b541.webp,,TRUE,D
docs/references/beraito-exact-frontend-v5/** assets,docs/references/beraito-exact-frontend-v5/product/assets/images/28c2f2c8e6409740a5fc.jpg,file,ARCHIVE_CANDIDATE,docs/archive/references/beraito-exact-frontend-v5/product/assets/images/28c2f2c8e6409740a5fc.jpg,,TRUE,D
docs/references/beraito-exact-frontend-v5/** assets,docs/references/beraito-exact-frontend-v5/product/assets/images/2a1150c1a2a0de542afe.webp,file,ARCHIVE_CANDIDATE,docs/archive/references/beraito-exact-frontend-v5/product/assets/images/2a1150c1a2a0de542afe.webp,,TRUE,D
docs/references/beraito-exact-frontend-v5/** assets,docs/references/beraito-exact-frontend-v5/product/assets/images/2ba845df338185535a7f.webp,file,ARCHIVE_CANDIDATE,docs/archive/references/beraito-exact-frontend-v5/product/assets/images/2ba845df338185535a7f.webp,,TRUE,D
docs/references/beraito-exact-frontend-v5/** assets,docs/references/beraito-exact-frontend-v5/product/assets/images/2be136da42f611fcfdf0.jpg,file,ARCHIVE_CANDIDATE,docs/archive/references/beraito-exact-frontend-v5/product/assets/images/2be136da42f611fcfdf0.jpg,,TRUE,D
docs/references/beraito-exact-frontend-v5/** assets,docs/references/beraito-exact-frontend-v5/product/assets/images/2cb0364a6c09e9de736d.webp,file,ARCHIVE_CANDIDATE,docs/archive/references/beraito-exact-frontend-v5/product/assets/images/2cb0364a6c09e9de736d.webp,,TRUE,D
docs/references/beraito-exact-frontend-v5/** assets,docs/references/beraito-exact-frontend-v5/product/assets/images/2d3a6ce8a33235cc8b5f.webp,file,ARCHIVE_CANDIDATE,docs/archive/references/beraito-exact-frontend-v5/product/assets/images/2d3a6ce8a33235cc8b5f.webp,,TRUE,D
docs/references/beraito-exact-frontend-v5/** assets,docs/references/beraito-exact-frontend-v5/product/assets/images/2dcf5deffa4ebc841acb.jpg,file,ARCHIVE_CANDIDATE,docs/archive/references/beraito-exact-frontend-v5/product/assets/images/2dcf5deffa4ebc841acb.jpg,,TRUE,D
docs/references/beraito-exact-frontend-v5/** assets,docs/references/beraito-exact-frontend-v5/product/assets/images/32adebf25275fd655d11.svg,file,ARCHIVE_CANDIDATE,docs/archive/references/beraito-exact-frontend-v5/product/assets/images/32adebf25275fd655d11.svg,,TRUE,D
docs/references/beraito-exact-frontend-v5/** assets,docs/references/beraito-exact-frontend-v5/product/assets/images/3308e6e402391c234153.webp,file,ARCHIVE_CANDIDATE,docs/archive/references/beraito-exact-frontend-v5/product/assets/images/3308e6e402391c234153.webp,,TRUE,D
docs/references/beraito-exact-frontend-v5/** assets,docs/references/beraito-exact-frontend-v5/product/assets/images/334a67715f71477e62b9.webp,file,ARCHIVE_CANDIDATE,docs/archive/references/beraito-exact-frontend-v5/product/assets/images/334a67715f71477e62b9.webp,,TRUE,D
docs/references/beraito-exact-frontend-v5/** assets,docs/references/beraito-exact-frontend-v5/product/assets/images/3438a2ea3e2c2790ce36.webp,file,ARCHIVE_CANDIDATE,docs/archive/references/beraito-exact-frontend-v5/product/assets/images/3438a2ea3e2c2790ce36.webp,,TRUE,D
docs/references/beraito-exact-frontend-v5/** assets,docs/references/beraito-exact-frontend-v5/product/assets/images/36549ba8bd2f4f008d60.jpg,file,ARCHIVE_CANDIDATE,docs/archive/references/beraito-exact-frontend-v5/product/assets/images/36549ba8bd2f4f008d60.jpg,,TRUE,D
docs/references/beraito-exact-frontend-v5/** assets,docs/references/beraito-exact-frontend-v5/product/assets/images/36760800ef278569b655.webp,file,ARCHIVE_CANDIDATE,docs/archive/references/beraito-exact-frontend-v5/product/assets/images/36760800ef278569b655.webp,,TRUE,D
docs/references/beraito-exact-frontend-v5/** assets,docs/references/beraito-exact-frontend-v5/product/assets/images/36868a7cbed9862131fb.jpg,file,ARCHIVE_CANDIDATE,docs/archive/references/beraito-exact-frontend-v5/product/assets/images/36868a7cbed9862131fb.jpg,,TRUE,D
docs/references/beraito-exact-frontend-v5/** assets,docs/references/beraito-exact-frontend-v5/product/assets/images/36bb21b2b7f357bbbcf8.webp,file,ARCHIVE_CANDIDATE,docs/archive/references/beraito-exact-frontend-v5/product/assets/images/36bb21b2b7f357bbbcf8.webp,,TRUE,D
docs/references/beraito-exact-frontend-v5/** assets,docs/references/beraito-exact-frontend-v5/product/assets/images/36f48f09a80a236e6214.webp,file,ARCHIVE_CANDIDATE,docs/archive/references/beraito-exact-frontend-v5/product/assets/images/36f48f09a80a236e6214.webp,,TRUE,D
docs/references/beraito-exact-frontend-v5/** assets,docs/references/beraito-exact-frontend-v5/product/assets/images/378f7101d88c011fd476.webp,file,ARCHIVE_CANDIDATE,docs/archive/references/beraito-exact-frontend-v5/product/assets/images/378f7101d88c011fd476.webp,,TRUE,D
docs/references/beraito-exact-frontend-v5/** assets,docs/references/beraito-exact-frontend-v5/product/assets/images/39744ff7eae92d32ec26.jpg,file,ARCHIVE_CANDIDATE,docs/archive/references/beraito-exact-frontend-v5/product/assets/images/39744ff7eae92d32ec26.jpg,,TRUE,D
docs/references/beraito-exact-frontend-v5/** assets,docs/references/beraito-exact-frontend-v5/product/assets/images/3a86547b3952149ef562.webp,file,ARCHIVE_CANDIDATE,docs/archive/references/beraito-exact-frontend-v5/product/assets/images/3a86547b3952149ef562.webp,,TRUE,D
docs/references/beraito-exact-frontend-v5/** assets,docs/references/beraito-exact-frontend-v5/product/assets/images/3a950ffe1fd02fa46a65.svg,file,ARCHIVE_CANDIDATE,docs/archive/references/beraito-exact-frontend-v5/product/assets/images/3a950ffe1fd02fa46a65.svg,,TRUE,D
docs/references/beraito-exact-frontend-v5/** assets,docs/references/beraito-exact-frontend-v5/product/assets/images/3b224a0887025543b21b.webp,file,ARCHIVE_CANDIDATE,docs/archive/references/beraito-exact-frontend-v5/product/assets/images/3b224a0887025543b21b.webp,,TRUE,D
docs/references/beraito-exact-frontend-v5/** assets,docs/references/beraito-exact-frontend-v5/product/assets/images/3c0e9e99d3c869af4e7e.webp,file,ARCHIVE_CANDIDATE,docs/archive/references/beraito-exact-frontend-v5/product/assets/images/3c0e9e99d3c869af4e7e.webp,,TRUE,D
docs/references/beraito-exact-frontend-v5/** assets,docs/references/beraito-exact-frontend-v5/product/assets/images/3c784969733d57bae549.webp,file,ARCHIVE_CANDIDATE,docs/archive/references/beraito-exact-frontend-v5/product/assets/images/3c784969733d57bae549.webp,,TRUE,D
docs/references/beraito-exact-frontend-v5/** assets,docs/references/beraito-exact-frontend-v5/product/assets/images/3d61764be365da231c25.webp,file,ARCHIVE_CANDIDATE,docs/archive/references/beraito-exact-frontend-v5/product/assets/images/3d61764be365da231c25.webp,,TRUE,D
docs/references/beraito-exact-frontend-v5/** assets,docs/references/beraito-exact-frontend-v5/product/assets/images/3d694282d25c107aeec7.webp,file,ARCHIVE_CANDIDATE,docs/archive/references/beraito-exact-frontend-v5/product/assets/images/3d694282d25c107aeec7.webp,,TRUE,D
docs/references/beraito-exact-frontend-v5/** assets,docs/references/beraito-exact-frontend-v5/product/assets/images/4021d70f6f0d8afe2dc1.webp,file,ARCHIVE_CANDIDATE,docs/archive/references/beraito-exact-frontend-v5/product/assets/images/4021d70f6f0d8afe2dc1.webp,,TRUE,D
docs/references/beraito-exact-frontend-v5/** assets,docs/references/beraito-exact-frontend-v5/product/assets/images/40556dbfc89d778713ef.svg,file,ARCHIVE_CANDIDATE,docs/archive/references/beraito-exact-frontend-v5/product/assets/images/40556dbfc89d778713ef.svg,,TRUE,D
docs/references/beraito-exact-frontend-v5/** assets,docs/references/beraito-exact-frontend-v5/product/assets/images/40ebf98b93d4418167ef.jpg,file,ARCHIVE_CANDIDATE,docs/archive/references/beraito-exact-frontend-v5/product/assets/images/40ebf98b93d4418167ef.jpg,,TRUE,D
docs/references/beraito-exact-frontend-v5/** assets,docs/references/beraito-exact-frontend-v5/product/assets/images/42014cb7f58ef61c4c1b.jpg,file,ARCHIVE_CANDIDATE,docs/archive/references/beraito-exact-frontend-v5/product/assets/images/42014cb7f58ef61c4c1b.jpg,,TRUE,D
docs/references/beraito-exact-frontend-v5/** assets,docs/references/beraito-exact-frontend-v5/product/assets/images/42225a3ffafd07a04908.jpg,file,ARCHIVE_CANDIDATE,docs/archive/references/beraito-exact-frontend-v5/product/assets/images/42225a3ffafd07a04908.jpg,,TRUE,D
docs/references/beraito-exact-frontend-v5/** assets,docs/references/beraito-exact-frontend-v5/product/assets/images/42c6d3e59a13bb679c41.webp,file,ARCHIVE_CANDIDATE,docs/archive/references/beraito-exact-frontend-v5/product/assets/images/42c6d3e59a13bb679c41.webp,,TRUE,D
docs/references/beraito-exact-frontend-v5/** assets,docs/references/beraito-exact-frontend-v5/product/assets/images/43c9a96b296be8d042f6.webp,file,ARCHIVE_CANDIDATE,docs/archive/references/beraito-exact-frontend-v5/product/assets/images/43c9a96b296be8d042f6.webp,,TRUE,D
docs/references/beraito-exact-frontend-v5/** assets,docs/references/beraito-exact-frontend-v5/product/assets/images/46ea512ae7caec0bd702.webp,file,ARCHIVE_CANDIDATE,docs/archive/references/beraito-exact-frontend-v5/product/assets/images/46ea512ae7caec0bd702.webp,,TRUE,D
docs/references/beraito-exact-frontend-v5/** assets,docs/references/beraito-exact-frontend-v5/product/assets/images/47ca1db2d727b04f0150.jpg,file,ARCHIVE_CANDIDATE,docs/archive/references/beraito-exact-frontend-v5/product/assets/images/47ca1db2d727b04f0150.jpg,,TRUE,D
docs/references/beraito-exact-frontend-v5/** assets,docs/references/beraito-exact-frontend-v5/product/assets/images/48d2aaf8200e9396bf66.webp,file,ARCHIVE_CANDIDATE,docs/archive/references/beraito-exact-frontend-v5/product/assets/images/48d2aaf8200e9396bf66.webp,,TRUE,D
docs/references/beraito-exact-frontend-v5/** assets,docs/references/beraito-exact-frontend-v5/product/assets/images/491b02ede397de6c5c86.png,file,ARCHIVE_CANDIDATE,docs/archive/references/beraito-exact-frontend-v5/product/assets/images/491b02ede397de6c5c86.png,,TRUE,D
docs/references/beraito-exact-frontend-v5/** assets,docs/references/beraito-exact-frontend-v5/product/assets/images/49c82df3ed625b93503e.webp,file,ARCHIVE_CANDIDATE,docs/archive/references/beraito-exact-frontend-v5/product/assets/images/49c82df3ed625b93503e.webp,,TRUE,D
docs/references/beraito-exact-frontend-v5/** assets,docs/references/beraito-exact-frontend-v5/product/assets/images/4c57ef2c9f0b6b040deb.webp,file,ARCHIVE_CANDIDATE,docs/archive/references/beraito-exact-frontend-v5/product/assets/images/4c57ef2c9f0b6b040deb.webp,,TRUE,D
docs/references/beraito-exact-frontend-v5/** assets,docs/references/beraito-exact-frontend-v5/product/assets/images/4cdf6cc3989991d88de9.webp,file,ARCHIVE_CANDIDATE,docs/archive/references/beraito-exact-frontend-v5/product/assets/images/4cdf6cc3989991d88de9.webp,,TRUE,D
docs/references/beraito-exact-frontend-v5/** assets,docs/references/beraito-exact-frontend-v5/product/assets/images/4e887e8af91f21226b1d.jpg,file,ARCHIVE_CANDIDATE,docs/archive/references/beraito-exact-frontend-v5/product/assets/images/4e887e8af91f21226b1d.jpg,,TRUE,D
docs/references/beraito-exact-frontend-v5/** assets,docs/references/beraito-exact-frontend-v5/product/assets/images/4eaac78301d7d37da4c3.webp,file,ARCHIVE_CANDIDATE,docs/archive/references/beraito-exact-frontend-v5/product/assets/images/4eaac78301d7d37da4c3.webp,,TRUE,D
docs/references/beraito-exact-frontend-v5/** assets,docs/references/beraito-exact-frontend-v5/product/assets/images/512fd5fdaa209d1adf6c.webp,file,ARCHIVE_CANDIDATE,docs/archive/references/beraito-exact-frontend-v5/product/assets/images/512fd5fdaa209d1adf6c.webp,,TRUE,D
docs/references/beraito-exact-frontend-v5/** assets,docs/references/beraito-exact-frontend-v5/product/assets/images/5197256f84cc39f55d1b.webp,file,ARCHIVE_CANDIDATE,docs/archive/references/beraito-exact-frontend-v5/product/assets/images/5197256f84cc39f55d1b.webp,,TRUE,D
docs/references/beraito-exact-frontend-v5/** assets,docs/references/beraito-exact-frontend-v5/product/assets/images/52b17ffd4784f8c4ae21.jpg,file,ARCHIVE_CANDIDATE,docs/archive/references/beraito-exact-frontend-v5/product/assets/images/52b17ffd4784f8c4ae21.jpg,,TRUE,D
docs/references/beraito-exact-frontend-v5/** assets,docs/references/beraito-exact-frontend-v5/product/assets/images/52b4fccf695d0ab72cb1.webp,file,ARCHIVE_CANDIDATE,docs/archive/references/beraito-exact-frontend-v5/product/assets/images/52b4fccf695d0ab72cb1.webp,,TRUE,D
docs/references/beraito-exact-frontend-v5/** assets,docs/references/beraito-exact-frontend-v5/product/assets/images/54063b1b363ba43e1a3f.jpg,file,ARCHIVE_CANDIDATE,docs/archive/references/beraito-exact-frontend-v5/product/assets/images/54063b1b363ba43e1a3f.jpg,,TRUE,D
docs/references/beraito-exact-frontend-v5/** assets,docs/references/beraito-exact-frontend-v5/product/assets/images/560a597cdab23e540bd0.webp,file,ARCHIVE_CANDIDATE,docs/archive/references/beraito-exact-frontend-v5/product/assets/images/560a597cdab23e540bd0.webp,,TRUE,D
docs/references/beraito-exact-frontend-v5/** assets,docs/references/beraito-exact-frontend-v5/product/assets/images/565a1830ce4759841452.webp,file,ARCHIVE_CANDIDATE,docs/archive/references/beraito-exact-frontend-v5/product/assets/images/565a1830ce4759841452.webp,,TRUE,D
docs/references/beraito-exact-frontend-v5/** assets,docs/references/beraito-exact-frontend-v5/product/assets/images/5729559f2d6e09c26fc3.webp,file,ARCHIVE_CANDIDATE,docs/archive/references/beraito-exact-frontend-v5/product/assets/images/5729559f2d6e09c26fc3.webp,,TRUE,D
docs/references/beraito-exact-frontend-v5/** assets,docs/references/beraito-exact-frontend-v5/product/assets/images/5774b5d72c389b29c573.webp,file,ARCHIVE_CANDIDATE,docs/archive/references/beraito-exact-frontend-v5/product/assets/images/5774b5d72c389b29c573.webp,,TRUE,D
docs/references/beraito-exact-frontend-v5/** assets,docs/references/beraito-exact-frontend-v5/product/assets/images/58b1fa49b9b2b09b64b6.webp,file,ARCHIVE_CANDIDATE,docs/archive/references/beraito-exact-frontend-v5/product/assets/images/58b1fa49b9b2b09b64b6.webp,,TRUE,D
docs/references/beraito-exact-frontend-v5/** assets,docs/references/beraito-exact-frontend-v5/product/assets/images/5d42433a16a86e3e77a8.webp,file,ARCHIVE_CANDIDATE,docs/archive/references/beraito-exact-frontend-v5/product/assets/images/5d42433a16a86e3e77a8.webp,,TRUE,D
docs/references/beraito-exact-frontend-v5/** assets,docs/references/beraito-exact-frontend-v5/product/assets/images/5e681cc0bd8f1f3bbb3d.webp,file,ARCHIVE_CANDIDATE,docs/archive/references/beraito-exact-frontend-v5/product/assets/images/5e681cc0bd8f1f3bbb3d.webp,,TRUE,D
docs/references/beraito-exact-frontend-v5/** assets,docs/references/beraito-exact-frontend-v5/product/assets/images/5f682499513c8616acf3.webp,file,ARCHIVE_CANDIDATE,docs/archive/references/beraito-exact-frontend-v5/product/assets/images/5f682499513c8616acf3.webp,,TRUE,D
docs/references/beraito-exact-frontend-v5/** assets,docs/references/beraito-exact-frontend-v5/product/assets/images/61c1c74c034f94d53843.jpg,file,ARCHIVE_CANDIDATE,docs/archive/references/beraito-exact-frontend-v5/product/assets/images/61c1c74c034f94d53843.jpg,,TRUE,D
docs/references/beraito-exact-frontend-v5/** assets,docs/references/beraito-exact-frontend-v5/product/assets/images/620a0f1078503bc7414d.jpg,file,ARCHIVE_CANDIDATE,docs/archive/references/beraito-exact-frontend-v5/product/assets/images/620a0f1078503bc7414d.jpg,,TRUE,D
docs/references/beraito-exact-frontend-v5/** assets,docs/references/beraito-exact-frontend-v5/product/assets/images/625b1eb4f72ba095196b.webp,file,ARCHIVE_CANDIDATE,docs/archive/references/beraito-exact-frontend-v5/product/assets/images/625b1eb4f72ba095196b.webp,,TRUE,D
docs/references/beraito-exact-frontend-v5/** assets,docs/references/beraito-exact-frontend-v5/product/assets/images/62cd57d54a274926b782.webp,file,ARCHIVE_CANDIDATE,docs/archive/references/beraito-exact-frontend-v5/product/assets/images/62cd57d54a274926b782.webp,,TRUE,D
docs/references/beraito-exact-frontend-v5/** assets,docs/references/beraito-exact-frontend-v5/product/assets/images/630c9c2c3ab41e088013.webp,file,ARCHIVE_CANDIDATE,docs/archive/references/beraito-exact-frontend-v5/product/assets/images/630c9c2c3ab41e088013.webp,,TRUE,D
docs/references/beraito-exact-frontend-v5/** assets,docs/references/beraito-exact-frontend-v5/product/assets/images/655a6c54923d153d32c0.jpg,file,ARCHIVE_CANDIDATE,docs/archive/references/beraito-exact-frontend-v5/product/assets/images/655a6c54923d153d32c0.jpg,,TRUE,D
docs/references/beraito-exact-frontend-v5/** assets,docs/references/beraito-exact-frontend-v5/product/assets/images/6622c2cb3a8c23eeefe2.webp,file,ARCHIVE_CANDIDATE,docs/archive/references/beraito-exact-frontend-v5/product/assets/images/6622c2cb3a8c23eeefe2.webp,,TRUE,D
docs/references/beraito-exact-frontend-v5/** assets,docs/references/beraito-exact-frontend-v5/product/assets/images/66375536dfddc4d2cf2b.webp,file,ARCHIVE_CANDIDATE,docs/archive/references/beraito-exact-frontend-v5/product/assets/images/66375536dfddc4d2cf2b.webp,,TRUE,D
docs/references/beraito-exact-frontend-v5/** assets,docs/references/beraito-exact-frontend-v5/product/assets/images/6782ffccb5649b6c812d.webp,file,ARCHIVE_CANDIDATE,docs/archive/references/beraito-exact-frontend-v5/product/assets/images/6782ffccb5649b6c812d.webp,,TRUE,D
docs/references/beraito-exact-frontend-v5/** assets,docs/references/beraito-exact-frontend-v5/product/assets/images/680954cdf9bf30b3ee22.jpg,file,ARCHIVE_CANDIDATE,docs/archive/references/beraito-exact-frontend-v5/product/assets/images/680954cdf9bf30b3ee22.jpg,,TRUE,D
docs/references/beraito-exact-frontend-v5/** assets,docs/references/beraito-exact-frontend-v5/product/assets/images/697df9d7b5b26ba26498.jpg,file,ARCHIVE_CANDIDATE,docs/archive/references/beraito-exact-frontend-v5/product/assets/images/697df9d7b5b26ba26498.jpg,,TRUE,D
docs/references/beraito-exact-frontend-v5/** assets,docs/references/beraito-exact-frontend-v5/product/assets/images/6b923cbb8b875517ecd7.webp,file,ARCHIVE_CANDIDATE,docs/archive/references/beraito-exact-frontend-v5/product/assets/images/6b923cbb8b875517ecd7.webp,,TRUE,D
docs/references/beraito-exact-frontend-v5/** assets,docs/references/beraito-exact-frontend-v5/product/assets/images/6c15e0b2e4a4c284e7c1.webp,file,ARCHIVE_CANDIDATE,docs/archive/references/beraito-exact-frontend-v5/product/assets/images/6c15e0b2e4a4c284e7c1.webp,,TRUE,D
docs/references/beraito-exact-frontend-v5/** assets,docs/references/beraito-exact-frontend-v5/product/assets/images/6cc1e8ed59d471ac8901.webp,file,ARCHIVE_CANDIDATE,docs/archive/references/beraito-exact-frontend-v5/product/assets/images/6cc1e8ed59d471ac8901.webp,,TRUE,D
docs/references/beraito-exact-frontend-v5/** assets,docs/references/beraito-exact-frontend-v5/product/assets/images/6cda4fc3f95cb0495f9f.webp,file,ARCHIVE_CANDIDATE,docs/archive/references/beraito-exact-frontend-v5/product/assets/images/6cda4fc3f95cb0495f9f.webp,,TRUE,D
docs/references/beraito-exact-frontend-v5/** assets,docs/references/beraito-exact-frontend-v5/product/assets/images/72f80d133d15bb63a6c1.jpg,file,ARCHIVE_CANDIDATE,docs/archive/references/beraito-exact-frontend-v5/product/assets/images/72f80d133d15bb63a6c1.jpg,,TRUE,D
docs/references/beraito-exact-frontend-v5/** assets,docs/references/beraito-exact-frontend-v5/product/assets/images/75c2cc434b172b185e73.webp,file,ARCHIVE_CANDIDATE,docs/archive/references/beraito-exact-frontend-v5/product/assets/images/75c2cc434b172b185e73.webp,,TRUE,D
docs/references/beraito-exact-frontend-v5/** assets,docs/references/beraito-exact-frontend-v5/product/assets/images/7651ec25a8d54dfd79bd.webp,file,ARCHIVE_CANDIDATE,docs/archive/references/beraito-exact-frontend-v5/product/assets/images/7651ec25a8d54dfd79bd.webp,,TRUE,D
docs/references/beraito-exact-frontend-v5/** assets,docs/references/beraito-exact-frontend-v5/product/assets/images/76649b6cf5b84305ff6b.webp,file,ARCHIVE_CANDIDATE,docs/archive/references/beraito-exact-frontend-v5/product/assets/images/76649b6cf5b84305ff6b.webp,,TRUE,D
docs/references/beraito-exact-frontend-v5/** assets,docs/references/beraito-exact-frontend-v5/product/assets/images/7851039908afadda7976.webp,file,ARCHIVE_CANDIDATE,docs/archive/references/beraito-exact-frontend-v5/product/assets/images/7851039908afadda7976.webp,,TRUE,D
docs/references/beraito-exact-frontend-v5/** assets,docs/references/beraito-exact-frontend-v5/product/assets/images/785f1602ddd42dff53fa.jpg,file,ARCHIVE_CANDIDATE,docs/archive/references/beraito-exact-frontend-v5/product/assets/images/785f1602ddd42dff53fa.jpg,,TRUE,D
docs/references/beraito-exact-frontend-v5/** assets,docs/references/beraito-exact-frontend-v5/product/assets/images/78df74008e035d6d30d0.webp,file,ARCHIVE_CANDIDATE,docs/archive/references/beraito-exact-frontend-v5/product/assets/images/78df74008e035d6d30d0.webp,,TRUE,D
docs/references/beraito-exact-frontend-v5/** assets,docs/references/beraito-exact-frontend-v5/product/assets/images/79748b50f7304bdd6198.webp,file,ARCHIVE_CANDIDATE,docs/archive/references/beraito-exact-frontend-v5/product/assets/images/79748b50f7304bdd6198.webp,,TRUE,D
docs/references/beraito-exact-frontend-v5/** assets,docs/references/beraito-exact-frontend-v5/product/assets/images/7a3b43d2f7aeec25a4ab.jpg,file,ARCHIVE_CANDIDATE,docs/archive/references/beraito-exact-frontend-v5/product/assets/images/7a3b43d2f7aeec25a4ab.jpg,,TRUE,D
docs/references/beraito-exact-frontend-v5/** assets,docs/references/beraito-exact-frontend-v5/product/assets/images/7af0379b880751bf9125.webp,file,ARCHIVE_CANDIDATE,docs/archive/references/beraito-exact-frontend-v5/product/assets/images/7af0379b880751bf9125.webp,,TRUE,D
docs/references/beraito-exact-frontend-v5/** assets,docs/references/beraito-exact-frontend-v5/product/assets/images/7af4ea586541698b7566.jpg,file,ARCHIVE_CANDIDATE,docs/archive/references/beraito-exact-frontend-v5/product/assets/images/7af4ea586541698b7566.jpg,,TRUE,D
docs/references/beraito-exact-frontend-v5/** assets,docs/references/beraito-exact-frontend-v5/product/assets/images/7b54f0c2e1c0d928dc39.webp,file,ARCHIVE_CANDIDATE,docs/archive/references/beraito-exact-frontend-v5/product/assets/images/7b54f0c2e1c0d928dc39.webp,,TRUE,D
docs/references/beraito-exact-frontend-v5/** assets,docs/references/beraito-exact-frontend-v5/product/assets/images/7c6b783b1c8619c544ae.webp,file,ARCHIVE_CANDIDATE,docs/archive/references/beraito-exact-frontend-v5/product/assets/images/7c6b783b1c8619c544ae.webp,,TRUE,D
docs/references/beraito-exact-frontend-v5/** assets,docs/references/beraito-exact-frontend-v5/product/assets/images/7f311fcb9509e6a61cf8.webp,file,ARCHIVE_CANDIDATE,docs/archive/references/beraito-exact-frontend-v5/product/assets/images/7f311fcb9509e6a61cf8.webp,,TRUE,D
docs/references/beraito-exact-frontend-v5/** assets,docs/references/beraito-exact-frontend-v5/product/assets/images/7f496ac863f74ec9dc48.jpg,file,ARCHIVE_CANDIDATE,docs/archive/references/beraito-exact-frontend-v5/product/assets/images/7f496ac863f74ec9dc48.jpg,,TRUE,D
docs/references/beraito-exact-frontend-v5/** assets,docs/references/beraito-exact-frontend-v5/product/assets/images/7f9e08cb7ef6cc64430e.jpg,file,ARCHIVE_CANDIDATE,docs/archive/references/beraito-exact-frontend-v5/product/assets/images/7f9e08cb7ef6cc64430e.jpg,,TRUE,D
docs/references/beraito-exact-frontend-v5/** assets,docs/references/beraito-exact-frontend-v5/product/assets/images/7fa881101b7f3fb1e8a1.webp,file,ARCHIVE_CANDIDATE,docs/archive/references/beraito-exact-frontend-v5/product/assets/images/7fa881101b7f3fb1e8a1.webp,,TRUE,D
docs/references/beraito-exact-frontend-v5/** assets,docs/references/beraito-exact-frontend-v5/product/assets/images/80fecc9802a93e693ed1.webp,file,ARCHIVE_CANDIDATE,docs/archive/references/beraito-exact-frontend-v5/product/assets/images/80fecc9802a93e693ed1.webp,,TRUE,D
docs/references/beraito-exact-frontend-v5/** assets,docs/references/beraito-exact-frontend-v5/product/assets/images/81c1ae6025e6a100041e.webp,file,ARCHIVE_CANDIDATE,docs/archive/references/beraito-exact-frontend-v5/product/assets/images/81c1ae6025e6a100041e.webp,,TRUE,D
docs/references/beraito-exact-frontend-v5/** assets,docs/references/beraito-exact-frontend-v5/product/assets/images/8405cbf36f7c38b625f6.webp,file,ARCHIVE_CANDIDATE,docs/archive/references/beraito-exact-frontend-v5/product/assets/images/8405cbf36f7c38b625f6.webp,,TRUE,D
docs/references/beraito-exact-frontend-v5/** assets,docs/references/beraito-exact-frontend-v5/product/assets/images/84fa7aa5f65c610d460d.webp,file,ARCHIVE_CANDIDATE,docs/archive/references/beraito-exact-frontend-v5/product/assets/images/84fa7aa5f65c610d460d.webp,,TRUE,D
docs/references/beraito-exact-frontend-v5/** assets,docs/references/beraito-exact-frontend-v5/product/assets/images/8573b2cafeaa63221eb4.webp,file,ARCHIVE_CANDIDATE,docs/archive/references/beraito-exact-frontend-v5/product/assets/images/8573b2cafeaa63221eb4.webp,,TRUE,D
docs/references/beraito-exact-frontend-v5/** assets,docs/references/beraito-exact-frontend-v5/product/assets/images/8979a3bec7d7ed057b66.webp,file,ARCHIVE_CANDIDATE,docs/archive/references/beraito-exact-frontend-v5/product/assets/images/8979a3bec7d7ed057b66.webp,,TRUE,D
docs/references/beraito-exact-frontend-v5/** assets,docs/references/beraito-exact-frontend-v5/product/assets/images/8c2d4b7cf0411410e24e.webp,file,ARCHIVE_CANDIDATE,docs/archive/references/beraito-exact-frontend-v5/product/assets/images/8c2d4b7cf0411410e24e.webp,,TRUE,D
docs/references/beraito-exact-frontend-v5/** assets,docs/references/beraito-exact-frontend-v5/product/assets/images/8ce576185e1db286a49d.webp,file,ARCHIVE_CANDIDATE,docs/archive/references/beraito-exact-frontend-v5/product/assets/images/8ce576185e1db286a49d.webp,,TRUE,D
docs/references/beraito-exact-frontend-v5/** assets,docs/references/beraito-exact-frontend-v5/product/assets/images/8d23a6b7b1e46d83c508.jpg,file,ARCHIVE_CANDIDATE,docs/archive/references/beraito-exact-frontend-v5/product/assets/images/8d23a6b7b1e46d83c508.jpg,,TRUE,D
docs/references/beraito-exact-frontend-v5/** assets,docs/references/beraito-exact-frontend-v5/product/assets/images/8da6214e8a6d9b046b8f.jpg,file,ARCHIVE_CANDIDATE,docs/archive/references/beraito-exact-frontend-v5/product/assets/images/8da6214e8a6d9b046b8f.jpg,,TRUE,D
docs/references/beraito-exact-frontend-v5/** assets,docs/references/beraito-exact-frontend-v5/product/assets/images/8e254ca017d738ef90d9.webp,file,ARCHIVE_CANDIDATE,docs/archive/references/beraito-exact-frontend-v5/product/assets/images/8e254ca017d738ef90d9.webp,,TRUE,D
docs/references/beraito-exact-frontend-v5/** assets,docs/references/beraito-exact-frontend-v5/product/assets/images/8e404035fb39315f34ef.webp,file,ARCHIVE_CANDIDATE,docs/archive/references/beraito-exact-frontend-v5/product/assets/images/8e404035fb39315f34ef.webp,,TRUE,D
docs/references/beraito-exact-frontend-v5/** assets,docs/references/beraito-exact-frontend-v5/product/assets/images/8e5cfd69a818f2d7b15c.webp,file,ARCHIVE_CANDIDATE,docs/archive/references/beraito-exact-frontend-v5/product/assets/images/8e5cfd69a818f2d7b15c.webp,,TRUE,D
docs/references/beraito-exact-frontend-v5/** assets,docs/references/beraito-exact-frontend-v5/product/assets/images/8fac74236d0fad982067.webp,file,ARCHIVE_CANDIDATE,docs/archive/references/beraito-exact-frontend-v5/product/assets/images/8fac74236d0fad982067.webp,,TRUE,D
docs/references/beraito-exact-frontend-v5/** assets,docs/references/beraito-exact-frontend-v5/product/assets/images/8fb9cd575e4766134ac6.jpg,file,ARCHIVE_CANDIDATE,docs/archive/references/beraito-exact-frontend-v5/product/assets/images/8fb9cd575e4766134ac6.jpg,,TRUE,D
docs/references/beraito-exact-frontend-v5/** assets,docs/references/beraito-exact-frontend-v5/product/assets/images/90af4bd94c97fd820f4c.jpg,file,ARCHIVE_CANDIDATE,docs/archive/references/beraito-exact-frontend-v5/product/assets/images/90af4bd94c97fd820f4c.jpg,,TRUE,D
docs/references/beraito-exact-frontend-v5/** assets,docs/references/beraito-exact-frontend-v5/product/assets/images/9133656e2dce5425ab41.webp,file,ARCHIVE_CANDIDATE,docs/archive/references/beraito-exact-frontend-v5/product/assets/images/9133656e2dce5425ab41.webp,,TRUE,D
docs/references/beraito-exact-frontend-v5/** assets,docs/references/beraito-exact-frontend-v5/product/assets/images/915d394f78bb0a3148ec.jpg,file,ARCHIVE_CANDIDATE,docs/archive/references/beraito-exact-frontend-v5/product/assets/images/915d394f78bb0a3148ec.jpg,,TRUE,D
docs/references/beraito-exact-frontend-v5/** assets,docs/references/beraito-exact-frontend-v5/product/assets/images/93925df026704624860f.jpg,file,ARCHIVE_CANDIDATE,docs/archive/references/beraito-exact-frontend-v5/product/assets/images/93925df026704624860f.jpg,,TRUE,D
docs/references/beraito-exact-frontend-v5/** assets,docs/references/beraito-exact-frontend-v5/product/assets/images/93a27731b83377410b4e.jpg,file,ARCHIVE_CANDIDATE,docs/archive/references/beraito-exact-frontend-v5/product/assets/images/93a27731b83377410b4e.jpg,,TRUE,D
docs/references/beraito-exact-frontend-v5/** assets,docs/references/beraito-exact-frontend-v5/product/assets/images/94cee27204832715f474.jpg,file,ARCHIVE_CANDIDATE,docs/archive/references/beraito-exact-frontend-v5/product/assets/images/94cee27204832715f474.jpg,,TRUE,D
docs/references/beraito-exact-frontend-v5/** assets,docs/references/beraito-exact-frontend-v5/product/assets/images/955f8636c3a0c8c06d44.png,file,ARCHIVE_CANDIDATE,docs/archive/references/beraito-exact-frontend-v5/product/assets/images/955f8636c3a0c8c06d44.png,,TRUE,D
docs/references/beraito-exact-frontend-v5/** assets,docs/references/beraito-exact-frontend-v5/product/assets/images/95908709f386234b27b0.webp,file,ARCHIVE_CANDIDATE,docs/archive/references/beraito-exact-frontend-v5/product/assets/images/95908709f386234b27b0.webp,,TRUE,D
docs/references/beraito-exact-frontend-v5/** assets,docs/references/beraito-exact-frontend-v5/product/assets/images/9895bf527b1f79613436.webp,file,ARCHIVE_CANDIDATE,docs/archive/references/beraito-exact-frontend-v5/product/assets/images/9895bf527b1f79613436.webp,,TRUE,D
docs/references/beraito-exact-frontend-v5/** assets,docs/references/beraito-exact-frontend-v5/product/assets/images/98cedd87647ae7238977.jpg,file,ARCHIVE_CANDIDATE,docs/archive/references/beraito-exact-frontend-v5/product/assets/images/98cedd87647ae7238977.jpg,,TRUE,D
docs/references/beraito-exact-frontend-v5/** assets,docs/references/beraito-exact-frontend-v5/product/assets/images/99326ad5240e3bf791cb.webp,file,ARCHIVE_CANDIDATE,docs/archive/references/beraito-exact-frontend-v5/product/assets/images/99326ad5240e3bf791cb.webp,,TRUE,D
docs/references/beraito-exact-frontend-v5/** assets,docs/references/beraito-exact-frontend-v5/product/assets/images/9b541b284e67f3c888a9.jpg,file,ARCHIVE_CANDIDATE,docs/archive/references/beraito-exact-frontend-v5/product/assets/images/9b541b284e67f3c888a9.jpg,,TRUE,D
docs/references/beraito-exact-frontend-v5/** assets,docs/references/beraito-exact-frontend-v5/product/assets/images/9f1cd8ca5ef28b145002.jpg,file,ARCHIVE_CANDIDATE,docs/archive/references/beraito-exact-frontend-v5/product/assets/images/9f1cd8ca5ef28b145002.jpg,,TRUE,D
docs/references/beraito-exact-frontend-v5/** assets,docs/references/beraito-exact-frontend-v5/product/assets/images/a2350853c44c7dc0f881.webp,file,ARCHIVE_CANDIDATE,docs/archive/references/beraito-exact-frontend-v5/product/assets/images/a2350853c44c7dc0f881.webp,,TRUE,D
docs/references/beraito-exact-frontend-v5/** assets,docs/references/beraito-exact-frontend-v5/product/assets/images/a2bd91aeb9e568e20a8f.webp,file,ARCHIVE_CANDIDATE,docs/archive/references/beraito-exact-frontend-v5/product/assets/images/a2bd91aeb9e568e20a8f.webp,,TRUE,D
docs/references/beraito-exact-frontend-v5/** assets,docs/references/beraito-exact-frontend-v5/product/assets/images/a2dd95f47e26d7a9d010.webp,file,ARCHIVE_CANDIDATE,docs/archive/references/beraito-exact-frontend-v5/product/assets/images/a2dd95f47e26d7a9d010.webp,,TRUE,D
docs/references/beraito-exact-frontend-v5/** assets,docs/references/beraito-exact-frontend-v5/product/assets/images/a3fd53824c630efa8b12.png,file,ARCHIVE_CANDIDATE,docs/archive/references/beraito-exact-frontend-v5/product/assets/images/a3fd53824c630efa8b12.png,,TRUE,D
docs/references/beraito-exact-frontend-v5/** assets,docs/references/beraito-exact-frontend-v5/product/assets/images/a49b7185f40c5a55aeb2.jpg,file,ARCHIVE_CANDIDATE,docs/archive/references/beraito-exact-frontend-v5/product/assets/images/a49b7185f40c5a55aeb2.jpg,,TRUE,D
docs/references/beraito-exact-frontend-v5/** assets,docs/references/beraito-exact-frontend-v5/product/assets/images/a4d914961b01fd5157b2.webp,file,ARCHIVE_CANDIDATE,docs/archive/references/beraito-exact-frontend-v5/product/assets/images/a4d914961b01fd5157b2.webp,,TRUE,D
docs/references/beraito-exact-frontend-v5/** assets,docs/references/beraito-exact-frontend-v5/product/assets/images/a573d32bb56b2f6e7323.webp,file,ARCHIVE_CANDIDATE,docs/archive/references/beraito-exact-frontend-v5/product/assets/images/a573d32bb56b2f6e7323.webp,,TRUE,D
docs/references/beraito-exact-frontend-v5/** assets,docs/references/beraito-exact-frontend-v5/product/assets/images/a638f27c2722e76d4ad6.webp,file,ARCHIVE_CANDIDATE,docs/archive/references/beraito-exact-frontend-v5/product/assets/images/a638f27c2722e76d4ad6.webp,,TRUE,D
docs/references/beraito-exact-frontend-v5/** assets,docs/references/beraito-exact-frontend-v5/product/assets/images/a8a924a3da6b1a12e515.jpg,file,ARCHIVE_CANDIDATE,docs/archive/references/beraito-exact-frontend-v5/product/assets/images/a8a924a3da6b1a12e515.jpg,,TRUE,D
docs/references/beraito-exact-frontend-v5/** assets,docs/references/beraito-exact-frontend-v5/product/assets/images/a8ebeedd59c251bf5db5.jpg,file,ARCHIVE_CANDIDATE,docs/archive/references/beraito-exact-frontend-v5/product/assets/images/a8ebeedd59c251bf5db5.jpg,,TRUE,D
docs/references/beraito-exact-frontend-v5/** assets,docs/references/beraito-exact-frontend-v5/product/assets/images/a9d255e503264da92c92.jpg,file,ARCHIVE_CANDIDATE,docs/archive/references/beraito-exact-frontend-v5/product/assets/images/a9d255e503264da92c92.jpg,,TRUE,D
docs/references/beraito-exact-frontend-v5/** assets,docs/references/beraito-exact-frontend-v5/product/assets/images/acd4f0a7c82bd88de76f.webp,file,ARCHIVE_CANDIDATE,docs/archive/references/beraito-exact-frontend-v5/product/assets/images/acd4f0a7c82bd88de76f.webp,,TRUE,D
docs/references/beraito-exact-frontend-v5/** assets,docs/references/beraito-exact-frontend-v5/product/assets/images/afbc0ee7d3843ecae24d.webp,file,ARCHIVE_CANDIDATE,docs/archive/references/beraito-exact-frontend-v5/product/assets/images/afbc0ee7d3843ecae24d.webp,,TRUE,D
docs/references/beraito-exact-frontend-v5/** assets,docs/references/beraito-exact-frontend-v5/product/assets/images/b23670dbe540bc03356d.webp,file,ARCHIVE_CANDIDATE,docs/archive/references/beraito-exact-frontend-v5/product/assets/images/b23670dbe540bc03356d.webp,,TRUE,D
docs/references/beraito-exact-frontend-v5/** assets,docs/references/beraito-exact-frontend-v5/product/assets/images/b256a6f9ce24fdfb44ee.webp,file,ARCHIVE_CANDIDATE,docs/archive/references/beraito-exact-frontend-v5/product/assets/images/b256a6f9ce24fdfb44ee.webp,,TRUE,D
docs/references/beraito-exact-frontend-v5/** assets,docs/references/beraito-exact-frontend-v5/product/assets/images/b56203937dce33eb6684.webp,file,ARCHIVE_CANDIDATE,docs/archive/references/beraito-exact-frontend-v5/product/assets/images/b56203937dce33eb6684.webp,,TRUE,D
docs/references/beraito-exact-frontend-v5/** assets,docs/references/beraito-exact-frontend-v5/product/assets/images/b7916d12fb8a40e8b69a.webp,file,ARCHIVE_CANDIDATE,docs/archive/references/beraito-exact-frontend-v5/product/assets/images/b7916d12fb8a40e8b69a.webp,,TRUE,D
docs/references/beraito-exact-frontend-v5/** assets,docs/references/beraito-exact-frontend-v5/product/assets/images/b7ea967f63cdee019c8b.webp,file,ARCHIVE_CANDIDATE,docs/archive/references/beraito-exact-frontend-v5/product/assets/images/b7ea967f63cdee019c8b.webp,,TRUE,D
docs/references/beraito-exact-frontend-v5/** assets,docs/references/beraito-exact-frontend-v5/product/assets/images/b83af35b395e77bafac9.webp,file,ARCHIVE_CANDIDATE,docs/archive/references/beraito-exact-frontend-v5/product/assets/images/b83af35b395e77bafac9.webp,,TRUE,D
docs/references/beraito-exact-frontend-v5/** assets,docs/references/beraito-exact-frontend-v5/product/assets/images/ba5eaddb310b28481bd5.webp,file,ARCHIVE_CANDIDATE,docs/archive/references/beraito-exact-frontend-v5/product/assets/images/ba5eaddb310b28481bd5.webp,,TRUE,D
docs/references/beraito-exact-frontend-v5/** assets,docs/references/beraito-exact-frontend-v5/product/assets/images/bbe868fe16d6aa9ac424.webp,file,ARCHIVE_CANDIDATE,docs/archive/references/beraito-exact-frontend-v5/product/assets/images/bbe868fe16d6aa9ac424.webp,,TRUE,D
docs/references/beraito-exact-frontend-v5/** assets,docs/references/beraito-exact-frontend-v5/product/assets/images/bc6f82d9ca70ad557949.webp,file,ARCHIVE_CANDIDATE,docs/archive/references/beraito-exact-frontend-v5/product/assets/images/bc6f82d9ca70ad557949.webp,,TRUE,D
docs/references/beraito-exact-frontend-v5/** assets,docs/references/beraito-exact-frontend-v5/product/assets/images/bcb6cda0aba7a9b98950.webp,file,ARCHIVE_CANDIDATE,docs/archive/references/beraito-exact-frontend-v5/product/assets/images/bcb6cda0aba7a9b98950.webp,,TRUE,D
docs/references/beraito-exact-frontend-v5/** assets,docs/references/beraito-exact-frontend-v5/product/assets/images/bee5ffef62e701ffa445.jpg,file,ARCHIVE_CANDIDATE,docs/archive/references/beraito-exact-frontend-v5/product/assets/images/bee5ffef62e701ffa445.jpg,,TRUE,D
docs/references/beraito-exact-frontend-v5/** assets,docs/references/beraito-exact-frontend-v5/product/assets/images/c2094f543db10ffaa7a2.jpg,file,ARCHIVE_CANDIDATE,docs/archive/references/beraito-exact-frontend-v5/product/assets/images/c2094f543db10ffaa7a2.jpg,,TRUE,D
docs/references/beraito-exact-frontend-v5/** assets,docs/references/beraito-exact-frontend-v5/product/assets/images/c35d4a089ca77e30ad79.webp,file,ARCHIVE_CANDIDATE,docs/archive/references/beraito-exact-frontend-v5/product/assets/images/c35d4a089ca77e30ad79.webp,,TRUE,D
docs/references/beraito-exact-frontend-v5/** assets,docs/references/beraito-exact-frontend-v5/product/assets/images/c36543e31605e54ced87.jpg,file,ARCHIVE_CANDIDATE,docs/archive/references/beraito-exact-frontend-v5/product/assets/images/c36543e31605e54ced87.jpg,,TRUE,D
docs/references/beraito-exact-frontend-v5/** assets,docs/references/beraito-exact-frontend-v5/product/assets/images/c365d0530745001324fe.jpg,file,ARCHIVE_CANDIDATE,docs/archive/references/beraito-exact-frontend-v5/product/assets/images/c365d0530745001324fe.jpg,,TRUE,D
docs/references/beraito-exact-frontend-v5/** assets,docs/references/beraito-exact-frontend-v5/product/assets/images/c565e1c6151562e0b433.webp,file,ARCHIVE_CANDIDATE,docs/archive/references/beraito-exact-frontend-v5/product/assets/images/c565e1c6151562e0b433.webp,,TRUE,D
docs/references/beraito-exact-frontend-v5/** assets,docs/references/beraito-exact-frontend-v5/product/assets/images/c57471379e6495ada09c.webp,file,ARCHIVE_CANDIDATE,docs/archive/references/beraito-exact-frontend-v5/product/assets/images/c57471379e6495ada09c.webp,,TRUE,D
docs/references/beraito-exact-frontend-v5/** assets,docs/references/beraito-exact-frontend-v5/product/assets/images/c68375567466f5b9fdf6.webp,file,ARCHIVE_CANDIDATE,docs/archive/references/beraito-exact-frontend-v5/product/assets/images/c68375567466f5b9fdf6.webp,,TRUE,D
docs/references/beraito-exact-frontend-v5/** assets,docs/references/beraito-exact-frontend-v5/product/assets/images/c6e04fd750180280dc18.webp,file,ARCHIVE_CANDIDATE,docs/archive/references/beraito-exact-frontend-v5/product/assets/images/c6e04fd750180280dc18.webp,,TRUE,D
docs/references/beraito-exact-frontend-v5/** assets,docs/references/beraito-exact-frontend-v5/product/assets/images/c7936c14ef074e40f8a4.jpg,file,ARCHIVE_CANDIDATE,docs/archive/references/beraito-exact-frontend-v5/product/assets/images/c7936c14ef074e40f8a4.jpg,,TRUE,D
docs/references/beraito-exact-frontend-v5/** assets,docs/references/beraito-exact-frontend-v5/product/assets/images/c7ae3c64f536b16bd762.webp,file,ARCHIVE_CANDIDATE,docs/archive/references/beraito-exact-frontend-v5/product/assets/images/c7ae3c64f536b16bd762.webp,,TRUE,D
docs/references/beraito-exact-frontend-v5/** assets,docs/references/beraito-exact-frontend-v5/product/assets/images/cb46e8f9310c817e3f97.webp,file,ARCHIVE_CANDIDATE,docs/archive/references/beraito-exact-frontend-v5/product/assets/images/cb46e8f9310c817e3f97.webp,,TRUE,D
docs/references/beraito-exact-frontend-v5/** assets,docs/references/beraito-exact-frontend-v5/product/assets/images/cb4c1422381ed32b58f3.webp,file,ARCHIVE_CANDIDATE,docs/archive/references/beraito-exact-frontend-v5/product/assets/images/cb4c1422381ed32b58f3.webp,,TRUE,D
docs/references/beraito-exact-frontend-v5/** assets,docs/references/beraito-exact-frontend-v5/product/assets/images/cba879c23a6dd07c8d00.webp,file,ARCHIVE_CANDIDATE,docs/archive/references/beraito-exact-frontend-v5/product/assets/images/cba879c23a6dd07c8d00.webp,,TRUE,D
docs/references/beraito-exact-frontend-v5/** assets,docs/references/beraito-exact-frontend-v5/product/assets/images/cd84fa716b9ffd0580a5.webp,file,ARCHIVE_CANDIDATE,docs/archive/references/beraito-exact-frontend-v5/product/assets/images/cd84fa716b9ffd0580a5.webp,,TRUE,D
docs/references/beraito-exact-frontend-v5/** assets,docs/references/beraito-exact-frontend-v5/product/assets/images/cd9726be633dec0fac40.webp,file,ARCHIVE_CANDIDATE,docs/archive/references/beraito-exact-frontend-v5/product/assets/images/cd9726be633dec0fac40.webp,,TRUE,D
docs/references/beraito-exact-frontend-v5/** assets,docs/references/beraito-exact-frontend-v5/product/assets/images/ce905f4c007e2a43a51c.jpg,file,ARCHIVE_CANDIDATE,docs/archive/references/beraito-exact-frontend-v5/product/assets/images/ce905f4c007e2a43a51c.jpg,,TRUE,D
docs/references/beraito-exact-frontend-v5/** assets,docs/references/beraito-exact-frontend-v5/product/assets/images/cecbc6a2747c29fbb94b.jpg,file,ARCHIVE_CANDIDATE,docs/archive/references/beraito-exact-frontend-v5/product/assets/images/cecbc6a2747c29fbb94b.jpg,,TRUE,D
docs/references/beraito-exact-frontend-v5/** assets,docs/references/beraito-exact-frontend-v5/product/assets/images/d0598c5e7fa4d9a4228c.jpg,file,ARCHIVE_CANDIDATE,docs/archive/references/beraito-exact-frontend-v5/product/assets/images/d0598c5e7fa4d9a4228c.jpg,,TRUE,D
docs/references/beraito-exact-frontend-v5/** assets,docs/references/beraito-exact-frontend-v5/product/assets/images/d0ddccbdc44bda000429.webp,file,ARCHIVE_CANDIDATE,docs/archive/references/beraito-exact-frontend-v5/product/assets/images/d0ddccbdc44bda000429.webp,,TRUE,D
docs/references/beraito-exact-frontend-v5/** assets,docs/references/beraito-exact-frontend-v5/product/assets/images/d12d4a13f3899f4d2cec.webp,file,ARCHIVE_CANDIDATE,docs/archive/references/beraito-exact-frontend-v5/product/assets/images/d12d4a13f3899f4d2cec.webp,,TRUE,D
docs/references/beraito-exact-frontend-v5/** assets,docs/references/beraito-exact-frontend-v5/product/assets/images/d2e882f97e85eec27e2c.webp,file,ARCHIVE_CANDIDATE,docs/archive/references/beraito-exact-frontend-v5/product/assets/images/d2e882f97e85eec27e2c.webp,,TRUE,D
docs/references/beraito-exact-frontend-v5/** assets,docs/references/beraito-exact-frontend-v5/product/assets/images/d35140c0fdd47a22db44.webp,file,ARCHIVE_CANDIDATE,docs/archive/references/beraito-exact-frontend-v5/product/assets/images/d35140c0fdd47a22db44.webp,,TRUE,D
docs/references/beraito-exact-frontend-v5/** assets,docs/references/beraito-exact-frontend-v5/product/assets/images/d402045a73c80a55010e.webp,file,ARCHIVE_CANDIDATE,docs/archive/references/beraito-exact-frontend-v5/product/assets/images/d402045a73c80a55010e.webp,,TRUE,D
docs/references/beraito-exact-frontend-v5/** assets,docs/references/beraito-exact-frontend-v5/product/assets/images/d4f69cb608fb40c23a04.webp,file,ARCHIVE_CANDIDATE,docs/archive/references/beraito-exact-frontend-v5/product/assets/images/d4f69cb608fb40c23a04.webp,,TRUE,D
docs/references/beraito-exact-frontend-v5/** assets,docs/references/beraito-exact-frontend-v5/product/assets/images/d567097d6f40656c7f51.webp,file,ARCHIVE_CANDIDATE,docs/archive/references/beraito-exact-frontend-v5/product/assets/images/d567097d6f40656c7f51.webp,,TRUE,D
docs/references/beraito-exact-frontend-v5/** assets,docs/references/beraito-exact-frontend-v5/product/assets/images/d577b65c8192ac9ccf2c.webp,file,ARCHIVE_CANDIDATE,docs/archive/references/beraito-exact-frontend-v5/product/assets/images/d577b65c8192ac9ccf2c.webp,,TRUE,D
docs/references/beraito-exact-frontend-v5/** assets,docs/references/beraito-exact-frontend-v5/product/assets/images/d8773cffe8c97828790b.webp,file,ARCHIVE_CANDIDATE,docs/archive/references/beraito-exact-frontend-v5/product/assets/images/d8773cffe8c97828790b.webp,,TRUE,D
docs/references/beraito-exact-frontend-v5/** assets,docs/references/beraito-exact-frontend-v5/product/assets/images/d959744ed915fa79d4d1.webp,file,ARCHIVE_CANDIDATE,docs/archive/references/beraito-exact-frontend-v5/product/assets/images/d959744ed915fa79d4d1.webp,,TRUE,D
docs/references/beraito-exact-frontend-v5/** assets,docs/references/beraito-exact-frontend-v5/product/assets/images/d9d41a4c54cabc099bd6.webp,file,ARCHIVE_CANDIDATE,docs/archive/references/beraito-exact-frontend-v5/product/assets/images/d9d41a4c54cabc099bd6.webp,,TRUE,D
docs/references/beraito-exact-frontend-v5/** assets,docs/references/beraito-exact-frontend-v5/product/assets/images/dd8ea431bcc67c50408c.webp,file,ARCHIVE_CANDIDATE,docs/archive/references/beraito-exact-frontend-v5/product/assets/images/dd8ea431bcc67c50408c.webp,,TRUE,D
docs/references/beraito-exact-frontend-v5/** assets,docs/references/beraito-exact-frontend-v5/product/assets/images/df3536fcd1edde1140b0.webp,file,ARCHIVE_CANDIDATE,docs/archive/references/beraito-exact-frontend-v5/product/assets/images/df3536fcd1edde1140b0.webp,,TRUE,D
docs/references/beraito-exact-frontend-v5/** assets,docs/references/beraito-exact-frontend-v5/product/assets/images/df588ceacd56f1661c44.webp,file,ARCHIVE_CANDIDATE,docs/archive/references/beraito-exact-frontend-v5/product/assets/images/df588ceacd56f1661c44.webp,,TRUE,D
docs/references/beraito-exact-frontend-v5/** assets,docs/references/beraito-exact-frontend-v5/product/assets/images/df9eb6d48624ef91a4f7.webp,file,ARCHIVE_CANDIDATE,docs/archive/references/beraito-exact-frontend-v5/product/assets/images/df9eb6d48624ef91a4f7.webp,,TRUE,D
docs/references/beraito-exact-frontend-v5/** assets,docs/references/beraito-exact-frontend-v5/product/assets/images/e081ffba44f6937dddc1.jpg,file,ARCHIVE_CANDIDATE,docs/archive/references/beraito-exact-frontend-v5/product/assets/images/e081ffba44f6937dddc1.jpg,,TRUE,D
docs/references/beraito-exact-frontend-v5/** assets,docs/references/beraito-exact-frontend-v5/product/assets/images/e0b78e44c1a8dd5d5c15.webp,file,ARCHIVE_CANDIDATE,docs/archive/references/beraito-exact-frontend-v5/product/assets/images/e0b78e44c1a8dd5d5c15.webp,,TRUE,D
docs/references/beraito-exact-frontend-v5/** assets,docs/references/beraito-exact-frontend-v5/product/assets/images/e1d7bca2e1a45d58ff1a.webp,file,ARCHIVE_CANDIDATE,docs/archive/references/beraito-exact-frontend-v5/product/assets/images/e1d7bca2e1a45d58ff1a.webp,,TRUE,D
docs/references/beraito-exact-frontend-v5/** assets,docs/references/beraito-exact-frontend-v5/product/assets/images/e329c0e955d8251db6f6.webp,file,ARCHIVE_CANDIDATE,docs/archive/references/beraito-exact-frontend-v5/product/assets/images/e329c0e955d8251db6f6.webp,,TRUE,D
docs/references/beraito-exact-frontend-v5/** assets,docs/references/beraito-exact-frontend-v5/product/assets/images/e63b396f5be6176e063c.webp,file,ARCHIVE_CANDIDATE,docs/archive/references/beraito-exact-frontend-v5/product/assets/images/e63b396f5be6176e063c.webp,,TRUE,D
docs/references/beraito-exact-frontend-v5/** assets,docs/references/beraito-exact-frontend-v5/product/assets/images/e6a5b02492075a18d191.webp,file,ARCHIVE_CANDIDATE,docs/archive/references/beraito-exact-frontend-v5/product/assets/images/e6a5b02492075a18d191.webp,,TRUE,D
docs/references/beraito-exact-frontend-v5/** assets,docs/references/beraito-exact-frontend-v5/product/assets/images/e82408ee395997878ef1.webp,file,ARCHIVE_CANDIDATE,docs/archive/references/beraito-exact-frontend-v5/product/assets/images/e82408ee395997878ef1.webp,,TRUE,D
docs/references/beraito-exact-frontend-v5/** assets,docs/references/beraito-exact-frontend-v5/product/assets/images/e9d4d64fc08dc3bd33de.webp,file,ARCHIVE_CANDIDATE,docs/archive/references/beraito-exact-frontend-v5/product/assets/images/e9d4d64fc08dc3bd33de.webp,,TRUE,D
docs/references/beraito-exact-frontend-v5/** assets,docs/references/beraito-exact-frontend-v5/product/assets/images/ea93ef464349cf395b0f.webp,file,ARCHIVE_CANDIDATE,docs/archive/references/beraito-exact-frontend-v5/product/assets/images/ea93ef464349cf395b0f.webp,,TRUE,D
docs/references/beraito-exact-frontend-v5/** assets,docs/references/beraito-exact-frontend-v5/product/assets/images/eaf518788f46a39447b3.webp,file,ARCHIVE_CANDIDATE,docs/archive/references/beraito-exact-frontend-v5/product/assets/images/eaf518788f46a39447b3.webp,,TRUE,D
docs/references/beraito-exact-frontend-v5/** assets,docs/references/beraito-exact-frontend-v5/product/assets/images/ebcf47a826159a4c0b0a.webp,file,ARCHIVE_CANDIDATE,docs/archive/references/beraito-exact-frontend-v5/product/assets/images/ebcf47a826159a4c0b0a.webp,,TRUE,D
docs/references/beraito-exact-frontend-v5/** assets,docs/references/beraito-exact-frontend-v5/product/assets/images/ed2639efad5895aa6dfe.jpeg,file,ARCHIVE_CANDIDATE,docs/archive/references/beraito-exact-frontend-v5/product/assets/images/ed2639efad5895aa6dfe.jpeg,,TRUE,D
docs/references/beraito-exact-frontend-v5/** assets,docs/references/beraito-exact-frontend-v5/product/assets/images/f02865aab63c782267b9.jpg,file,ARCHIVE_CANDIDATE,docs/archive/references/beraito-exact-frontend-v5/product/assets/images/f02865aab63c782267b9.jpg,,TRUE,D
docs/references/beraito-exact-frontend-v5/** assets,docs/references/beraito-exact-frontend-v5/product/assets/images/f2f7119da8e797d88f6b.webp,file,ARCHIVE_CANDIDATE,docs/archive/references/beraito-exact-frontend-v5/product/assets/images/f2f7119da8e797d88f6b.webp,,TRUE,D
docs/references/beraito-exact-frontend-v5/** assets,docs/references/beraito-exact-frontend-v5/product/assets/images/f4ed4fa0ca4560ac1a18.png,file,ARCHIVE_CANDIDATE,docs/archive/references/beraito-exact-frontend-v5/product/assets/images/f4ed4fa0ca4560ac1a18.png,,TRUE,D
docs/references/beraito-exact-frontend-v5/** assets,docs/references/beraito-exact-frontend-v5/product/assets/images/f5923facf89c2f167231.webp,file,ARCHIVE_CANDIDATE,docs/archive/references/beraito-exact-frontend-v5/product/assets/images/f5923facf89c2f167231.webp,,TRUE,D
docs/references/beraito-exact-frontend-v5/** assets,docs/references/beraito-exact-frontend-v5/product/assets/images/f7778771198922d3045e.webp,file,ARCHIVE_CANDIDATE,docs/archive/references/beraito-exact-frontend-v5/product/assets/images/f7778771198922d3045e.webp,,TRUE,D
docs/references/beraito-exact-frontend-v5/** assets,docs/references/beraito-exact-frontend-v5/product/assets/images/f89dd4f9c1027cba6067.webp,file,ARCHIVE_CANDIDATE,docs/archive/references/beraito-exact-frontend-v5/product/assets/images/f89dd4f9c1027cba6067.webp,,TRUE,D
docs/references/beraito-exact-frontend-v5/** assets,docs/references/beraito-exact-frontend-v5/product/assets/images/f9324d8959801885fadd.jpg,file,ARCHIVE_CANDIDATE,docs/archive/references/beraito-exact-frontend-v5/product/assets/images/f9324d8959801885fadd.jpg,,TRUE,D
docs/references/beraito-exact-frontend-v5/** assets,docs/references/beraito-exact-frontend-v5/product/assets/images/fc22612be1edcbe1bd34.svg,file,ARCHIVE_CANDIDATE,docs/archive/references/beraito-exact-frontend-v5/product/assets/images/fc22612be1edcbe1bd34.svg,,TRUE,D
docs/references/beraito-exact-frontend-v5/** assets,docs/references/beraito-exact-frontend-v5/product/assets/images/fc3ea97dd1e45a2380be.webp,file,ARCHIVE_CANDIDATE,docs/archive/references/beraito-exact-frontend-v5/product/assets/images/fc3ea97dd1e45a2380be.webp,,TRUE,D
docs/references/beraito-exact-frontend-v5/** assets,docs/references/beraito-exact-frontend-v5/product/assets/images/fdc494211b094a9821ca.jpeg,file,ARCHIVE_CANDIDATE,docs/archive/references/beraito-exact-frontend-v5/product/assets/images/fdc494211b094a9821ca.jpeg,,TRUE,D
docs/references/beraito-exact-frontend-v5/** assets,docs/references/beraito-exact-frontend-v5/product/assets/images/fe66c80a91f08bf47845.webp,file,ARCHIVE_CANDIDATE,docs/archive/references/beraito-exact-frontend-v5/product/assets/images/fe66c80a91f08bf47845.webp,,TRUE,D
docs/references/beraito-exact-frontend-v5/** assets,docs/references/beraito-exact-frontend-v5/product/assets/images/ff27582521f6cc8e5f38.jpg,file,ARCHIVE_CANDIDATE,docs/archive/references/beraito-exact-frontend-v5/product/assets/images/ff27582521f6cc8e5f38.jpg,,TRUE,D
docs/references/beraito-exact-frontend-v5/** assets,docs/references/beraito-exact-frontend-v5/product/assets/images/ffd51941b840fa5f4993.jpg,file,ARCHIVE_CANDIDATE,docs/archive/references/beraito-exact-frontend-v5/product/assets/images/ffd51941b840fa5f4993.jpg,,TRUE,D
docs/references/beraito-exact-frontend-v5/** assets,docs/references/beraito-exact-frontend-v5/product/assets/js/01d6fe101b8ced1bbf0c.js,file,ARCHIVE_CANDIDATE,docs/archive/references/beraito-exact-frontend-v5/product/assets/js/01d6fe101b8ced1bbf0c.js,,TRUE,D
docs/references/beraito-exact-frontend-v5/** assets,docs/references/beraito-exact-frontend-v5/product/assets/js/0637d6a749919b6fa2a9.js,file,ARCHIVE_CANDIDATE,docs/archive/references/beraito-exact-frontend-v5/product/assets/js/0637d6a749919b6fa2a9.js,,TRUE,D
docs/references/beraito-exact-frontend-v5/** assets,docs/references/beraito-exact-frontend-v5/product/assets/js/09743d7e1991ca506607.js,file,ARCHIVE_CANDIDATE,docs/archive/references/beraito-exact-frontend-v5/product/assets/js/09743d7e1991ca506607.js,,TRUE,D
docs/references/beraito-exact-frontend-v5/** assets,docs/references/beraito-exact-frontend-v5/product/assets/js/168f784cdff916315482.js,file,ARCHIVE_CANDIDATE,docs/archive/references/beraito-exact-frontend-v5/product/assets/js/168f784cdff916315482.js,,TRUE,D
docs/references/beraito-exact-frontend-v5/** assets,docs/references/beraito-exact-frontend-v5/product/assets/js/1b5fef1434f67260dd6a.js,file,ARCHIVE_CANDIDATE,docs/archive/references/beraito-exact-frontend-v5/product/assets/js/1b5fef1434f67260dd6a.js,,TRUE,D
docs/references/beraito-exact-frontend-v5/** assets,docs/references/beraito-exact-frontend-v5/product/assets/js/1d7b5edf1a48cc5f8cc5.js,file,ARCHIVE_CANDIDATE,docs/archive/references/beraito-exact-frontend-v5/product/assets/js/1d7b5edf1a48cc5f8cc5.js,,TRUE,D
docs/references/beraito-exact-frontend-v5/** assets,docs/references/beraito-exact-frontend-v5/product/assets/js/1e387b3f3c9da2e1e4a1.js,file,ARCHIVE_CANDIDATE,docs/archive/references/beraito-exact-frontend-v5/product/assets/js/1e387b3f3c9da2e1e4a1.js,,TRUE,D
docs/references/beraito-exact-frontend-v5/** assets,docs/references/beraito-exact-frontend-v5/product/assets/js/1fe4a4c421b70edf9d7f.js,file,ARCHIVE_CANDIDATE,docs/archive/references/beraito-exact-frontend-v5/product/assets/js/1fe4a4c421b70edf9d7f.js,,TRUE,D
docs/references/beraito-exact-frontend-v5/** assets,docs/references/beraito-exact-frontend-v5/product/assets/js/28845f76f618e0783f18.js,file,ARCHIVE_CANDIDATE,docs/archive/references/beraito-exact-frontend-v5/product/assets/js/28845f76f618e0783f18.js,,TRUE,D
docs/references/beraito-exact-frontend-v5/** assets,docs/references/beraito-exact-frontend-v5/product/assets/js/2c789685b87f5d89ccd2.js,file,ARCHIVE_CANDIDATE,docs/archive/references/beraito-exact-frontend-v5/product/assets/js/2c789685b87f5d89ccd2.js,,TRUE,D
docs/references/beraito-exact-frontend-v5/** assets,docs/references/beraito-exact-frontend-v5/product/assets/js/312afebeb53514fc243b.js,file,ARCHIVE_CANDIDATE,docs/archive/references/beraito-exact-frontend-v5/product/assets/js/312afebeb53514fc243b.js,,TRUE,D
docs/references/beraito-exact-frontend-v5/** assets,docs/references/beraito-exact-frontend-v5/product/assets/js/330b9e92cc03664391df.js,file,ARCHIVE_CANDIDATE,docs/archive/references/beraito-exact-frontend-v5/product/assets/js/330b9e92cc03664391df.js,,TRUE,D
docs/references/beraito-exact-frontend-v5/** assets,docs/references/beraito-exact-frontend-v5/product/assets/js/359830b9ea8620a26908.js,file,ARCHIVE_CANDIDATE,docs/archive/references/beraito-exact-frontend-v5/product/assets/js/359830b9ea8620a26908.js,,TRUE,D
docs/references/beraito-exact-frontend-v5/** assets,docs/references/beraito-exact-frontend-v5/product/assets/js/35b3b2c7db2725b52b45.js,file,ARCHIVE_CANDIDATE,docs/archive/references/beraito-exact-frontend-v5/product/assets/js/35b3b2c7db2725b52b45.js,,TRUE,D
docs/references/beraito-exact-frontend-v5/** assets,docs/references/beraito-exact-frontend-v5/product/assets/js/443af92ea2f7502b0796.js,file,ARCHIVE_CANDIDATE,docs/archive/references/beraito-exact-frontend-v5/product/assets/js/443af92ea2f7502b0796.js,,TRUE,D
docs/references/beraito-exact-frontend-v5/** assets,docs/references/beraito-exact-frontend-v5/product/assets/js/45574dc0658e47a2aa13.js,file,ARCHIVE_CANDIDATE,docs/archive/references/beraito-exact-frontend-v5/product/assets/js/45574dc0658e47a2aa13.js,,TRUE,D
docs/references/beraito-exact-frontend-v5/** assets,docs/references/beraito-exact-frontend-v5/product/assets/js/4bad258bbf4df2bc8085.js,file,ARCHIVE_CANDIDATE,docs/archive/references/beraito-exact-frontend-v5/product/assets/js/4bad258bbf4df2bc8085.js,,TRUE,D
docs/references/beraito-exact-frontend-v5/** assets,docs/references/beraito-exact-frontend-v5/product/assets/js/559e382c1e548be8cf08.js,file,ARCHIVE_CANDIDATE,docs/archive/references/beraito-exact-frontend-v5/product/assets/js/559e382c1e548be8cf08.js,,TRUE,D
docs/references/beraito-exact-frontend-v5/** assets,docs/references/beraito-exact-frontend-v5/product/assets/js/5d1610b8473f5838ce32.js,file,ARCHIVE_CANDIDATE,docs/archive/references/beraito-exact-frontend-v5/product/assets/js/5d1610b8473f5838ce32.js,,TRUE,D
docs/references/beraito-exact-frontend-v5/** assets,docs/references/beraito-exact-frontend-v5/product/assets/js/5eec1722af39fddc3bf4.js,file,ARCHIVE_CANDIDATE,docs/archive/references/beraito-exact-frontend-v5/product/assets/js/5eec1722af39fddc3bf4.js,,TRUE,D
docs/references/beraito-exact-frontend-v5/** assets,docs/references/beraito-exact-frontend-v5/product/assets/js/5f1a5401194752325c0d.js,file,ARCHIVE_CANDIDATE,docs/archive/references/beraito-exact-frontend-v5/product/assets/js/5f1a5401194752325c0d.js,,TRUE,D
docs/references/beraito-exact-frontend-v5/** assets,docs/references/beraito-exact-frontend-v5/product/assets/js/68fea8923d2785b47066.js,file,ARCHIVE_CANDIDATE,docs/archive/references/beraito-exact-frontend-v5/product/assets/js/68fea8923d2785b47066.js,,TRUE,D
docs/references/beraito-exact-frontend-v5/** assets,docs/references/beraito-exact-frontend-v5/product/assets/js/6b8f251cda8eef006e86.js,file,ARCHIVE_CANDIDATE,docs/archive/references/beraito-exact-frontend-v5/product/assets/js/6b8f251cda8eef006e86.js,,TRUE,D
docs/references/beraito-exact-frontend-v5/** assets,docs/references/beraito-exact-frontend-v5/product/assets/js/7748766703bc4fe7ceec.js,file,ARCHIVE_CANDIDATE,docs/archive/references/beraito-exact-frontend-v5/product/assets/js/7748766703bc4fe7ceec.js,,TRUE,D
docs/references/beraito-exact-frontend-v5/** assets,docs/references/beraito-exact-frontend-v5/product/assets/js/7be8c41929661166e120.js,file,ARCHIVE_CANDIDATE,docs/archive/references/beraito-exact-frontend-v5/product/assets/js/7be8c41929661166e120.js,,TRUE,D
docs/references/beraito-exact-frontend-v5/** assets,docs/references/beraito-exact-frontend-v5/product/assets/js/7d13ef9fba9935e97097.js,file,ARCHIVE_CANDIDATE,docs/archive/references/beraito-exact-frontend-v5/product/assets/js/7d13ef9fba9935e97097.js,,TRUE,D
docs/references/beraito-exact-frontend-v5/** assets,docs/references/beraito-exact-frontend-v5/product/assets/js/883e114a915c1f0f26ca.js,file,ARCHIVE_CANDIDATE,docs/archive/references/beraito-exact-frontend-v5/product/assets/js/883e114a915c1f0f26ca.js,,TRUE,D
docs/references/beraito-exact-frontend-v5/** assets,docs/references/beraito-exact-frontend-v5/product/assets/js/89f02516cc72b56ad0ee.js,file,ARCHIVE_CANDIDATE,docs/archive/references/beraito-exact-frontend-v5/product/assets/js/89f02516cc72b56ad0ee.js,,TRUE,D
docs/references/beraito-exact-frontend-v5/** assets,docs/references/beraito-exact-frontend-v5/product/assets/js/915728cbe12bc3202245.js,file,ARCHIVE_CANDIDATE,docs/archive/references/beraito-exact-frontend-v5/product/assets/js/915728cbe12bc3202245.js,,TRUE,D
docs/references/beraito-exact-frontend-v5/** assets,docs/references/beraito-exact-frontend-v5/product/assets/js/933076a84a07c8071083.js,file,ARCHIVE_CANDIDATE,docs/archive/references/beraito-exact-frontend-v5/product/assets/js/933076a84a07c8071083.js,,TRUE,D
docs/references/beraito-exact-frontend-v5/** assets,docs/references/beraito-exact-frontend-v5/product/assets/js/933a70ef7848c4f7eb60.js,file,ARCHIVE_CANDIDATE,docs/archive/references/beraito-exact-frontend-v5/product/assets/js/933a70ef7848c4f7eb60.js,,TRUE,D
docs/references/beraito-exact-frontend-v5/** assets,docs/references/beraito-exact-frontend-v5/product/assets/js/94cd2d633248d7ac1889.js,file,ARCHIVE_CANDIDATE,docs/archive/references/beraito-exact-frontend-v5/product/assets/js/94cd2d633248d7ac1889.js,,TRUE,D
docs/references/beraito-exact-frontend-v5/** assets,docs/references/beraito-exact-frontend-v5/product/assets/js/94dc2983b7804084554d.js,file,ARCHIVE_CANDIDATE,docs/archive/references/beraito-exact-frontend-v5/product/assets/js/94dc2983b7804084554d.js,,TRUE,D
docs/references/beraito-exact-frontend-v5/** assets,docs/references/beraito-exact-frontend-v5/product/assets/js/9bed23b932386b402a57.js,file,ARCHIVE_CANDIDATE,docs/archive/references/beraito-exact-frontend-v5/product/assets/js/9bed23b932386b402a57.js,,TRUE,D
docs/references/beraito-exact-frontend-v5/** assets,docs/references/beraito-exact-frontend-v5/product/assets/js/9dda7faa400b13bf87ec.js,file,ARCHIVE_CANDIDATE,docs/archive/references/beraito-exact-frontend-v5/product/assets/js/9dda7faa400b13bf87ec.js,,TRUE,D
docs/references/beraito-exact-frontend-v5/** assets,docs/references/beraito-exact-frontend-v5/product/assets/js/a0bf27f522103be48ad9.js,file,ARCHIVE_CANDIDATE,docs/archive/references/beraito-exact-frontend-v5/product/assets/js/a0bf27f522103be48ad9.js,,TRUE,D
docs/references/beraito-exact-frontend-v5/** assets,docs/references/beraito-exact-frontend-v5/product/assets/js/a508d7a922e5a76b371a.js,file,ARCHIVE_CANDIDATE,docs/archive/references/beraito-exact-frontend-v5/product/assets/js/a508d7a922e5a76b371a.js,,TRUE,D
docs/references/beraito-exact-frontend-v5/** assets,docs/references/beraito-exact-frontend-v5/product/assets/js/a848216b930c37c3cf22.js,file,ARCHIVE_CANDIDATE,docs/archive/references/beraito-exact-frontend-v5/product/assets/js/a848216b930c37c3cf22.js,,TRUE,D
docs/references/beraito-exact-frontend-v5/** assets,docs/references/beraito-exact-frontend-v5/product/assets/js/a880cb33907f11f1222c.js,file,ARCHIVE_CANDIDATE,docs/archive/references/beraito-exact-frontend-v5/product/assets/js/a880cb33907f11f1222c.js,,TRUE,D
docs/references/beraito-exact-frontend-v5/** assets,docs/references/beraito-exact-frontend-v5/product/assets/js/abfa1b4957f2a5183e2c.js,file,ARCHIVE_CANDIDATE,docs/archive/references/beraito-exact-frontend-v5/product/assets/js/abfa1b4957f2a5183e2c.js,,TRUE,D
docs/references/beraito-exact-frontend-v5/** assets,docs/references/beraito-exact-frontend-v5/product/assets/js/ad102c07e67f5b6d3365.js,file,ARCHIVE_CANDIDATE,docs/archive/references/beraito-exact-frontend-v5/product/assets/js/ad102c07e67f5b6d3365.js,,TRUE,D
docs/references/beraito-exact-frontend-v5/** assets,docs/references/beraito-exact-frontend-v5/product/assets/js/ae6758c1448fa372f356.js,file,ARCHIVE_CANDIDATE,docs/archive/references/beraito-exact-frontend-v5/product/assets/js/ae6758c1448fa372f356.js,,TRUE,D
docs/references/beraito-exact-frontend-v5/** assets,docs/references/beraito-exact-frontend-v5/product/assets/js/b4bd090edf30b0354278.js,file,ARCHIVE_CANDIDATE,docs/archive/references/beraito-exact-frontend-v5/product/assets/js/b4bd090edf30b0354278.js,,TRUE,D
docs/references/beraito-exact-frontend-v5/** assets,docs/references/beraito-exact-frontend-v5/product/assets/js/bbe7c2b0f6f786b87195.js,file,ARCHIVE_CANDIDATE,docs/archive/references/beraito-exact-frontend-v5/product/assets/js/bbe7c2b0f6f786b87195.js,,TRUE,D
docs/references/beraito-exact-frontend-v5/** assets,docs/references/beraito-exact-frontend-v5/product/assets/js/cebf96d8346d9fb2177a.js,file,ARCHIVE_CANDIDATE,docs/archive/references/beraito-exact-frontend-v5/product/assets/js/cebf96d8346d9fb2177a.js,,TRUE,D
docs/references/beraito-exact-frontend-v5/** assets,docs/references/beraito-exact-frontend-v5/product/assets/js/d5434afa261a17c6f00b.js,file,ARCHIVE_CANDIDATE,docs/archive/references/beraito-exact-frontend-v5/product/assets/js/d5434afa261a17c6f00b.js,,TRUE,D
docs/references/beraito-exact-frontend-v5/** assets,docs/references/beraito-exact-frontend-v5/product/assets/js/d5e81e47779a0416180d.js,file,ARCHIVE_CANDIDATE,docs/archive/references/beraito-exact-frontend-v5/product/assets/js/d5e81e47779a0416180d.js,,TRUE,D
docs/references/beraito-exact-frontend-v5/** assets,docs/references/beraito-exact-frontend-v5/product/assets/js/dae9379da46018ae98b2.js,file,ARCHIVE_CANDIDATE,docs/archive/references/beraito-exact-frontend-v5/product/assets/js/dae9379da46018ae98b2.js,,TRUE,D
docs/references/beraito-exact-frontend-v5/** assets,docs/references/beraito-exact-frontend-v5/product/assets/js/dcc8c130cd4d961a8dcc.js,file,ARCHIVE_CANDIDATE,docs/archive/references/beraito-exact-frontend-v5/product/assets/js/dcc8c130cd4d961a8dcc.js,,TRUE,D
docs/references/beraito-exact-frontend-v5/** assets,docs/references/beraito-exact-frontend-v5/product/assets/js/e1394e6750ff0a614a41.js,file,ARCHIVE_CANDIDATE,docs/archive/references/beraito-exact-frontend-v5/product/assets/js/e1394e6750ff0a614a41.js,,TRUE,D
docs/references/beraito-exact-frontend-v5/** assets,docs/references/beraito-exact-frontend-v5/product/assets/js/e6b6cfb194b57c2e4173.js,file,ARCHIVE_CANDIDATE,docs/archive/references/beraito-exact-frontend-v5/product/assets/js/e6b6cfb194b57c2e4173.js,,TRUE,D
docs/references/beraito-exact-frontend-v5/** assets,docs/references/beraito-exact-frontend-v5/product/assets/js/e833a58cf6c39cf311d8.js,file,ARCHIVE_CANDIDATE,docs/archive/references/beraito-exact-frontend-v5/product/assets/js/e833a58cf6c39cf311d8.js,,TRUE,D
docs/references/beraito-exact-frontend-v5/** assets,docs/references/beraito-exact-frontend-v5/product/assets/js/ecc9972a53a653deeeb1.js,file,ARCHIVE_CANDIDATE,docs/archive/references/beraito-exact-frontend-v5/product/assets/js/ecc9972a53a653deeeb1.js,,TRUE,D
docs/references/beraito-exact-frontend-v5/** assets,docs/references/beraito-exact-frontend-v5/product/assets/js/f5fb7e90a92b4fab13d4.js,file,ARCHIVE_CANDIDATE,docs/archive/references/beraito-exact-frontend-v5/product/assets/js/f5fb7e90a92b4fab13d4.js,,TRUE,D
docs/references/beraito-exact-frontend-v5/** assets,docs/references/beraito-exact-frontend-v5/product/assets/js/f75f2a1f63e14d7230f5.js,file,ARCHIVE_CANDIDATE,docs/archive/references/beraito-exact-frontend-v5/product/assets/js/f75f2a1f63e14d7230f5.js,,TRUE,D
docs/references/beraito-exact-frontend-v5/** assets,docs/references/beraito-exact-frontend-v5/product/assets/js/f9163bcf9e95a8b10324.js,file,ARCHIVE_CANDIDATE,docs/archive/references/beraito-exact-frontend-v5/product/assets/js/f9163bcf9e95a8b10324.js,,TRUE,D
docs/references/beraito-exact-frontend-v5/** assets,docs/references/beraito-exact-frontend-v5/product/assets/js/fc225d440c1785e539e3.js,file,ARCHIVE_CANDIDATE,docs/archive/references/beraito-exact-frontend-v5/product/assets/js/fc225d440c1785e539e3.js,,TRUE,D
docs/references/beraito-exact-frontend-v5/** assets,docs/references/beraito-exact-frontend-v5/product/assets/js/fe883d36920449a6e4d4.js,file,ARCHIVE_CANDIDATE,docs/archive/references/beraito-exact-frontend-v5/product/assets/js/fe883d36920449a6e4d4.js,,TRUE,D
docs/references/beraito-exact-frontend-v5/** assets,docs/references/beraito-exact-frontend-v5/product/assets/js/ffd69005cdecfe03e512.js,file,ARCHIVE_CANDIDATE,docs/archive/references/beraito-exact-frontend-v5/product/assets/js/ffd69005cdecfe03e512.js,,TRUE,D
docs/references/beraito-exact-frontend-v5/** assets,docs/references/beraito-exact-frontend-v5/product/assets/other/0300bdf54d8a4cd42136.html,file,ARCHIVE_CANDIDATE,docs/archive/references/beraito-exact-frontend-v5/product/assets/other/0300bdf54d8a4cd42136.html,,TRUE,D
docs/references/beraito-exact-frontend-v5/** assets,docs/references/beraito-exact-frontend-v5/product/assets/other/078a24aa154906dddbd8.bin,file,ARCHIVE_CANDIDATE,docs/archive/references/beraito-exact-frontend-v5/product/assets/other/078a24aa154906dddbd8.bin,,TRUE,D
docs/references/beraito-exact-frontend-v5/** assets,docs/references/beraito-exact-frontend-v5/product/assets/other/2c1eac589d5844d19205.html,file,ARCHIVE_CANDIDATE,docs/archive/references/beraito-exact-frontend-v5/product/assets/other/2c1eac589d5844d19205.html,,TRUE,D
docs/references/beraito-exact-frontend-v5/** assets,docs/references/beraito-exact-frontend-v5/product/assets/other/534e038855ff5b8857a0.html,file,ARCHIVE_CANDIDATE,docs/archive/references/beraito-exact-frontend-v5/product/assets/other/534e038855ff5b8857a0.html,,TRUE,D
docs/references/beraito-exact-frontend-v5/** assets,docs/references/beraito-exact-frontend-v5/product/assets/other/962a88c8cda19986854f.html,file,ARCHIVE_CANDIDATE,docs/archive/references/beraito-exact-frontend-v5/product/assets/other/962a88c8cda19986854f.html,,TRUE,D
docs/references/beraito-exact-frontend-v5/** assets,docs/references/beraito-exact-frontend-v5/product/index.html,file,ARCHIVE_CANDIDATE,docs/archive/references/beraito-exact-frontend-v5/product/index.html,,TRUE,D
docs/references/beraito-exact-frontend-v5/** assets,docs/references/beraito-exact-frontend-v5/product/offline-patch.js,file,ARCHIVE_CANDIDATE,docs/archive/references/beraito-exact-frontend-v5/product/offline-patch.js,,TRUE,D
docs/references/beraito-exact-frontend-v5/** assets,docs/references/beraito-exact-frontend-v5/run-local.ps1,file,ARCHIVE_CANDIDATE,docs/archive/references/beraito-exact-frontend-v5/run-local.ps1,,TRUE,D
docs/template-references/** assets,docs/template-references/lightweight-package-reference/RastiSi_Lightweight_Five_Template_Spec/CLAUDE_CODE_MASTER_PROMPT_LIGHTWEIGHT.md,file,ARCHIVE_CANDIDATE,docs/archive/template-references/lightweight-package-reference/RastiSi_Lightweight_Five_Template_Spec/CLAUDE_CODE_MASTER_PROMPT_LIGHTWEIGHT.md,,TRUE,D
docs/template-references/** assets,docs/template-references/lightweight-package-reference/RastiSi_Lightweight_Five_Template_Spec/IMPLEMENTATION_SPEC_FA.md,file,ARCHIVE_CANDIDATE,docs/archive/template-references/lightweight-package-reference/RastiSi_Lightweight_Five_Template_Spec/IMPLEMENTATION_SPEC_FA.md,,TRUE,D
docs/template-references/** assets,docs/template-references/lightweight-package-reference/RastiSi_Lightweight_Five_Template_Spec/README_FIRST_FA.md,file,ARCHIVE_CANDIDATE,docs/archive/template-references/lightweight-package-reference/RastiSi_Lightweight_Five_Template_Spec/README_FIRST_FA.md,,TRUE,D
docs/template-references/** assets,docs/template-references/lightweight-package-reference/RastiSi_Lightweight_Five_Template_Spec/app.js,file,ARCHIVE_CANDIDATE,docs/archive/template-references/lightweight-package-reference/RastiSi_Lightweight_Five_Template_Spec/app.js,,TRUE,D
docs/template-references/** assets,docs/template-references/lightweight-package-reference/RastiSi_Lightweight_Five_Template_Spec/index.html,file,ARCHIVE_CANDIDATE,docs/archive/template-references/lightweight-package-reference/RastiSi_Lightweight_Five_Template_Spec/index.html,,TRUE,D
docs/template-references/** assets,docs/template-references/lightweight-package-reference/RastiSi_Lightweight_Five_Template_Spec/pages/beraito-home.html,file,ARCHIVE_CANDIDATE,docs/archive/template-references/lightweight-package-reference/RastiSi_Lightweight_Five_Template_Spec/pages/beraito-home.html,,TRUE,D
docs/template-references/** assets,docs/template-references/lightweight-package-reference/RastiSi_Lightweight_Five_Template_Spec/pages/beraito-product.html,file,ARCHIVE_CANDIDATE,docs/archive/template-references/lightweight-package-reference/RastiSi_Lightweight_Five_Template_Spec/pages/beraito-product.html,,TRUE,D
docs/template-references/** assets,docs/template-references/lightweight-package-reference/RastiSi_Lightweight_Five_Template_Spec/pages/cactus-home.html,file,ARCHIVE_CANDIDATE,docs/archive/template-references/lightweight-package-reference/RastiSi_Lightweight_Five_Template_Spec/pages/cactus-home.html,,TRUE,D
docs/template-references/** assets,docs/template-references/lightweight-package-reference/RastiSi_Lightweight_Five_Template_Spec/pages/cactus-product.html,file,ARCHIVE_CANDIDATE,docs/archive/template-references/lightweight-package-reference/RastiSi_Lightweight_Five_Template_Spec/pages/cactus-product.html,,TRUE,D
docs/template-references/** assets,docs/template-references/lightweight-package-reference/RastiSi_Lightweight_Five_Template_Spec/pages/deeyar-home.html,file,ARCHIVE_CANDIDATE,docs/archive/template-references/lightweight-package-reference/RastiSi_Lightweight_Five_Template_Spec/pages/deeyar-home.html,,TRUE,D
docs/template-references/** assets,docs/template-references/lightweight-package-reference/RastiSi_Lightweight_Five_Template_Spec/pages/deeyar-product.html,file,ARCHIVE_CANDIDATE,docs/archive/template-references/lightweight-package-reference/RastiSi_Lightweight_Five_Template_Spec/pages/deeyar-product.html,,TRUE,D
docs/template-references/** assets,docs/template-references/lightweight-package-reference/RastiSi_Lightweight_Five_Template_Spec/pages/ibolak-home.html,file,ARCHIVE_CANDIDATE,docs/archive/template-references/lightweight-package-reference/RastiSi_Lightweight_Five_Template_Spec/pages/ibolak-home.html,,TRUE,D
docs/template-references/** assets,docs/template-references/lightweight-package-reference/RastiSi_Lightweight_Five_Template_Spec/pages/ibolak-product.html,file,ARCHIVE_CANDIDATE,docs/archive/template-references/lightweight-package-reference/RastiSi_Lightweight_Five_Template_Spec/pages/ibolak-product.html,,TRUE,D
docs/template-references/** assets,docs/template-references/lightweight-package-reference/RastiSi_Lightweight_Five_Template_Spec/pages/ikalajam-home.html,file,ARCHIVE_CANDIDATE,docs/archive/template-references/lightweight-package-reference/RastiSi_Lightweight_Five_Template_Spec/pages/ikalajam-home.html,,TRUE,D
docs/template-references/** assets,docs/template-references/lightweight-package-reference/RastiSi_Lightweight_Five_Template_Spec/pages/ikalajam-product.html,file,ARCHIVE_CANDIDATE,docs/archive/template-references/lightweight-package-reference/RastiSi_Lightweight_Five_Template_Spec/pages/ikalajam-product.html,,TRUE,D
docs/template-references/** assets,docs/template-references/lightweight-package-reference/RastiSi_Lightweight_Five_Template_Spec/shared.css,file,ARCHIVE_CANDIDATE,docs/archive/template-references/lightweight-package-reference/RastiSi_Lightweight_Five_Template_Spec/shared.css,,TRUE,D
docs/template-references/** assets,docs/template-references/live-audit/00_REPOSITORY_BASELINE.md,file,ARCHIVE_CANDIDATE,docs/archive/template-references/live-audit/00_REPOSITORY_BASELINE.md,,TRUE,D
docs/template-references/** assets,docs/template-references/live-audit/01_REPOSITORY_ARCHITECTURE_AND_GAPS.md,file,KEEP_HISTORICAL_REFERENCE,,RETAINED_KEEP,FALSE,
docs/template-references/** assets,docs/template-references/live-audit/02_BERAITO_VIBRANT_CATALOG_AUDIT.md,file,ARCHIVE_CANDIDATE,docs/archive/template-references/live-audit/02_BERAITO_VIBRANT_CATALOG_AUDIT.md,,TRUE,D
docs/template-references/** assets,docs/template-references/live-audit/03_CACTUS_HERITAGE_PREMIUM_AUDIT.md,file,ARCHIVE_CANDIDATE,docs/archive/template-references/live-audit/03_CACTUS_HERITAGE_PREMIUM_AUDIT.md,,TRUE,D
docs/template-references/** assets,docs/template-references/live-audit/04_DEEYAR_ARTISAN_EDITORIAL_AUDIT.md,file,ARCHIVE_CANDIDATE,docs/archive/template-references/live-audit/04_DEEYAR_ARTISAN_EDITORIAL_AUDIT.md,,TRUE,D
docs/template-references/** assets,docs/template-references/live-audit/05_IBOLAK_MODERN_FASHION_AUDIT.md,file,ARCHIVE_CANDIDATE,docs/archive/template-references/live-audit/05_IBOLAK_MODERN_FASHION_AUDIT.md,,TRUE,D
docs/template-references/** assets,docs/template-references/live-audit/06_IKALAJAM_NORDIC_LIVING_AUDIT.md,file,ARCHIVE_CANDIDATE,docs/archive/template-references/live-audit/06_IKALAJAM_NORDIC_LIVING_AUDIT.md,,TRUE,D
docs/template-references/** assets,docs/template-references/live-audit/07_CROSS_REFERENCE_MATRIX.md,file,ARCHIVE_CANDIDATE,docs/archive/template-references/live-audit/07_CROSS_REFERENCE_MATRIX.md,,TRUE,D
docs/template-references/** assets,docs/template-references/live-audit/08_TARGET_ARCHITECTURE_AND_FILE_PLAN.md,file,ARCHIVE_CANDIDATE,docs/archive/template-references/live-audit/08_TARGET_ARCHITECTURE_AND_FILE_PLAN.md,,TRUE,D
docs/template-references/** assets,docs/template-references/live-audit/09_QUESTIONS_FOR_OWNER_FA.md,file,ARCHIVE_CANDIDATE,docs/archive/template-references/live-audit/09_QUESTIONS_FOR_OWNER_FA.md,,TRUE,D
docs/template-references/** assets,docs/template-references/live-audit/10_OWNER_DECISION_LOG.md,file,ARCHIVE_CANDIDATE,docs/archive/template-references/live-audit/10_OWNER_DECISION_LOG.md,,TRUE,D
docs/template-references/** assets,docs/template-references/live-audit/11_REFERENCE_FIDELITY_GAP_ANALYSIS.md,file,ARCHIVE_CANDIDATE,docs/archive/template-references/live-audit/11_REFERENCE_FIDELITY_GAP_ANALYSIS.md,,TRUE,D
docs/prototypes/** assets,docs/prototypes/README.md,file,KEEP_HISTORICAL_REFERENCE,,RETAINED_KEEP,FALSE,
docs/prototypes/** assets,docs/prototypes/RastiSi_Admin_V2.2_Master_Prototype.html,file,ARCHIVE_CANDIDATE,docs/archive/prototypes/RastiSi_Admin_V2.2_Master_Prototype.html,,TRUE,D
docs/prototypes/** assets,docs/prototypes/storefront-builder-v2/rastisi_builder_v2_prototype.html,file,KEEP_HISTORICAL_REFERENCE,,RETAINED_KEEP,FALSE,
docs/docs/product/Final Result At Last/** (novinshop+rastisi-site html/js/css),docs/docs/product/Final Result At Last/Rastisi_Product_and_Technical_Blueprint_Volume_1.md,file,ARCHIVE_CANDIDATE,docs/archive/docs/product/Final Result At Last/Rastisi_Product_and_Technical_Blueprint_Volume_1.md,,TRUE,D
docs/docs/product/Final Result At Last/** (novinshop+rastisi-site html/js/css),docs/docs/product/Final Result At Last/novinshop-video-rich-products/README-X22.txt,file,ARCHIVE_CANDIDATE,docs/archive/docs/product/Final Result At Last/novinshop-video-rich-products/README-X22.txt,,TRUE,D
docs/docs/product/Final Result At Last/** (novinshop+rastisi-site html/js/css),docs/docs/product/Final Result At Last/novinshop-video-rich-products/README-X23.txt,file,ARCHIVE_CANDIDATE,docs/archive/docs/product/Final Result At Last/novinshop-video-rich-products/README-X23.txt,,TRUE,D
docs/docs/product/Final Result At Last/** (novinshop+rastisi-site html/js/css),docs/docs/product/Final Result At Last/novinshop-video-rich-products/README-X24.txt,file,ARCHIVE_CANDIDATE,docs/archive/docs/product/Final Result At Last/novinshop-video-rich-products/README-X24.txt,,TRUE,D
docs/docs/product/Final Result At Last/** (novinshop+rastisi-site html/js/css),docs/docs/product/Final Result At Last/novinshop-video-rich-products/README-X25.txt,file,ARCHIVE_CANDIDATE,docs/archive/docs/product/Final Result At Last/novinshop-video-rich-products/README-X25.txt,,TRUE,D
docs/docs/product/Final Result At Last/** (novinshop+rastisi-site html/js/css),docs/docs/product/Final Result At Last/novinshop-video-rich-products/appearance-settings.html,file,ARCHIVE_CANDIDATE,docs/archive/docs/product/Final Result At Last/novinshop-video-rich-products/appearance-settings.html,,TRUE,D
docs/docs/product/Final Result At Last/** (novinshop+rastisi-site html/js/css),docs/docs/product/Final Result At Last/novinshop-video-rich-products/assets/app.js,file,ARCHIVE_CANDIDATE,docs/archive/docs/product/Final Result At Last/novinshop-video-rich-products/assets/app.js,,TRUE,D
docs/docs/product/Final Result At Last/** (novinshop+rastisi-site html/js/css),docs/docs/product/Final Result At Last/novinshop-video-rich-products/assets/product-rich-content.js,file,ARCHIVE_CANDIDATE,docs/archive/docs/product/Final Result At Last/novinshop-video-rich-products/assets/product-rich-content.js,,TRUE,D
docs/docs/product/Final Result At Last/** (novinshop+rastisi-site html/js/css),docs/docs/product/Final Result At Last/novinshop-video-rich-products/assets/store-config.js,file,ARCHIVE_CANDIDATE,docs/archive/docs/product/Final Result At Last/novinshop-video-rich-products/assets/store-config.js,,TRUE,D
docs/docs/product/Final Result At Last/** (novinshop+rastisi-site html/js/css),docs/docs/product/Final Result At Last/novinshop-video-rich-products/assets/storefront.css,file,ARCHIVE_CANDIDATE,docs/archive/docs/product/Final Result At Last/novinshop-video-rich-products/assets/storefront.css,,TRUE,D
docs/docs/product/Final Result At Last/** (novinshop+rastisi-site html/js/css),docs/docs/product/Final Result At Last/novinshop-video-rich-products/assets/storefront.js,file,ARCHIVE_CANDIDATE,docs/archive/docs/product/Final Result At Last/novinshop-video-rich-products/assets/storefront.js,,TRUE,D
docs/docs/product/Final Result At Last/** (novinshop+rastisi-site html/js/css),docs/docs/product/Final Result At Last/novinshop-video-rich-products/assets/styles.css,file,ARCHIVE_CANDIDATE,docs/archive/docs/product/Final Result At Last/novinshop-video-rich-products/assets/styles.css,,TRUE,D
docs/docs/product/Final Result At Last/** (novinshop+rastisi-site html/js/css),docs/docs/product/Final Result At Last/novinshop-video-rich-products/assets/x25-catalog.js,file,ARCHIVE_CANDIDATE,docs/archive/docs/product/Final Result At Last/novinshop-video-rich-products/assets/x25-catalog.js,,TRUE,D
docs/docs/product/Final Result At Last/** (novinshop+rastisi-site html/js/css),docs/docs/product/Final Result At Last/novinshop-video-rich-products/assets/x25-product-variants.js,file,ARCHIVE_CANDIDATE,docs/archive/docs/product/Final Result At Last/novinshop-video-rich-products/assets/x25-product-variants.js,,TRUE,D
docs/docs/product/Final Result At Last/** (novinshop+rastisi-site html/js/css),docs/docs/product/Final Result At Last/novinshop-video-rich-products/brands.html,file,ARCHIVE_CANDIDATE,docs/archive/docs/product/Final Result At Last/novinshop-video-rich-products/brands.html,,TRUE,D
docs/docs/product/Final Result At Last/** (novinshop+rastisi-site html/js/css),docs/docs/product/Final Result At Last/novinshop-video-rich-products/business-info.html,file,ARCHIVE_CANDIDATE,docs/archive/docs/product/Final Result At Last/novinshop-video-rich-products/business-info.html,,TRUE,D
docs/docs/product/Final Result At Last/** (novinshop+rastisi-site html/js/css),docs/docs/product/Final Result At Last/novinshop-video-rich-products/cashback-settings.html,file,ARCHIVE_CANDIDATE,docs/archive/docs/product/Final Result At Last/novinshop-video-rich-products/cashback-settings.html,,TRUE,D
docs/docs/product/Final Result At Last/** (novinshop+rastisi-site html/js/css),docs/docs/product/Final Result At Last/novinshop-video-rich-products/categories.html,file,ARCHIVE_CANDIDATE,docs/archive/docs/product/Final Result At Last/novinshop-video-rich-products/categories.html,,TRUE,D
docs/docs/product/Final Result At Last/** (novinshop+rastisi-site html/js/css),docs/docs/product/Final Result At Last/novinshop-video-rich-products/coupons.html,file,ARCHIVE_CANDIDATE,docs/archive/docs/product/Final Result At Last/novinshop-video-rich-products/coupons.html,,TRUE,D
docs/docs/product/Final Result At Last/** (novinshop+rastisi-site html/js/css),docs/docs/product/Final Result At Last/novinshop-video-rich-products/customer-report.html,file,ARCHIVE_CANDIDATE,docs/archive/docs/product/Final Result At Last/novinshop-video-rich-products/customer-report.html,,TRUE,D
docs/docs/product/Final Result At Last/** (novinshop+rastisi-site html/js/css),docs/docs/product/Final Result At Last/novinshop-video-rich-products/customers.html,file,ARCHIVE_CANDIDATE,docs/archive/docs/product/Final Result At Last/novinshop-video-rich-products/customers.html,,TRUE,D
docs/docs/product/Final Result At Last/** (novinshop+rastisi-site html/js/css),docs/docs/product/Final Result At Last/novinshop-video-rich-products/draft-orders.html,file,ARCHIVE_CANDIDATE,docs/archive/docs/product/Final Result At Last/novinshop-video-rich-products/draft-orders.html,,TRUE,D
docs/docs/product/Final Result At Last/** (novinshop+rastisi-site html/js/css),docs/docs/product/Final Result At Last/novinshop-video-rich-products/general-configs.html,file,ARCHIVE_CANDIDATE,docs/archive/docs/product/Final Result At Last/novinshop-video-rich-products/general-configs.html,,TRUE,D
docs/docs/product/Final Result At Last/** (novinshop+rastisi-site html/js/css),docs/docs/product/Final Result At Last/novinshop-video-rich-products/guide.html,file,ARCHIVE_CANDIDATE,docs/archive/docs/product/Final Result At Last/novinshop-video-rich-products/guide.html,,TRUE,D
docs/docs/product/Final Result At Last/** (novinshop+rastisi-site html/js/css),docs/docs/product/Final Result At Last/novinshop-video-rich-products/home-page-content.html,file,ARCHIVE_CANDIDATE,docs/archive/docs/product/Final Result At Last/novinshop-video-rich-products/home-page-content.html,,TRUE,D
docs/docs/product/Final Result At Last/** (novinshop+rastisi-site html/js/css),docs/docs/product/Final Result At Last/novinshop-video-rich-products/import-products.html,file,ARCHIVE_CANDIDATE,docs/archive/docs/product/Final Result At Last/novinshop-video-rich-products/import-products.html,,TRUE,D
docs/docs/product/Final Result At Last/** (novinshop+rastisi-site html/js/css),docs/docs/product/Final Result At Last/novinshop-video-rich-products/index.html,file,ARCHIVE_CANDIDATE,docs/archive/docs/product/Final Result At Last/novinshop-video-rich-products/index.html,,TRUE,D
docs/docs/product/Final Result At Last/** (novinshop+rastisi-site html/js/css),docs/docs/product/Final Result At Last/novinshop-video-rich-products/industry-setup.html,file,ARCHIVE_CANDIDATE,docs/archive/docs/product/Final Result At Last/novinshop-video-rich-products/industry-setup.html,,TRUE,D
docs/docs/product/Final Result At Last/** (novinshop+rastisi-site html/js/css),docs/docs/product/Final Result At Last/novinshop-video-rich-products/instagram.html,file,ARCHIVE_CANDIDATE,docs/archive/docs/product/Final Result At Last/novinshop-video-rich-products/instagram.html,,TRUE,D
docs/docs/product/Final Result At Last/** (novinshop+rastisi-site html/js/css),docs/docs/product/Final Result At Last/novinshop-video-rich-products/invite-friends.html,file,ARCHIVE_CANDIDATE,docs/archive/docs/product/Final Result At Last/novinshop-video-rich-products/invite-friends.html,,TRUE,D
docs/docs/product/Final Result At Last/** (novinshop+rastisi-site html/js/css),docs/docs/product/Final Result At Last/novinshop-video-rich-products/invoices.html,file,ARCHIVE_CANDIDATE,docs/archive/docs/product/Final Result At Last/novinshop-video-rich-products/invoices.html,,TRUE,D
docs/docs/product/Final Result At Last/** (novinshop+rastisi-site html/js/css),docs/docs/product/Final Result At Last/novinshop-video-rich-products/login.html,file,ARCHIVE_CANDIDATE,docs/archive/docs/product/Final Result At Last/novinshop-video-rich-products/login.html,,TRUE,D
docs/docs/product/Final Result At Last/** (novinshop+rastisi-site html/js/css),docs/docs/product/Final Result At Last/novinshop-video-rich-products/logs.html,file,ARCHIVE_CANDIDATE,docs/archive/docs/product/Final Result At Last/novinshop-video-rich-products/logs.html,,TRUE,D
docs/docs/product/Final Result At Last/** (novinshop+rastisi-site html/js/css),docs/docs/product/Final Result At Last/novinshop-video-rich-products/marketing.html,file,ARCHIVE_CANDIDATE,docs/archive/docs/product/Final Result At Last/novinshop-video-rich-products/marketing.html,,TRUE,D
docs/docs/product/Final Result At Last/** (novinshop+rastisi-site html/js/css),docs/docs/product/Final Result At Last/novinshop-video-rich-products/order-new.html,file,ARCHIVE_CANDIDATE,docs/archive/docs/product/Final Result At Last/novinshop-video-rich-products/order-new.html,,TRUE,D
docs/docs/product/Final Result At Last/** (novinshop+rastisi-site html/js/css),docs/docs/product/Final Result At Last/novinshop-video-rich-products/order-report.html,file,ARCHIVE_CANDIDATE,docs/archive/docs/product/Final Result At Last/novinshop-video-rich-products/order-report.html,,TRUE,D
docs/docs/product/Final Result At Last/** (novinshop+rastisi-site html/js/css),docs/docs/product/Final Result At Last/novinshop-video-rich-products/order-settings.html,file,ARCHIVE_CANDIDATE,docs/archive/docs/product/Final Result At Last/novinshop-video-rich-products/order-settings.html,,TRUE,D
docs/docs/product/Final Result At Last/** (novinshop+rastisi-site html/js/css),docs/docs/product/Final Result At Last/novinshop-video-rich-products/orders.html,file,ARCHIVE_CANDIDATE,docs/archive/docs/product/Final Result At Last/novinshop-video-rich-products/orders.html,,TRUE,D
docs/docs/product/Final Result At Last/** (novinshop+rastisi-site html/js/css),docs/docs/product/Final Result At Last/novinshop-video-rich-products/page-comments.html,file,ARCHIVE_CANDIDATE,docs/archive/docs/product/Final Result At Last/novinshop-video-rich-products/page-comments.html,,TRUE,D
docs/docs/product/Final Result At Last/** (novinshop+rastisi-site html/js/css),docs/docs/product/Final Result At Last/novinshop-video-rich-products/pages.html,file,ARCHIVE_CANDIDATE,docs/archive/docs/product/Final Result At Last/novinshop-video-rich-products/pages.html,,TRUE,D
docs/docs/product/Final Result At Last/** (novinshop+rastisi-site html/js/css),docs/docs/product/Final Result At Last/novinshop-video-rich-products/payment-settings.html,file,ARCHIVE_CANDIDATE,docs/archive/docs/product/Final Result At Last/novinshop-video-rich-products/payment-settings.html,,TRUE,D
docs/docs/product/Final Result At Last/** (novinshop+rastisi-site html/js/css),docs/docs/product/Final Result At Last/novinshop-video-rich-products/payments.html,file,ARCHIVE_CANDIDATE,docs/archive/docs/product/Final Result At Last/novinshop-video-rich-products/payments.html,,TRUE,D
docs/docs/product/Final Result At Last/** (novinshop+rastisi-site html/js/css),docs/docs/product/Final Result At Last/novinshop-video-rich-products/product-comments.html,file,ARCHIVE_CANDIDATE,docs/archive/docs/product/Final Result At Last/novinshop-video-rich-products/product-comments.html,,TRUE,D
docs/docs/product/Final Result At Last/** (novinshop+rastisi-site html/js/css),docs/docs/product/Final Result At Last/novinshop-video-rich-products/product-create.html,file,ARCHIVE_CANDIDATE,docs/archive/docs/product/Final Result At Last/novinshop-video-rich-products/product-create.html,,TRUE,D
docs/docs/product/Final Result At Last/** (novinshop+rastisi-site html/js/css),docs/docs/product/Final Result At Last/novinshop-video-rich-products/product-edit.html,file,ARCHIVE_CANDIDATE,docs/archive/docs/product/Final Result At Last/novinshop-video-rich-products/product-edit.html,,TRUE,D
docs/docs/product/Final Result At Last/** (novinshop+rastisi-site html/js/css),docs/docs/product/Final Result At Last/novinshop-video-rich-products/product-report.html,file,ARCHIVE_CANDIDATE,docs/archive/docs/product/Final Result At Last/novinshop-video-rich-products/product-report.html,,TRUE,D
docs/docs/product/Final Result At Last/** (novinshop+rastisi-site html/js/css),docs/docs/product/Final Result At Last/novinshop-video-rich-products/products.html,file,ARCHIVE_CANDIDATE,docs/archive/docs/product/Final Result At Last/novinshop-video-rich-products/products.html,,TRUE,D
docs/docs/product/Final Result At Last/** (novinshop+rastisi-site html/js/css),docs/docs/product/Final Result At Last/novinshop-video-rich-products/shipping-settings.html,file,ARCHIVE_CANDIDATE,docs/archive/docs/product/Final Result At Last/novinshop-video-rich-products/shipping-settings.html,,TRUE,D
docs/docs/product/Final Result At Last/** (novinshop+rastisi-site html/js/css),docs/docs/product/Final Result At Last/novinshop-video-rich-products/sms-custom.html,file,ARCHIVE_CANDIDATE,docs/archive/docs/product/Final Result At Last/novinshop-video-rich-products/sms-custom.html,,TRUE,D
docs/docs/product/Final Result At Last/** (novinshop+rastisi-site html/js/css),docs/docs/product/Final Result At Last/novinshop-video-rich-products/sms-gateway-settings.html,file,ARCHIVE_CANDIDATE,docs/archive/docs/product/Final Result At Last/novinshop-video-rich-products/sms-gateway-settings.html,,TRUE,D
docs/docs/product/Final Result At Last/** (novinshop+rastisi-site html/js/css),docs/docs/product/Final Result At Last/novinshop-video-rich-products/sms-list.html,file,ARCHIVE_CANDIDATE,docs/archive/docs/product/Final Result At Last/novinshop-video-rich-products/sms-list.html,,TRUE,D
docs/docs/product/Final Result At Last/** (novinshop+rastisi-site html/js/css),docs/docs/product/Final Result At Last/novinshop-video-rich-products/sms-report.html,file,ARCHIVE_CANDIDATE,docs/archive/docs/product/Final Result At Last/novinshop-video-rich-products/sms-report.html,,TRUE,D
docs/docs/product/Final Result At Last/** (novinshop+rastisi-site html/js/css),docs/docs/product/Final Result At Last/novinshop-video-rich-products/store-editor.html,file,ARCHIVE_CANDIDATE,docs/archive/docs/product/Final Result At Last/novinshop-video-rich-products/store-editor.html,,TRUE,D
docs/docs/product/Final Result At Last/** (novinshop+rastisi-site html/js/css),docs/docs/product/Final Result At Last/novinshop-video-rich-products/storefront-brands.html,file,ARCHIVE_CANDIDATE,docs/archive/docs/product/Final Result At Last/novinshop-video-rich-products/storefront-brands.html,,TRUE,D
docs/docs/product/Final Result At Last/** (novinshop+rastisi-site html/js/css),docs/docs/product/Final Result At Last/novinshop-video-rich-products/storefront.html,file,ARCHIVE_CANDIDATE,docs/archive/docs/product/Final Result At Last/novinshop-video-rich-products/storefront.html,,TRUE,D
docs/docs/product/Final Result At Last/** (novinshop+rastisi-site html/js/css),docs/docs/product/Final Result At Last/novinshop-video-rich-products/subscription.html,file,ARCHIVE_CANDIDATE,docs/archive/docs/product/Final Result At Last/novinshop-video-rich-products/subscription.html,,TRUE,D
docs/docs/product/Final Result At Last/** (novinshop+rastisi-site html/js/css),docs/docs/product/Final Result At Last/novinshop-video-rich-products/ticketing.html,file,ARCHIVE_CANDIDATE,docs/archive/docs/product/Final Result At Last/novinshop-video-rich-products/ticketing.html,,TRUE,D
docs/docs/product/Final Result At Last/** (novinshop+rastisi-site html/js/css),docs/docs/product/Final Result At Last/novinshop-video-rich-products/wallet-transactions.html,file,ARCHIVE_CANDIDATE,docs/archive/docs/product/Final Result At Last/novinshop-video-rich-products/wallet-transactions.html,,TRUE,D
docs/docs/product/Final Result At Last/** (novinshop+rastisi-site html/js/css),docs/docs/product/Final Result At Last/rastisi-site/about.html,file,ARCHIVE_CANDIDATE,docs/archive/docs/product/Final Result At Last/rastisi-site/about.html,,TRUE,D
docs/docs/product/Final Result At Last/** (novinshop+rastisi-site html/js/css),docs/docs/product/Final Result At Last/rastisi-site/assets/app.js,file,ARCHIVE_CANDIDATE,docs/archive/docs/product/Final Result At Last/rastisi-site/assets/app.js,,TRUE,D
docs/docs/product/Final Result At Last/** (novinshop+rastisi-site html/js/css),docs/docs/product/Final Result At Last/rastisi-site/assets/categories.json,file,ARCHIVE_CANDIDATE,docs/archive/docs/product/Final Result At Last/rastisi-site/assets/categories.json,,TRUE,D
docs/docs/product/Final Result At Last/** (novinshop+rastisi-site html/js/css),docs/docs/product/Final Result At Last/rastisi-site/assets/styles.css,file,ARCHIVE_CANDIDATE,docs/archive/docs/product/Final Result At Last/rastisi-site/assets/styles.css,,TRUE,D
docs/docs/product/Final Result At Last/** (novinshop+rastisi-site html/js/css),docs/docs/product/Final Result At Last/rastisi-site/categories.html,file,ARCHIVE_CANDIDATE,docs/archive/docs/product/Final Result At Last/rastisi-site/categories.html,,TRUE,D
docs/docs/product/Final Result At Last/** (novinshop+rastisi-site html/js/css),docs/docs/product/Final Result At Last/rastisi-site/checkout.html,file,ARCHIVE_CANDIDATE,docs/archive/docs/product/Final Result At Last/rastisi-site/checkout.html,,TRUE,D
docs/docs/product/Final Result At Last/** (novinshop+rastisi-site html/js/css),docs/docs/product/Final Result At Last/rastisi-site/contact.html,file,ARCHIVE_CANDIDATE,docs/archive/docs/product/Final Result At Last/rastisi-site/contact.html,,TRUE,D
docs/docs/product/Final Result At Last/** (novinshop+rastisi-site html/js/css),docs/docs/product/Final Result At Last/rastisi-site/dashboard.html,file,ARCHIVE_CANDIDATE,docs/archive/docs/product/Final Result At Last/rastisi-site/dashboard.html,,TRUE,D
docs/docs/product/Final Result At Last/** (novinshop+rastisi-site html/js/css),docs/docs/product/Final Result At Last/rastisi-site/faq.html,file,ARCHIVE_CANDIDATE,docs/archive/docs/product/Final Result At Last/rastisi-site/faq.html,,TRUE,D
docs/docs/product/Final Result At Last/** (novinshop+rastisi-site html/js/css),docs/docs/product/Final Result At Last/rastisi-site/features.html,file,ARCHIVE_CANDIDATE,docs/archive/docs/product/Final Result At Last/rastisi-site/features.html,,TRUE,D
docs/docs/product/Final Result At Last/** (novinshop+rastisi-site html/js/css),docs/docs/product/Final Result At Last/rastisi-site/how-it-works.html,file,ARCHIVE_CANDIDATE,docs/archive/docs/product/Final Result At Last/rastisi-site/how-it-works.html,,TRUE,D
docs/docs/product/Final Result At Last/** (novinshop+rastisi-site html/js/css),docs/docs/product/Final Result At Last/rastisi-site/index.html,file,ARCHIVE_CANDIDATE,docs/archive/docs/product/Final Result At Last/rastisi-site/index.html,,TRUE,D
docs/docs/product/Final Result At Last/** (novinshop+rastisi-site html/js/css),docs/docs/product/Final Result At Last/rastisi-site/login.html,file,ARCHIVE_CANDIDATE,docs/archive/docs/product/Final Result At Last/rastisi-site/login.html,,TRUE,D
docs/docs/product/Final Result At Last/** (novinshop+rastisi-site html/js/css),docs/docs/product/Final Result At Last/rastisi-site/plans.html,file,ARCHIVE_CANDIDATE,docs/archive/docs/product/Final Result At Last/rastisi-site/plans.html,,TRUE,D
docs/docs/product/Final Result At Last/** (novinshop+rastisi-site html/js/css),docs/docs/product/Final Result At Last/rastisi-site/register.html,file,ARCHIVE_CANDIDATE,docs/archive/docs/product/Final Result At Last/rastisi-site/register.html,,TRUE,D
docs/docs/product/Final Result At Last/** (novinshop+rastisi-site html/js/css),docs/docs/product/Final Result At Last/rastisi-site/store-setup.html,file,ARCHIVE_CANDIDATE,docs/archive/docs/product/Final Result At Last/rastisi-site/store-setup.html,,TRUE,D
docs/docs/product/Final Result At Last/** (novinshop+rastisi-site html/js/css),docs/docs/product/Final Result At Last/rastisi-site/store-success.html,file,ARCHIVE_CANDIDATE,docs/archive/docs/product/Final Result At Last/rastisi-site/store-success.html,,TRUE,D
